time,action_str,angle_x_str,angle_y_str,angle_z_str,battery,icon_str,linkquality,sensitivity_str,state,strength,temperature,vibration,voltage
2022-06-01 01:02:36.507327+00:00,None,None,None,None,100.0,mdi:gesture-double-tap,255.0,high,None,19.0,28.0,0.0,3035.0
2022-06-01 02:02:11.277023+00:00,None,None,None,None,100.0,mdi:gesture-double-tap,255.0,high,None,19.0,27.0,0.0,3035.0
2022-06-01 03:06:42.818523+00:00,None,None,None,None,100.0,mdi:gesture-double-tap,255.0,high,None,19.0,28.0,0.0,3035.0
2022-06-01 03:39:58.565018+00:00,vibration,None,None,None,100.0,mdi:gesture-double-tap,255.0,high,None,19.0,28.0,1.0,3035.0
2022-06-01 03:39:58.569069+00:00,vibration,None,None,None,100.0,mdi:gesture-double-tap,255.0,high,vibration,19.0,28.0,1.0,3035.0
2022-06-01 03:39:58.579959+00:00,,None,None,None,100.0,mdi:gesture-double-tap,255.0,high,vibration,19.0,28.0,1.0,3035.0
2022-06-01 03:41:28.579772+00:00,None,None,None,None,100.0,mdi:gesture-double-tap,255.0,high,None,19.0,28.0,0.0,3035.0
2022-06-01 03:43:58.714143+00:00,None,None,None,None,100.0,mdi:gesture-double-tap,255.0,high,None,18.0,28.0,0.0,3035.0
2022-06-01 04:01:39.448342+00:00,None,None,None,None,100.0,mdi:gesture-double-tap,255.0,high,None,18.0,27.0,0.0,3035.0
2022-06-01 04:14:20.873305+00:00,vibration,None,None,None,100.0,mdi:gesture-double-tap,255.0,high,None,18.0,27.0,1.0,3035.0
2022-06-01 04:14:20.876470+00:00,vibration,None,None,None,100.0,mdi:gesture-double-tap,255.0,high,vibration,18.0,27.0,1.0,3035.0
2022-06-01 04:14:20.879570+00:00,,None,None,None,100.0,mdi:gesture-double-tap,255.0,high,vibration,18.0,27.0,1.0,3035.0
2022-06-01 04:15:50.883174+00:00,None,None,None,None,100.0,mdi:gesture-double-tap,255.0,high,None,18.0,27.0,0.0,3035.0
2022-06-01 04:18:21.088907+00:00,None,None,None,None,100.0,mdi:gesture-double-tap,255.0,high,None,15.0,27.0,0.0,3035.0
2022-06-01 06:01:35.210781+00:00,vibration,None,None,None,100.0,mdi:gesture-double-tap,255.0,high,None,15.0,27.0,1.0,3035.0
2022-06-01 06:01:35.215678+00:00,vibration,None,None,None,100.0,mdi:gesture-double-tap,255.0,high,vibration,15.0,27.0,1.0,3035.0
2022-06-01 06:01:35.276200+00:00,,None,None,None,100.0,mdi:gesture-double-tap,255.0,high,vibration,15.0,27.0,1.0,3035.0
2022-06-01 06:03:05.230862+00:00,None,None,None,None,100.0,mdi:gesture-double-tap,255.0,high,None,15.0,27.0,0.0,3035.0
2022-06-01 06:05:35.436800+00:00,None,None,None,None,100.0,mdi:gesture-double-tap,255.0,high,None,5.0,27.0,0.0,3035.0
2022-06-01 08:01:07.560132+00:00,None,None,None,None,100.0,mdi:gesture-double-tap,255.0,high,None,5.0,26.0,0.0,3035.0
2022-06-01 09:03:41.776627+00:00,None,None,None,None,100.0,mdi:gesture-double-tap,255.0,high,None,5.0,27.0,0.0,3035.0
2022-06-01 10:06:58.727050+00:00,None,None,None,None,100.0,mdi:gesture-double-tap,255.0,high,None,5.0,26.0,0.0,3035.0
2022-06-01 12:01:44.797312+00:00,None,None,None,None,100.0,mdi:gesture-double-tap,255.0,high,None,5.0,27.0,0.0,3035.0
2022-06-01 12:58:44.956569+00:00,None,None,None,None,100.0,mdi:gesture-double-tap,255.0,high,None,5.0,26.0,0.0,3035.0
2022-06-01 13:55:07.881902+00:00,vibration,None,None,None,100.0,mdi:gesture-double-tap,255.0,high,None,5.0,26.0,1.0,3035.0
2022-06-01 13:55:07.885105+00:00,vibration,None,None,None,100.0,mdi:gesture-double-tap,255.0,high,vibration,5.0,26.0,1.0,3035.0
2022-06-01 13:55:07.888224+00:00,,None,None,None,100.0,mdi:gesture-double-tap,255.0,high,vibration,5.0,26.0,1.0,3035.0
2022-06-01 13:56:30.753024+00:00,vibration,None,None,None,100.0,mdi:gesture-double-tap,255.0,high,vibration,5.0,26.0,1.0,3035.0
2022-06-01 13:56:30.764346+00:00,,None,None,None,100.0,mdi:gesture-double-tap,255.0,high,vibration,5.0,26.0,1.0,3035.0
2022-06-01 13:57:55.632870+00:00,vibration,None,None,None,100.0,mdi:gesture-double-tap,255.0,high,vibration,5.0,26.0,1.0,3035.0
2022-06-01 13:57:55.640058+00:00,,None,None,None,100.0,mdi:gesture-double-tap,255.0,high,vibration,5.0,26.0,1.0,3035.0
2022-06-01 13:59:04.212829+00:00,None,None,None,None,100.0,mdi:gesture-double-tap,255.0,high,None,60.0,26.0,1.0,3035.0
2022-06-01 13:59:25.636701+00:00,None,None,None,None,100.0,mdi:gesture-double-tap,255.0,high,None,60.0,26.0,0.0,3035.0
2022-06-01 14:59:16.575612+00:00,None,None,None,None,100.0,mdi:gesture-double-tap,255.0,high,None,60.0,27.0,0.0,3035.0
2022-06-01 16:17:53.373435+00:00,vibration,None,None,None,100.0,mdi:gesture-double-tap,255.0,high,None,60.0,27.0,1.0,3035.0
2022-06-01 16:17:53.376286+00:00,vibration,None,None,None,100.0,mdi:gesture-double-tap,255.0,high,vibration,60.0,27.0,1.0,3035.0
2022-06-01 16:17:53.385610+00:00,,None,None,None,100.0,mdi:gesture-double-tap,255.0,high,vibration,60.0,27.0,1.0,3035.0
2022-06-01 16:19:13.011500+00:00,vibration,None,None,None,100.0,mdi:gesture-double-tap,255.0,high,vibration,60.0,27.0,1.0,3035.0
2022-06-01 16:19:13.015080+00:00,,None,None,None,100.0,mdi:gesture-double-tap,255.0,high,vibration,60.0,27.0,1.0,3035.0
2022-06-01 16:20:43.022637+00:00,None,None,None,None,100.0,mdi:gesture-double-tap,255.0,high,None,60.0,27.0,0.0,3035.0
2022-06-01 16:21:51.465832+00:00,None,None,None,None,100.0,mdi:gesture-double-tap,255.0,high,None,22.0,27.0,0.0,3035.0
2022-06-01 16:24:19.571222+00:00,vibration,None,None,None,100.0,mdi:gesture-double-tap,255.0,high,None,22.0,27.0,1.0,3035.0
2022-06-01 16:24:19.574093+00:00,vibration,None,None,None,100.0,mdi:gesture-double-tap,255.0,high,vibration,22.0,27.0,1.0,3035.0
2022-06-01 16:24:19.586246+00:00,,None,None,None,100.0,mdi:gesture-double-tap,255.0,high,vibration,22.0,27.0,1.0,3035.0
2022-06-01 16:25:40.347915+00:00,vibration,None,None,None,100.0,mdi:gesture-double-tap,255.0,high,vibration,22.0,27.0,1.0,3035.0
2022-06-01 16:25:40.350931+00:00,,None,None,None,100.0,mdi:gesture-double-tap,255.0,high,vibration,22.0,27.0,1.0,3035.0
2022-06-01 16:27:10.366072+00:00,None,None,None,None,100.0,mdi:gesture-double-tap,255.0,high,None,22.0,27.0,0.0,3035.0
2022-06-01 16:28:18.759458+00:00,None,None,None,None,100.0,mdi:gesture-double-tap,255.0,high,None,36.0,27.0,0.0,3035.0
2022-06-01 16:48:41.905275+00:00,None,None,None,None,100.0,mdi:gesture-double-tap,255.0,high,None,36.0,26.0,0.0,3035.0
2022-06-01 17:51:04.067985+00:00,None,None,None,None,100.0,mdi:gesture-double-tap,255.0,high,None,36.0,27.0,0.0,3035.0
2022-06-01 17:51:06.711831+00:00,vibration,None,None,None,100.0,mdi:gesture-double-tap,255.0,high,None,36.0,27.0,1.0,3035.0
2022-06-01 17:51:06.714571+00:00,vibration,None,None,None,100.0,mdi:gesture-double-tap,255.0,high,vibration,36.0,27.0,1.0,3035.0
2022-06-01 17:51:06.717076+00:00,,None,None,None,100.0,mdi:gesture-double-tap,255.0,high,vibration,36.0,27.0,1.0,3035.0
2022-06-01 17:52:36.732662+00:00,None,None,None,None,100.0,mdi:gesture-double-tap,255.0,high,None,36.0,27.0,0.0,3035.0
2022-06-01 17:55:06.875908+00:00,None,None,None,None,100.0,mdi:gesture-double-tap,255.0,high,None,5.0,27.0,0.0,3035.0
2022-06-01 19:39:10.070712+00:00,vibration,None,None,None,100.0,mdi:gesture-double-tap,255.0,high,None,5.0,27.0,1.0,3035.0
2022-06-01 19:39:10.073756+00:00,vibration,None,None,None,100.0,mdi:gesture-double-tap,255.0,high,vibration,5.0,27.0,1.0,3035.0
2022-06-01 19:39:10.076158+00:00,,None,None,None,100.0,mdi:gesture-double-tap,255.0,high,vibration,5.0,27.0,1.0,3035.0
2022-06-01 19:40:40.079579+00:00,None,None,None,None,100.0,mdi:gesture-double-tap,255.0,high,None,5.0,27.0,0.0,3035.0
2022-06-01 19:43:11.564899+00:00,None,None,None,None,100.0,mdi:gesture-double-tap,255.0,high,None,5.0,26.0,0.0,3035.0
2022-06-01 19:52:15.495611+00:00,vibration,None,None,None,100.0,mdi:gesture-double-tap,255.0,high,None,5.0,26.0,1.0,3035.0
2022-06-01 19:52:15.498653+00:00,vibration,None,None,None,100.0,mdi:gesture-double-tap,255.0,high,vibration,5.0,26.0,1.0,3035.0
2022-06-01 19:52:15.501362+00:00,,None,None,None,100.0,mdi:gesture-double-tap,255.0,high,vibration,5.0,26.0,1.0,3035.0
2022-06-01 19:53:45.511628+00:00,None,None,None,None,100.0,mdi:gesture-double-tap,255.0,high,None,5.0,26.0,0.0,3035.0
2022-06-01 19:56:14.312726+00:00,None,None,None,None,100.0,mdi:gesture-double-tap,255.0,high,None,20.0,26.0,0.0,3035.0
2022-06-01 20:37:15.201184+00:00,None,None,None,None,100.0,mdi:gesture-double-tap,255.0,high,None,20.0,25.0,0.0,3035.0
2022-06-01 20:56:54.039917+00:00,vibration,None,None,None,100.0,mdi:gesture-double-tap,255.0,high,None,20.0,25.0,1.0,3035.0
2022-06-01 20:56:54.043046+00:00,vibration,None,None,None,100.0,mdi:gesture-double-tap,255.0,high,vibration,20.0,25.0,1.0,3035.0
2022-06-01 20:56:54.045651+00:00,,None,None,None,100.0,mdi:gesture-double-tap,255.0,high,vibration,20.0,25.0,1.0,3035.0
2022-06-01 20:58:24.056418+00:00,None,None,None,None,100.0,mdi:gesture-double-tap,255.0,high,None,20.0,25.0,0.0,3035.0
2022-06-01 21:00:53.192760+00:00,None,None,None,None,100.0,mdi:gesture-double-tap,215.0,high,None,20.0,25.0,0.0,3035.0
2022-06-01 21:33:16.809599+00:00,None,None,None,None,100.0,mdi:gesture-double-tap,255.0,high,None,20.0,26.0,0.0,3035.0
