time,auto_off_str,consumer_connected,consumption,current,device_class_str,energy,illuminance,illuminance_lux,led_disabled_night_str,linkquality,overload_protection_str,power,power_outage_count,power_outage_memory_str,state_class_str,temperature,update_available_str,update_str,value,voltage
2022-05-03 00:03:58.430775+00:00,None,1.0,37.75,0.0031,power,37.75,0.0,0.0,None,255.0,None,0.7,7.0,None,measurement,22.0,None,{'state': None},1.04,226.0
2022-05-03 00:03:58.438915+00:00,None,1.0,37.75,0.0031,power,37.75,0.0,0.0,None,255.0,None,0.7,7.0,None,measurement,22.0,None,{'state': None},0.7,226.0
2022-05-03 00:09:26.562324+00:00,None,1.0,37.75,0.0043,power,37.75,0.0,0.0,None,255.0,None,0.97,7.0,None,measurement,22.0,None,{'state': None},0.7,226.0
2022-05-03 00:09:26.566424+00:00,None,1.0,37.75,0.0043,power,37.75,0.0,0.0,None,255.0,None,0.97,7.0,None,measurement,22.0,None,{'state': None},0.97,226.0
2022-05-03 00:14:49.066918+00:00,None,1.0,37.75,0.0035,power,37.75,0.0,0.0,None,255.0,None,0.79,7.0,None,measurement,22.0,None,{'state': None},0.97,226.0
2022-05-03 00:14:49.072087+00:00,None,1.0,37.75,0.0035,power,37.75,0.0,0.0,None,255.0,None,0.79,7.0,None,measurement,22.0,None,{'state': None},0.79,226.0
2022-05-03 00:22:03.260082+00:00,None,1.0,37.75,0.0029,power,37.75,0.0,0.0,None,255.0,None,0.68,7.0,None,measurement,22.0,None,{'state': None},0.79,234.0
2022-05-03 00:22:03.264974+00:00,None,1.0,37.75,0.0029,power,37.75,0.0,0.0,None,255.0,None,0.68,7.0,None,measurement,22.0,None,{'state': None},0.68,234.0
2022-05-03 00:28:55.674106+00:00,None,1.0,37.75,0.0026,power,37.75,0.0,0.0,None,255.0,None,0.58,7.0,None,measurement,22.0,None,{'state': None},0.68,226.0
2022-05-03 00:28:55.678809+00:00,None,1.0,37.75,0.0026,power,37.75,0.0,0.0,None,255.0,None,0.58,7.0,None,measurement,22.0,None,{'state': None},0.58,226.0
2022-05-03 00:36:18.244726+00:00,None,1.0,37.75,0.0025,power,37.75,0.0,0.0,None,255.0,None,0.57,7.0,None,measurement,22.0,None,{'state': None},0.58,226.0
2022-05-03 00:36:18.248909+00:00,None,1.0,37.75,0.0025,power,37.75,0.0,0.0,None,255.0,None,0.57,7.0,None,measurement,22.0,None,{'state': None},0.57,226.0
2022-05-03 00:43:13.494584+00:00,None,1.0,37.75,0.0028,power,37.75,0.0,0.0,None,255.0,None,0.64,7.0,None,measurement,22.0,None,{'state': None},0.57,226.0
2022-05-03 00:43:13.500719+00:00,None,1.0,37.75,0.0028,power,37.75,0.0,0.0,None,255.0,None,0.64,7.0,None,measurement,22.0,None,{'state': None},0.64,226.0
2022-05-03 00:50:11.765065+00:00,None,1.0,37.75,0.0039,power,37.75,0.0,0.0,None,255.0,None,0.88,7.0,None,measurement,22.0,None,{'state': None},0.64,226.0
2022-05-03 00:50:11.769555+00:00,None,1.0,37.75,0.0039,power,37.75,0.0,0.0,None,255.0,None,0.88,7.0,None,measurement,22.0,None,{'state': None},0.88,226.0
2022-05-03 00:56:50.082489+00:00,None,1.0,37.75,0.0036,power,37.75,0.0,0.0,None,255.0,None,0.81,7.0,None,measurement,22.0,None,{'state': None},0.88,226.0
2022-05-03 00:56:50.087035+00:00,None,1.0,37.75,0.0036,power,37.75,0.0,0.0,None,255.0,None,0.81,7.0,None,measurement,22.0,None,{'state': None},0.81,226.0
2022-05-03 01:02:43.848061+00:00,None,1.0,37.75,0.0032,power,37.75,0.0,0.0,None,255.0,None,0.73,7.0,None,measurement,22.0,None,{'state': None},0.81,226.0
2022-05-03 01:02:43.854184+00:00,None,1.0,37.75,0.0032,power,37.75,0.0,0.0,None,255.0,None,0.73,7.0,None,measurement,22.0,None,{'state': None},0.73,226.0
2022-05-03 01:09:10.458015+00:00,None,1.0,37.75,0.0029,power,37.75,0.0,0.0,None,255.0,None,0.65,7.0,None,measurement,22.0,None,{'state': None},0.73,226.0
2022-05-03 01:09:10.465152+00:00,None,1.0,37.75,0.0029,power,37.75,0.0,0.0,None,255.0,None,0.65,7.0,None,measurement,22.0,None,{'state': None},0.65,226.0
2022-05-03 01:15:29.831809+00:00,None,1.0,37.75,0.0033,power,37.75,0.0,0.0,None,255.0,None,0.76,7.0,None,measurement,22.0,None,{'state': None},0.65,226.0
2022-05-03 01:15:29.838665+00:00,None,1.0,37.75,0.0033,power,37.75,0.0,0.0,None,255.0,None,0.76,7.0,None,measurement,22.0,None,{'state': None},0.76,226.0
2022-05-03 01:22:10.850599+00:00,None,1.0,37.75,0.0042,power,37.75,0.0,0.0,None,255.0,None,0.95,7.0,None,measurement,22.0,None,{'state': None},0.76,226.0
2022-05-03 01:22:10.858873+00:00,None,1.0,37.75,0.0042,power,37.75,0.0,0.0,None,255.0,None,0.95,7.0,None,measurement,22.0,None,{'state': None},0.95,226.0
2022-05-03 01:27:29.713016+00:00,None,1.0,37.75,0.0028,power,37.75,0.0,0.0,None,255.0,None,0.62,7.0,None,measurement,22.0,None,{'state': None},0.95,226.0
2022-05-03 01:27:29.717130+00:00,None,1.0,37.75,0.0028,power,37.75,0.0,0.0,None,255.0,None,0.62,7.0,None,measurement,22.0,None,{'state': None},0.62,226.0
2022-05-03 01:32:39.821927+00:00,None,1.0,37.75,0.0029,power,37.75,0.0,0.0,None,255.0,None,0.66,7.0,None,measurement,22.0,None,{'state': None},0.62,226.0
2022-05-03 01:32:39.828106+00:00,None,1.0,37.75,0.0029,power,37.75,0.0,0.0,None,255.0,None,0.66,7.0,None,measurement,22.0,None,{'state': None},0.66,226.0
2022-05-03 01:40:35.848213+00:00,None,1.0,37.75,0.0036,power,37.75,0.0,0.0,None,255.0,None,0.81,7.0,None,measurement,22.0,None,{'state': None},0.66,226.0
2022-05-03 01:40:35.851512+00:00,None,1.0,37.75,0.0036,power,37.75,0.0,0.0,None,255.0,None,0.81,7.0,None,measurement,22.0,None,{'state': None},0.81,226.0
2022-05-03 01:46:40.900356+00:00,None,1.0,37.75,0.0035,power,37.75,0.0,0.0,None,255.0,None,0.78,7.0,None,measurement,22.0,None,{'state': None},0.81,223.0
2022-05-03 01:46:40.904938+00:00,None,1.0,37.75,0.0035,power,37.75,0.0,0.0,None,255.0,None,0.78,7.0,None,measurement,22.0,None,{'state': None},0.78,223.0
2022-05-03 01:54:01.363980+00:00,None,1.0,37.75,0.0029,power,37.75,0.0,0.0,None,255.0,None,0.64,7.0,None,measurement,22.0,None,{'state': None},0.78,223.0
2022-05-03 01:54:01.368801+00:00,None,1.0,37.75,0.0029,power,37.75,0.0,0.0,None,255.0,None,0.64,7.0,None,measurement,22.0,None,{'state': None},0.64,223.0
2022-05-03 02:00:20.999954+00:00,None,1.0,37.75,0.0028,power,37.75,0.0,0.0,None,255.0,None,0.63,7.0,None,measurement,22.0,None,{'state': None},0.64,223.0
2022-05-03 02:00:21.003155+00:00,None,1.0,37.75,0.0028,power,37.75,0.0,0.0,None,255.0,None,0.63,7.0,None,measurement,22.0,None,{'state': None},0.63,223.0
2022-05-03 02:06:31.982643+00:00,None,1.0,37.75,0.0039,power,37.75,0.0,0.0,None,255.0,None,0.9,7.0,None,measurement,22.0,None,{'state': None},0.63,230.0
2022-05-03 02:06:31.986097+00:00,None,1.0,37.75,0.0039,power,37.75,0.0,0.0,None,255.0,None,0.9,7.0,None,measurement,22.0,None,{'state': None},0.9,230.0
2022-05-03 02:11:38.651346+00:00,None,1.0,37.75,0.0033,power,37.75,0.0,0.0,None,255.0,None,0.74,7.0,None,measurement,22.0,None,{'state': None},0.9,223.0
2022-05-03 02:11:38.655147+00:00,None,1.0,37.75,0.0033,power,37.75,0.0,0.0,None,255.0,None,0.74,7.0,None,measurement,22.0,None,{'state': None},0.74,223.0
2022-05-03 02:18:15.256744+00:00,None,1.0,37.75,0.0029,power,37.75,0.0,0.0,None,255.0,None,0.65,7.0,None,measurement,22.0,None,{'state': None},0.74,223.0
2022-05-03 02:18:15.262535+00:00,None,1.0,37.75,0.0029,power,37.75,0.0,0.0,None,255.0,None,0.65,7.0,None,measurement,22.0,None,{'state': None},0.65,223.0
2022-05-03 02:25:12.126572+00:00,None,1.0,37.75,0.0038,power,37.75,0.0,0.0,None,255.0,None,0.86,7.0,None,measurement,22.0,None,{'state': None},0.65,223.0
2022-05-03 02:25:12.131019+00:00,None,1.0,37.75,0.0038,power,37.75,0.0,0.0,None,255.0,None,0.86,7.0,None,measurement,22.0,None,{'state': None},0.86,223.0
2022-05-03 02:31:39.558101+00:00,None,1.0,37.75,0.0029,power,37.75,0.0,0.0,None,255.0,None,0.67,7.0,None,measurement,22.0,None,{'state': None},0.86,230.0
2022-05-03 02:31:39.562114+00:00,None,1.0,37.75,0.0029,power,37.75,0.0,0.0,None,255.0,None,0.67,7.0,None,measurement,22.0,None,{'state': None},0.67,230.0
2022-05-03 02:37:04.855958+00:00,None,1.0,37.75,0.0028,power,37.75,0.0,0.0,None,255.0,None,0.65,7.0,None,measurement,22.0,None,{'state': None},0.67,230.0
2022-05-03 02:37:04.862632+00:00,None,1.0,37.75,0.0028,power,37.75,0.0,0.0,None,255.0,None,0.65,7.0,None,measurement,22.0,None,{'state': None},0.65,230.0
2022-05-03 02:49:46.495685+00:00,None,1.0,37.75,0.0031,power,37.75,0.0,0.0,None,255.0,None,0.71,7.0,None,measurement,22.0,None,{'state': None},0.65,230.0
2022-05-03 02:49:46.501469+00:00,None,1.0,37.75,0.0031,power,37.75,0.0,0.0,None,255.0,None,0.71,7.0,None,measurement,22.0,None,{'state': None},0.71,230.0
2022-05-03 02:56:19.154511+00:00,None,1.0,37.75,0.0033,power,37.75,0.0,0.0,None,255.0,None,0.73,7.0,None,measurement,22.0,None,{'state': None},0.71,223.0
2022-05-03 02:56:19.159693+00:00,None,1.0,37.75,0.0033,power,37.75,0.0,0.0,None,255.0,None,0.73,7.0,None,measurement,22.0,None,{'state': None},0.73,223.0
2022-05-03 03:01:55.061621+00:00,None,1.0,37.75,0.0029,power,37.75,0.0,0.0,None,255.0,None,0.68,7.0,None,measurement,22.0,None,{'state': None},0.73,230.0
2022-05-03 03:01:55.066884+00:00,None,1.0,37.75,0.0029,power,37.75,0.0,0.0,None,255.0,None,0.68,7.0,None,measurement,22.0,None,{'state': None},0.68,230.0
2022-05-03 03:07:42.371000+00:00,None,1.0,37.75,0.0032,power,37.75,0.0,0.0,None,255.0,None,0.72,7.0,None,measurement,22.0,None,{'state': None},0.68,223.0
2022-05-03 03:07:42.377017+00:00,None,1.0,37.75,0.0032,power,37.75,0.0,0.0,None,255.0,None,0.72,7.0,None,measurement,22.0,None,{'state': None},0.72,223.0
2022-05-03 03:13:48.211926+00:00,None,1.0,37.75,0.0031,power,37.75,0.0,0.0,None,255.0,None,0.72,7.0,None,measurement,22.0,None,{'state': None},0.72,230.0
2022-05-03 03:20:07.353713+00:00,None,1.0,37.75,0.0032,power,37.75,0.0,0.0,None,255.0,None,0.72,7.0,None,measurement,22.0,None,{'state': None},0.72,223.0
2022-05-03 03:26:31.558646+00:00,None,1.0,37.75,0.0028,power,37.75,0.0,0.0,None,255.0,None,0.63,7.0,None,measurement,22.0,None,{'state': None},0.72,223.0
2022-05-03 03:26:31.564245+00:00,None,1.0,37.75,0.0028,power,37.75,0.0,0.0,None,255.0,None,0.63,7.0,None,measurement,22.0,None,{'state': None},0.63,223.0
2022-05-03 03:32:39.031099+00:00,None,1.0,37.75,0.0031,power,37.75,0.0,0.0,None,255.0,None,0.7,7.0,None,measurement,22.0,None,{'state': None},0.63,223.0
2022-05-03 03:32:39.035584+00:00,None,1.0,37.75,0.0031,power,37.75,0.0,0.0,None,255.0,None,0.7,7.0,None,measurement,22.0,None,{'state': None},0.7,223.0
2022-05-03 03:38:09.788924+00:00,None,1.0,37.75,0.0032,power,37.75,0.0,0.0,None,255.0,None,0.71,7.0,None,measurement,22.0,None,{'state': None},0.7,223.0
2022-05-03 03:38:09.793495+00:00,None,1.0,37.75,0.0032,power,37.75,0.0,0.0,None,255.0,None,0.71,7.0,None,measurement,22.0,None,{'state': None},0.71,223.0
2022-05-03 03:53:26.951637+00:00,None,1.0,37.75,0.003,power,37.75,0.0,0.0,None,255.0,None,0.67,7.0,None,measurement,22.0,None,{'state': None},0.71,223.0
2022-05-03 03:53:26.957637+00:00,None,1.0,37.75,0.003,power,37.75,0.0,0.0,None,255.0,None,0.67,7.0,None,measurement,22.0,None,{'state': None},0.67,223.0
2022-05-03 03:59:21.821461+00:00,None,1.0,37.75,0.0028,power,37.75,0.0,0.0,None,255.0,None,0.61,7.0,None,measurement,22.0,None,{'state': None},0.67,223.0
2022-05-03 03:59:21.828947+00:00,None,1.0,37.75,0.0028,power,37.75,0.0,0.0,None,255.0,None,0.61,7.0,None,measurement,22.0,None,{'state': None},0.61,223.0
2022-05-03 04:06:54.076211+00:00,None,1.0,37.75,0.0031,power,37.75,0.0,0.0,None,255.0,None,0.69,7.0,None,measurement,22.0,None,{'state': None},0.61,223.0
2022-05-03 04:06:54.083527+00:00,None,1.0,37.75,0.0031,power,37.75,0.0,0.0,None,255.0,None,0.69,7.0,None,measurement,22.0,None,{'state': None},0.69,223.0
2022-05-03 04:12:25.135274+00:00,None,1.0,37.75,0.0027,power,37.75,0.0,0.0,None,255.0,None,0.63,7.0,None,measurement,22.0,None,{'state': None},0.69,230.0
2022-05-03 04:12:25.141175+00:00,None,1.0,37.75,0.0027,power,37.75,0.0,0.0,None,255.0,None,0.63,7.0,None,measurement,22.0,None,{'state': None},0.63,230.0
2022-05-03 04:18:56.387451+00:00,None,1.0,37.75,0.0026,power,37.75,0.0,0.0,None,255.0,None,0.6,7.0,None,measurement,22.0,None,{'state': None},0.63,230.0
2022-05-03 04:18:56.391155+00:00,None,1.0,37.75,0.0026,power,37.75,0.0,0.0,None,255.0,None,0.6,7.0,None,measurement,22.0,None,{'state': None},0.6,230.0
2022-05-03 04:26:34.271801+00:00,None,1.0,37.75,0.0034,power,37.75,0.0,0.0,None,255.0,None,0.78,7.0,None,measurement,22.0,None,{'state': None},0.6,230.0
2022-05-03 04:26:34.276983+00:00,None,1.0,37.75,0.0034,power,37.75,0.0,0.0,None,255.0,None,0.78,7.0,None,measurement,22.0,None,{'state': None},0.78,230.0
2022-05-03 04:32:10.999055+00:00,None,1.0,37.75,0.0034,power,37.75,0.0,0.0,None,255.0,None,0.76,7.0,None,measurement,22.0,None,{'state': None},0.78,223.0
2022-05-03 04:32:11.004637+00:00,None,1.0,37.75,0.0034,power,37.75,0.0,0.0,None,255.0,None,0.76,7.0,None,measurement,22.0,None,{'state': None},0.76,223.0
2022-05-03 04:38:18.454361+00:00,None,1.0,37.75,0.0042,power,37.75,0.0,0.0,None,255.0,None,0.95,7.0,None,measurement,22.0,None,{'state': None},0.76,223.0
2022-05-03 04:38:18.459123+00:00,None,1.0,37.75,0.0042,power,37.75,0.0,0.0,None,255.0,None,0.95,7.0,None,measurement,22.0,None,{'state': None},0.95,223.0
2022-05-03 04:46:06.819179+00:00,None,1.0,37.75,0.0034,power,37.75,0.0,0.0,None,255.0,None,0.78,7.0,None,measurement,22.0,None,{'state': None},0.95,230.0
2022-05-03 04:46:06.825431+00:00,None,1.0,37.75,0.0034,power,37.75,0.0,0.0,None,255.0,None,0.78,7.0,None,measurement,22.0,None,{'state': None},0.78,230.0
2022-05-03 04:52:51.091843+00:00,None,1.0,37.75,0.0032,power,37.75,0.0,0.0,None,255.0,None,0.73,7.0,None,measurement,22.0,None,{'state': None},0.78,230.0
2022-05-03 04:52:51.096794+00:00,None,1.0,37.75,0.0032,power,37.75,0.0,0.0,None,255.0,None,0.73,7.0,None,measurement,22.0,None,{'state': None},0.73,230.0
2022-05-03 05:00:49.161251+00:00,None,1.0,37.75,0.0032,power,37.75,0.0,0.0,None,255.0,None,0.72,7.0,None,measurement,22.0,None,{'state': None},0.73,223.0
2022-05-03 05:00:49.167581+00:00,None,1.0,37.75,0.0032,power,37.75,0.0,0.0,None,255.0,None,0.72,7.0,None,measurement,22.0,None,{'state': None},0.72,223.0
2022-05-03 05:06:57.001869+00:00,None,1.0,37.75,0.004,power,37.75,0.0,0.0,None,255.0,None,0.89,7.0,None,measurement,22.0,None,{'state': None},0.72,223.0
2022-05-03 05:06:57.006254+00:00,None,1.0,37.75,0.004,power,37.75,0.0,0.0,None,255.0,None,0.89,7.0,None,measurement,22.0,None,{'state': None},0.89,223.0
2022-05-03 05:12:42.705095+00:00,None,1.0,37.75,0.0037,power,37.75,0.0,0.0,None,255.0,None,0.83,7.0,None,measurement,22.0,None,{'state': None},0.89,223.0
2022-05-03 05:12:42.710927+00:00,None,1.0,37.75,0.0037,power,37.75,0.0,0.0,None,255.0,None,0.83,7.0,None,measurement,22.0,None,{'state': None},0.83,223.0
2022-05-03 05:17:54.208727+00:00,None,1.0,37.75,0.0027,power,37.75,0.0,0.0,None,255.0,None,0.59,7.0,None,measurement,22.0,None,{'state': None},0.83,223.0
2022-05-03 05:17:54.216900+00:00,None,1.0,37.75,0.0027,power,37.75,0.0,0.0,None,255.0,None,0.59,7.0,None,measurement,22.0,None,{'state': None},0.59,223.0
2022-05-03 05:25:44.501093+00:00,None,1.0,37.75,0.0027,power,37.75,0.0,0.0,None,255.0,None,0.6,7.0,None,measurement,22.0,None,{'state': None},0.59,223.0
2022-05-03 05:25:44.507861+00:00,None,1.0,37.75,0.0027,power,37.75,0.0,0.0,None,255.0,None,0.6,7.0,None,measurement,22.0,None,{'state': None},0.6,223.0
2022-05-03 05:33:13.923760+00:00,None,1.0,37.75,0.0033,power,37.75,0.0,0.0,None,255.0,None,0.74,7.0,None,measurement,22.0,None,{'state': None},0.6,223.0
2022-05-03 05:33:13.927375+00:00,None,1.0,37.75,0.0033,power,37.75,0.0,0.0,None,255.0,None,0.74,7.0,None,measurement,22.0,None,{'state': None},0.74,223.0
2022-05-03 05:38:25.245896+00:00,None,1.0,37.75,0.0028,power,37.75,0.0,0.0,None,255.0,None,0.63,7.0,None,measurement,22.0,None,{'state': None},0.74,223.0
2022-05-03 05:38:25.249324+00:00,None,1.0,37.75,0.0028,power,37.75,0.0,0.0,None,255.0,None,0.63,7.0,None,measurement,22.0,None,{'state': None},0.63,223.0
2022-05-03 05:45:09.907135+00:00,None,1.0,37.75,0.0036,power,37.75,0.0,0.0,None,255.0,None,0.8,7.0,None,measurement,22.0,None,{'state': None},0.63,223.0
2022-05-03 05:45:09.911501+00:00,None,1.0,37.75,0.0036,power,37.75,0.0,0.0,None,255.0,None,0.8,7.0,None,measurement,22.0,None,{'state': None},0.8,223.0
2022-05-03 05:52:13.536245+00:00,None,1.0,37.75,0.0038,power,37.75,0.0,0.0,None,255.0,None,0.85,7.0,None,measurement,22.0,None,{'state': None},0.8,223.0
2022-05-03 05:52:13.541505+00:00,None,1.0,37.75,0.0038,power,37.75,0.0,0.0,None,255.0,None,0.85,7.0,None,measurement,22.0,None,{'state': None},0.85,223.0
2022-05-03 05:58:23.611508+00:00,None,1.0,37.75,0.0034,power,37.75,0.0,0.0,None,255.0,None,0.76,7.0,None,measurement,22.0,None,{'state': None},0.85,223.0
2022-05-03 05:58:23.619099+00:00,None,1.0,37.75,0.0034,power,37.75,0.0,0.0,None,255.0,None,0.76,7.0,None,measurement,22.0,None,{'state': None},0.76,223.0
2022-05-03 06:06:14.898674+00:00,None,1.0,37.75,0.0033,power,37.75,0.0,0.0,None,255.0,None,0.74,7.0,None,measurement,22.0,None,{'state': None},0.76,223.0
2022-05-03 06:06:14.905115+00:00,None,1.0,37.75,0.0033,power,37.75,0.0,0.0,None,255.0,None,0.74,7.0,None,measurement,22.0,None,{'state': None},0.74,223.0
2022-05-03 06:13:17.103493+00:00,None,1.0,37.75,0.0025,power,37.75,0.0,0.0,None,255.0,None,0.56,7.0,None,measurement,22.0,None,{'state': None},0.74,223.0
2022-05-03 06:13:17.112311+00:00,None,1.0,37.75,0.0025,power,37.75,0.0,0.0,None,255.0,None,0.56,7.0,None,measurement,22.0,None,{'state': None},0.56,223.0
2022-05-03 06:18:49.969081+00:00,None,1.0,37.75,0.0028,power,37.75,0.0,0.0,None,255.0,None,0.62,7.0,None,measurement,22.0,None,{'state': None},0.56,223.0
2022-05-03 06:18:49.974137+00:00,None,1.0,37.75,0.0028,power,37.75,0.0,0.0,None,255.0,None,0.62,7.0,None,measurement,22.0,None,{'state': None},0.62,223.0
2022-05-03 06:25:06.719868+00:00,None,1.0,37.75,0.0028,power,37.75,0.0,0.0,None,255.0,None,0.61,7.0,None,measurement,22.0,None,{'state': None},0.62,223.0
2022-05-03 06:25:06.726171+00:00,None,1.0,37.75,0.0028,power,37.75,0.0,0.0,None,255.0,None,0.61,7.0,None,measurement,22.0,None,{'state': None},0.61,223.0
2022-05-03 06:30:55.133745+00:00,None,1.0,37.75,0.0028,power,37.75,0.0,0.0,None,255.0,None,0.62,7.0,None,measurement,22.0,None,{'state': None},0.61,223.0
2022-05-03 06:30:55.138924+00:00,None,1.0,37.75,0.0028,power,37.75,0.0,0.0,None,255.0,None,0.62,7.0,None,measurement,22.0,None,{'state': None},0.62,223.0
2022-05-03 06:41:39.635874+00:00,None,1.0,37.75,0.0029,power,37.75,0.0,0.0,None,255.0,None,0.64,7.0,None,measurement,22.0,None,{'state': None},0.62,223.0
2022-05-03 06:41:39.640741+00:00,None,1.0,37.75,0.0029,power,37.75,0.0,0.0,None,255.0,None,0.64,7.0,None,measurement,22.0,None,{'state': None},0.64,223.0
2022-05-03 06:49:37.774881+00:00,None,1.0,37.75,0.0033,power,37.75,0.0,0.0,None,255.0,None,0.73,7.0,None,measurement,22.0,None,{'state': None},0.64,223.0
2022-05-03 06:49:37.781595+00:00,None,1.0,37.75,0.0033,power,37.75,0.0,0.0,None,255.0,None,0.73,7.0,None,measurement,22.0,None,{'state': None},0.73,223.0
2022-05-03 06:56:11.161968+00:00,None,1.0,37.75,0.0034,power,37.75,0.0,0.0,None,255.0,None,0.78,7.0,None,measurement,22.0,None,{'state': None},0.73,230.0
2022-05-03 06:56:11.165423+00:00,None,1.0,37.75,0.0034,power,37.75,0.0,0.0,None,255.0,None,0.78,7.0,None,measurement,22.0,None,{'state': None},0.78,230.0
2022-05-03 07:03:53.770929+00:00,None,1.0,37.75,0.0033,power,37.75,0.0,0.0,None,255.0,None,0.75,7.0,None,measurement,22.0,None,{'state': None},0.78,223.0
2022-05-03 07:03:53.776287+00:00,None,1.0,37.75,0.0033,power,37.75,0.0,0.0,None,255.0,None,0.75,7.0,None,measurement,22.0,None,{'state': None},0.75,223.0
2022-05-03 07:09:36.624673+00:00,None,1.0,37.75,0.003,power,37.75,0.0,0.0,None,255.0,None,0.68,7.0,None,measurement,22.0,None,{'state': None},0.75,223.0
2022-05-03 07:09:36.628434+00:00,None,1.0,37.75,0.003,power,37.75,0.0,0.0,None,255.0,None,0.68,7.0,None,measurement,22.0,None,{'state': None},0.68,223.0
2022-05-03 07:15:26.766487+00:00,None,1.0,37.75,0.0031,power,37.75,0.0,0.0,None,255.0,None,0.68,7.0,None,measurement,22.0,None,{'state': None},0.68,223.0
2022-05-03 07:21:35.118821+00:00,None,1.0,37.75,0.0032,power,37.75,0.0,0.0,None,255.0,None,0.72,7.0,None,measurement,22.0,None,{'state': None},0.68,223.0
2022-05-03 07:21:35.124728+00:00,None,1.0,37.75,0.0032,power,37.75,0.0,0.0,None,255.0,None,0.72,7.0,None,measurement,22.0,None,{'state': None},0.72,223.0
2022-05-03 07:28:40.438786+00:00,None,1.0,37.75,0.0031,power,37.75,0.0,0.0,None,255.0,None,0.69,7.0,None,measurement,22.0,None,{'state': None},0.72,223.0
2022-05-03 07:28:40.443934+00:00,None,1.0,37.75,0.0031,power,37.75,0.0,0.0,None,255.0,None,0.69,7.0,None,measurement,22.0,None,{'state': None},0.69,223.0
2022-05-03 07:36:13.399117+00:00,None,1.0,37.75,0.0026,power,37.75,0.0,0.0,None,255.0,None,0.58,7.0,None,measurement,22.0,None,{'state': None},0.69,223.0
2022-05-03 07:36:13.405359+00:00,None,1.0,37.75,0.0026,power,37.75,0.0,0.0,None,255.0,None,0.58,7.0,None,measurement,22.0,None,{'state': None},0.58,223.0
2022-05-03 07:41:50.815143+00:00,None,1.0,37.75,0.0031,power,37.75,0.0,0.0,None,255.0,None,0.7,7.0,None,measurement,22.0,None,{'state': None},0.58,223.0
2022-05-03 07:41:50.819887+00:00,None,1.0,37.75,0.0031,power,37.75,0.0,0.0,None,255.0,None,0.7,7.0,None,measurement,22.0,None,{'state': None},0.7,223.0
2022-05-03 07:47:58.870354+00:00,None,1.0,37.75,0.003,power,37.75,0.0,0.0,None,255.0,None,0.66,7.0,None,measurement,22.0,None,{'state': None},0.7,223.0
2022-05-03 07:47:58.875188+00:00,None,1.0,37.75,0.003,power,37.75,0.0,0.0,None,255.0,None,0.66,7.0,None,measurement,22.0,None,{'state': None},0.66,223.0
2022-05-03 07:55:19.621789+00:00,None,1.0,37.75,0.0026,power,37.75,0.0,0.0,None,255.0,None,0.59,7.0,None,measurement,22.0,None,{'state': None},0.66,223.0
2022-05-03 07:55:19.627770+00:00,None,1.0,37.75,0.0026,power,37.75,0.0,0.0,None,255.0,None,0.59,7.0,None,measurement,22.0,None,{'state': None},0.59,223.0
2022-05-03 08:01:53.609087+00:00,None,1.0,37.75,0.0034,power,37.75,0.0,0.0,None,255.0,None,0.75,7.0,None,measurement,22.0,None,{'state': None},0.59,223.0
2022-05-03 08:01:53.613527+00:00,None,1.0,37.75,0.0034,power,37.75,0.0,0.0,None,255.0,None,0.75,7.0,None,measurement,22.0,None,{'state': None},0.75,223.0
2022-05-03 08:07:52.980383+00:00,None,1.0,37.75,0.0034,power,37.75,0.0,0.0,None,255.0,None,0.77,7.0,None,measurement,22.0,None,{'state': None},0.75,223.0
2022-05-03 08:07:52.986812+00:00,None,1.0,37.75,0.0034,power,37.75,0.0,0.0,None,255.0,None,0.77,7.0,None,measurement,22.0,None,{'state': None},0.77,223.0
2022-05-03 08:14:12.980367+00:00,None,1.0,37.75,0.0027,power,37.75,0.0,0.0,None,215.0,None,0.59,7.0,None,measurement,22.0,None,{'state': None},0.77,223.0
2022-05-03 08:14:12.987704+00:00,None,1.0,37.75,0.0027,power,37.75,0.0,0.0,None,215.0,None,0.59,7.0,None,measurement,22.0,None,{'state': None},0.59,223.0
2022-05-03 08:20:58.636968+00:00,None,1.0,37.75,0.0032,power,37.75,0.0,0.0,None,255.0,None,0.72,7.0,None,measurement,22.0,None,{'state': None},0.59,223.0
2022-05-03 08:20:58.642699+00:00,None,1.0,37.75,0.0032,power,37.75,0.0,0.0,None,255.0,None,0.72,7.0,None,measurement,22.0,None,{'state': None},0.72,223.0
2022-05-03 08:27:24.038927+00:00,None,1.0,37.75,0.0037,power,37.75,0.0,0.0,None,255.0,None,0.82,7.0,None,measurement,22.0,None,{'state': None},0.72,223.0
2022-05-03 08:27:24.045812+00:00,None,1.0,37.75,0.0037,power,37.75,0.0,0.0,None,255.0,None,0.82,7.0,None,measurement,22.0,None,{'state': None},0.82,223.0
2022-05-03 08:35:04.331891+00:00,None,1.0,37.75,0.0035,power,37.75,0.0,0.0,None,255.0,None,0.78,7.0,None,measurement,22.0,None,{'state': None},0.82,223.0
2022-05-03 08:35:04.337187+00:00,None,1.0,37.75,0.0035,power,37.75,0.0,0.0,None,255.0,None,0.78,7.0,None,measurement,22.0,None,{'state': None},0.78,223.0
2022-05-03 08:42:54.738500+00:00,None,1.0,37.75,0.003,power,37.75,0.0,0.0,None,255.0,None,0.68,7.0,None,measurement,22.0,None,{'state': None},0.78,223.0
2022-05-03 08:42:54.744846+00:00,None,1.0,37.75,0.003,power,37.75,0.0,0.0,None,255.0,None,0.68,7.0,None,measurement,22.0,None,{'state': None},0.68,223.0
2022-05-03 08:48:17.231399+00:00,None,1.0,37.75,0.003,power,37.75,0.0,0.0,None,255.0,None,0.66,7.0,None,measurement,22.0,None,{'state': None},0.68,223.0
2022-05-03 08:48:17.235050+00:00,None,1.0,37.75,0.003,power,37.75,0.0,0.0,None,255.0,None,0.66,7.0,None,measurement,22.0,None,{'state': None},0.66,223.0
2022-05-03 08:54:07.250515+00:00,None,1.0,37.75,0.0028,power,37.75,0.0,0.0,None,255.0,None,0.63,7.0,None,measurement,22.0,None,{'state': None},0.66,223.0
2022-05-03 08:54:07.255569+00:00,None,1.0,37.75,0.0028,power,37.75,0.0,0.0,None,255.0,None,0.63,7.0,None,measurement,22.0,None,{'state': None},0.63,223.0
2022-05-03 08:59:56.572794+00:00,None,1.0,37.75,0.003,power,37.75,0.0,0.0,None,255.0,None,0.7,7.0,None,measurement,22.0,None,{'state': None},0.63,230.0
2022-05-03 08:59:56.578953+00:00,None,1.0,37.75,0.003,power,37.75,0.0,0.0,None,255.0,None,0.7,7.0,None,measurement,22.0,None,{'state': None},0.7,230.0
2022-05-03 09:06:41.325618+00:00,None,1.0,37.75,0.0029,power,37.75,0.0,0.0,None,255.0,None,0.66,7.0,None,measurement,22.0,None,{'state': None},0.7,230.0
2022-05-03 09:06:41.331841+00:00,None,1.0,37.75,0.0029,power,37.75,0.0,0.0,None,255.0,None,0.66,7.0,None,measurement,22.0,None,{'state': None},0.66,230.0
2022-05-03 09:14:01.382233+00:00,None,1.0,37.75,0.0042,power,37.75,0.0,0.0,None,255.0,None,0.94,7.0,None,measurement,22.0,None,{'state': None},0.66,223.0
2022-05-03 09:14:01.391378+00:00,None,1.0,37.75,0.0042,power,37.75,0.0,0.0,None,255.0,None,0.94,7.0,None,measurement,22.0,None,{'state': None},0.94,223.0
2022-05-03 09:20:15.790923+00:00,None,1.0,37.75,0.0028,power,37.75,0.0,0.0,None,255.0,None,0.63,7.0,None,measurement,22.0,None,{'state': None},0.94,230.0
2022-05-03 09:20:15.796189+00:00,None,1.0,37.75,0.0028,power,37.75,0.0,0.0,None,255.0,None,0.63,7.0,None,measurement,22.0,None,{'state': None},0.63,230.0
2022-05-03 09:27:56.986923+00:00,None,1.0,37.75,0.0027,power,37.75,0.0,0.0,None,255.0,None,0.6,7.0,None,measurement,22.0,None,{'state': None},0.63,223.0
2022-05-03 09:27:56.992975+00:00,None,1.0,37.75,0.0027,power,37.75,0.0,0.0,None,255.0,None,0.6,7.0,None,measurement,22.0,None,{'state': None},0.6,223.0
2022-05-03 09:33:11.827136+00:00,None,1.0,37.75,0.0026,power,37.75,0.0,0.0,None,255.0,None,0.57,7.0,None,measurement,22.0,None,{'state': None},0.6,223.0
2022-05-03 09:33:11.832128+00:00,None,1.0,37.75,0.0026,power,37.75,0.0,0.0,None,255.0,None,0.57,7.0,None,measurement,22.0,None,{'state': None},0.57,223.0
2022-05-03 09:38:36.651772+00:00,None,1.0,37.75,0.0029,power,37.75,0.0,0.0,None,255.0,None,0.64,7.0,None,measurement,22.0,None,{'state': None},0.57,223.0
2022-05-03 09:38:36.656812+00:00,None,1.0,37.75,0.0029,power,37.75,0.0,0.0,None,255.0,None,0.64,7.0,None,measurement,22.0,None,{'state': None},0.64,223.0
2022-05-03 09:45:36.106953+00:00,None,1.0,37.75,0.0084,power,37.75,0.0,0.0,None,255.0,None,1.87,7.0,None,measurement,22.0,None,{'state': None},0.64,223.0
2022-05-03 09:45:36.110544+00:00,None,1.0,37.75,0.0084,power,37.75,0.0,0.0,None,255.0,None,1.87,7.0,None,measurement,22.0,None,{'state': None},1.87,223.0
2022-05-03 09:53:22.683272+00:00,None,1.0,37.75,0.0078,power,37.75,0.0,0.0,None,255.0,None,1.78,7.0,None,measurement,22.0,None,{'state': None},1.87,230.0
2022-05-03 09:53:22.688143+00:00,None,1.0,37.75,0.0078,power,37.75,0.0,0.0,None,255.0,None,1.78,7.0,None,measurement,22.0,None,{'state': None},1.78,230.0
2022-05-03 09:59:20.124312+00:00,None,1.0,37.75,0.0084,power,37.75,0.0,0.0,None,255.0,None,1.93,7.0,None,measurement,22.0,None,{'state': None},1.78,230.0
2022-05-03 09:59:20.129533+00:00,None,1.0,37.75,0.0084,power,37.75,0.0,0.0,None,255.0,None,1.93,7.0,None,measurement,22.0,None,{'state': None},1.93,230.0
2022-05-03 10:04:26.242485+00:00,None,1.0,37.75,0.0081,power,37.75,0.0,0.0,None,255.0,None,1.8,7.0,None,measurement,22.0,None,{'state': None},1.93,223.0
2022-05-03 10:04:26.254841+00:00,None,1.0,37.75,0.0081,power,37.75,0.0,0.0,None,255.0,None,1.8,7.0,None,measurement,22.0,None,{'state': None},1.8,223.0
2022-05-03 10:10:03.363320+00:00,None,1.0,37.75,0.0086,power,37.75,0.0,0.0,None,255.0,None,1.91,7.0,None,measurement,22.0,None,{'state': None},1.8,223.0
2022-05-03 10:10:03.366988+00:00,None,1.0,37.75,0.0086,power,37.75,0.0,0.0,None,255.0,None,1.91,7.0,None,measurement,22.0,None,{'state': None},1.91,223.0
2022-05-03 10:16:42.900148+00:00,None,1.0,37.75,0.0083,power,37.75,0.0,0.0,None,255.0,None,1.86,7.0,None,measurement,22.0,None,{'state': None},1.91,223.0
2022-05-03 10:16:42.904860+00:00,None,1.0,37.75,0.0083,power,37.75,0.0,0.0,None,255.0,None,1.86,7.0,None,measurement,22.0,None,{'state': None},1.86,223.0
2022-05-03 10:23:23.737650+00:00,None,1.0,37.75,0.0079,power,37.75,0.0,0.0,None,255.0,None,1.76,7.0,None,measurement,22.0,None,{'state': None},1.86,223.0
2022-05-03 10:23:23.740870+00:00,None,1.0,37.75,0.0079,power,37.75,0.0,0.0,None,255.0,None,1.76,7.0,None,measurement,22.0,None,{'state': None},1.76,223.0
2022-05-03 10:29:33.201646+00:00,None,1.0,37.75,0.0083,power,37.75,0.0,0.0,None,255.0,None,1.86,7.0,None,measurement,22.0,None,{'state': None},1.76,223.0
2022-05-03 10:29:33.205655+00:00,None,1.0,37.75,0.0083,power,37.75,0.0,0.0,None,255.0,None,1.86,7.0,None,measurement,22.0,None,{'state': None},1.86,223.0
2022-05-03 10:37:03.245253+00:00,None,1.0,37.75,0.0083,power,37.75,0.0,0.0,None,255.0,None,1.84,7.0,None,measurement,22.0,None,{'state': None},1.86,223.0
2022-05-03 10:37:03.252080+00:00,None,1.0,37.75,0.0083,power,37.75,0.0,0.0,None,255.0,None,1.84,7.0,None,measurement,22.0,None,{'state': None},1.84,223.0
2022-05-03 10:43:23.093087+00:00,None,1.0,37.75,0.0083,power,37.75,0.0,0.0,None,239.0,None,1.85,7.0,None,measurement,22.0,None,{'state': None},1.84,223.0
2022-05-03 10:43:23.101059+00:00,None,1.0,37.75,0.0083,power,37.75,0.0,0.0,None,239.0,None,1.85,7.0,None,measurement,22.0,None,{'state': None},1.85,223.0
2022-05-03 10:49:58.581666+00:00,None,1.0,37.75,0.0088,power,37.75,0.0,0.0,None,255.0,None,1.96,7.0,None,measurement,22.0,None,{'state': None},1.85,223.0
2022-05-03 10:49:58.588822+00:00,None,1.0,37.75,0.0088,power,37.75,0.0,0.0,None,255.0,None,1.96,7.0,None,measurement,22.0,None,{'state': None},1.96,223.0
2022-05-03 10:55:43.287145+00:00,None,1.0,37.75,0.0085,power,37.75,0.0,0.0,None,255.0,None,1.9,7.0,None,measurement,22.0,None,{'state': None},1.96,223.0
2022-05-03 10:55:43.294089+00:00,None,1.0,37.75,0.0085,power,37.75,0.0,0.0,None,255.0,None,1.9,7.0,None,measurement,22.0,None,{'state': None},1.9,223.0
2022-05-03 11:07:48.806560+00:00,None,1.0,37.75,0.0081,power,37.75,0.0,0.0,None,255.0,None,1.81,7.0,None,measurement,22.0,None,{'state': None},1.9,223.0
2022-05-03 11:07:48.811052+00:00,None,1.0,37.75,0.0081,power,37.75,0.0,0.0,None,255.0,None,1.81,7.0,None,measurement,22.0,None,{'state': None},1.81,223.0
2022-05-03 11:15:41.411468+00:00,None,1.0,37.75,0.0081,power,37.75,0.0,0.0,None,255.0,None,1.82,7.0,None,measurement,22.0,None,{'state': None},1.81,223.0
2022-05-03 11:15:41.416865+00:00,None,1.0,37.75,0.0081,power,37.75,0.0,0.0,None,255.0,None,1.82,7.0,None,measurement,22.0,None,{'state': None},1.82,223.0
2022-05-03 11:21:49.482849+00:00,None,1.0,37.75,0.0083,power,37.75,0.0,0.0,None,255.0,None,1.85,7.0,None,measurement,22.0,None,{'state': None},1.82,223.0
2022-05-03 11:21:49.488974+00:00,None,1.0,37.75,0.0083,power,37.75,0.0,0.0,None,255.0,None,1.85,7.0,None,measurement,22.0,None,{'state': None},1.85,223.0
2022-05-03 11:29:37.954886+00:00,None,1.0,37.75,0.0081,power,37.75,0.0,0.0,None,255.0,None,1.82,7.0,None,measurement,22.0,None,{'state': None},1.85,223.0
2022-05-03 11:29:37.960722+00:00,None,1.0,37.75,0.0081,power,37.75,0.0,0.0,None,255.0,None,1.82,7.0,None,measurement,22.0,None,{'state': None},1.82,223.0
2022-05-03 11:35:54.581181+00:00,None,1.0,37.75,0.0082,power,37.75,0.0,0.0,None,255.0,None,1.82,7.0,None,measurement,22.0,None,{'state': None},1.82,223.0
2022-05-03 11:43:37.732261+00:00,None,1.0,37.75,0.0083,power,37.75,0.0,0.0,None,255.0,None,1.9,7.0,None,measurement,22.0,None,{'state': None},1.82,230.0
2022-05-03 11:43:37.737953+00:00,None,1.0,37.75,0.0083,power,37.75,0.0,0.0,None,255.0,None,1.9,7.0,None,measurement,22.0,None,{'state': None},1.9,230.0
2022-05-03 11:49:46.891436+00:00,None,1.0,37.75,0.0083,power,37.75,0.0,0.0,None,255.0,None,1.91,7.0,None,measurement,22.0,None,{'state': None},1.9,230.0
2022-05-03 11:49:46.896763+00:00,None,1.0,37.75,0.0083,power,37.75,0.0,0.0,None,255.0,None,1.91,7.0,None,measurement,22.0,None,{'state': None},1.91,230.0
2022-05-03 11:56:35.792725+00:00,None,1.0,37.75,0.0079,power,37.75,0.0,0.0,None,255.0,None,1.77,7.0,None,measurement,22.0,None,{'state': None},1.91,223.0
2022-05-03 11:56:35.798503+00:00,None,1.0,37.75,0.0079,power,37.75,0.0,0.0,None,255.0,None,1.77,7.0,None,measurement,22.0,None,{'state': None},1.77,223.0
2022-05-03 12:04:13.771519+00:00,None,1.0,37.75,0.0071,power,37.75,0.0,0.0,None,255.0,None,1.58,7.0,None,measurement,22.0,None,{'state': None},1.77,223.0
2022-05-03 12:04:13.775407+00:00,None,1.0,37.75,0.0071,power,37.75,0.0,0.0,None,255.0,None,1.58,7.0,None,measurement,22.0,None,{'state': None},1.58,223.0
2022-05-03 12:12:05.586364+00:00,None,1.0,37.75,0.0085,power,37.75,0.0,0.0,None,255.0,None,1.9,7.0,None,measurement,22.0,None,{'state': None},1.58,223.0
2022-05-03 12:12:05.590631+00:00,None,1.0,37.75,0.0085,power,37.75,0.0,0.0,None,255.0,None,1.9,7.0,None,measurement,22.0,None,{'state': None},1.9,223.0
2022-05-03 12:17:49.648875+00:00,None,1.0,37.75,0.0088,power,37.75,0.0,0.0,None,255.0,None,1.97,7.0,None,measurement,22.0,None,{'state': None},1.9,223.0
2022-05-03 12:17:49.652660+00:00,None,1.0,37.75,0.0088,power,37.75,0.0,0.0,None,255.0,None,1.97,7.0,None,measurement,22.0,None,{'state': None},1.97,223.0
2022-05-03 12:25:01.021969+00:00,None,1.0,37.75,0.0084,power,37.75,0.0,0.0,None,255.0,None,1.87,7.0,None,measurement,22.0,None,{'state': None},1.97,223.0
2022-05-03 12:25:01.025387+00:00,None,1.0,37.75,0.0084,power,37.75,0.0,0.0,None,255.0,None,1.87,7.0,None,measurement,22.0,None,{'state': None},1.87,223.0
2022-05-03 12:31:59.205466+00:00,None,1.0,37.75,0.0081,power,37.75,0.0,0.0,None,255.0,None,1.8,7.0,None,measurement,22.0,None,{'state': None},1.87,223.0
2022-05-03 12:31:59.211246+00:00,None,1.0,37.75,0.0081,power,37.75,0.0,0.0,None,255.0,None,1.8,7.0,None,measurement,22.0,None,{'state': None},1.8,223.0
2022-05-03 12:37:05.772420+00:00,None,1.0,37.75,0.0085,power,37.75,0.0,0.0,None,255.0,None,1.9,7.0,None,measurement,22.0,None,{'state': None},1.8,223.0
2022-05-03 12:37:05.783125+00:00,None,1.0,37.75,0.0085,power,37.75,0.0,0.0,None,255.0,None,1.9,7.0,None,measurement,22.0,None,{'state': None},1.9,223.0
2022-05-03 12:43:55.386507+00:00,None,1.0,37.75,0.008,power,37.75,0.0,0.0,None,255.0,None,1.78,7.0,None,measurement,22.0,None,{'state': None},1.9,223.0
2022-05-03 12:43:55.392996+00:00,None,1.0,37.75,0.008,power,37.75,0.0,0.0,None,255.0,None,1.78,7.0,None,measurement,22.0,None,{'state': None},1.78,223.0
2022-05-03 12:51:12.804012+00:00,None,1.0,37.75,0.0083,power,37.75,0.0,0.0,None,255.0,None,1.86,7.0,None,measurement,22.0,None,{'state': None},1.78,223.0
2022-05-03 12:51:12.809213+00:00,None,1.0,37.75,0.0083,power,37.75,0.0,0.0,None,255.0,None,1.86,7.0,None,measurement,22.0,None,{'state': None},1.86,223.0
2022-05-03 12:58:41.418026+00:00,None,1.0,37.75,0.0087,power,37.75,0.0,0.0,None,255.0,None,1.93,7.0,None,measurement,22.0,None,{'state': None},1.86,223.0
2022-05-03 12:58:41.426025+00:00,None,1.0,37.75,0.0087,power,37.75,0.0,0.0,None,255.0,None,1.93,7.0,None,measurement,22.0,None,{'state': None},1.93,223.0
2022-05-03 13:05:12.674588+00:00,None,1.0,37.76,0.0082,power,37.76,0.0,0.0,None,255.0,None,1.82,7.0,None,measurement,23.0,None,{'state': None},1.93,223.0
2022-05-03 13:05:12.679642+00:00,None,1.0,37.76,0.0082,power,37.76,0.0,0.0,None,255.0,None,1.82,7.0,None,measurement,23.0,None,{'state': None},1.82,223.0
2022-05-03 13:10:46.090834+00:00,None,1.0,37.76,0.008,power,37.76,0.0,0.0,None,255.0,None,1.78,7.0,None,measurement,23.0,None,{'state': None},1.82,223.0
2022-05-03 13:10:46.096483+00:00,None,1.0,37.76,0.008,power,37.76,0.0,0.0,None,255.0,None,1.78,7.0,None,measurement,23.0,None,{'state': None},1.78,223.0
2022-05-03 13:18:18.019992+00:00,None,1.0,37.76,0.0082,power,37.76,0.0,0.0,None,255.0,None,1.83,7.0,None,measurement,23.0,None,{'state': None},1.78,223.0
2022-05-03 13:18:18.025881+00:00,None,1.0,37.76,0.0082,power,37.76,0.0,0.0,None,255.0,None,1.83,7.0,None,measurement,23.0,None,{'state': None},1.83,223.0
2022-05-03 13:25:59.448414+00:00,None,1.0,37.76,0.0081,power,37.76,0.0,0.0,None,255.0,None,1.82,7.0,None,measurement,22.0,None,{'state': None},1.83,223.0
2022-05-03 13:25:59.453735+00:00,None,1.0,37.76,0.0081,power,37.76,0.0,0.0,None,255.0,None,1.82,7.0,None,measurement,22.0,None,{'state': None},1.82,223.0
2022-05-03 13:33:02.362007+00:00,None,1.0,37.76,0.0083,power,37.76,0.0,0.0,None,255.0,None,1.85,7.0,None,measurement,22.0,None,{'state': None},1.82,223.0
2022-05-03 13:33:02.366997+00:00,None,1.0,37.76,0.0083,power,37.76,0.0,0.0,None,255.0,None,1.85,7.0,None,measurement,22.0,None,{'state': None},1.85,223.0
2022-05-03 13:38:45.522379+00:00,None,1.0,37.76,0.0085,power,37.76,0.0,0.0,None,255.0,None,1.9,7.0,None,measurement,23.0,None,{'state': None},1.85,223.0
2022-05-03 13:38:45.528575+00:00,None,1.0,37.76,0.0085,power,37.76,0.0,0.0,None,255.0,None,1.9,7.0,None,measurement,23.0,None,{'state': None},1.9,223.0
2022-05-03 13:44:34.961166+00:00,None,1.0,37.76,0.0084,power,37.76,0.0,0.0,None,255.0,None,1.88,7.0,None,measurement,22.0,None,{'state': None},1.9,223.0
2022-05-03 13:44:34.965999+00:00,None,1.0,37.76,0.0084,power,37.76,0.0,0.0,None,255.0,None,1.88,7.0,None,measurement,22.0,None,{'state': None},1.88,223.0
2022-05-03 13:51:48.328255+00:00,None,1.0,37.76,0.0085,power,37.76,0.0,0.0,None,255.0,None,1.89,7.0,None,measurement,22.0,None,{'state': None},1.88,223.0
2022-05-03 13:51:48.335250+00:00,None,1.0,37.76,0.0085,power,37.76,0.0,0.0,None,255.0,None,1.89,7.0,None,measurement,22.0,None,{'state': None},1.89,223.0
2022-05-03 13:57:52.260016+00:00,None,1.0,37.76,0.0078,power,37.76,0.0,0.0,None,255.0,None,1.78,7.0,None,measurement,22.0,None,{'state': None},1.89,230.0
2022-05-03 13:57:52.264554+00:00,None,1.0,37.76,0.0078,power,37.76,0.0,0.0,None,255.0,None,1.78,7.0,None,measurement,22.0,None,{'state': None},1.78,230.0
2022-05-03 14:05:29.447372+00:00,None,1.0,37.76,0.0086,power,37.76,0.0,0.0,None,255.0,None,1.93,7.0,None,measurement,22.0,None,{'state': None},1.78,223.0
2022-05-03 14:05:29.454581+00:00,None,1.0,37.76,0.0086,power,37.76,0.0,0.0,None,255.0,None,1.93,7.0,None,measurement,22.0,None,{'state': None},1.93,223.0
2022-05-03 14:08:07.095829+00:00,None,1.0,37.76,0.0086,power,37.76,0.0,0.0,None,255.0,None,55.33,7.0,None,measurement,22.0,None,{'state': None},1.93,223.0
2022-05-03 14:08:07.101056+00:00,None,1.0,37.76,0.0086,power,37.76,0.0,0.0,None,255.0,None,55.33,7.0,None,measurement,22.0,None,{'state': None},55.33,223.0
2022-05-03 14:08:17.189633+00:00,None,1.0,37.76,0.0086,power,37.76,0.0,0.0,None,255.0,None,60.86,7.0,None,measurement,22.0,None,{'state': None},55.33,223.0
2022-05-03 14:08:17.193187+00:00,None,1.0,37.76,0.0086,power,37.76,0.0,0.0,None,255.0,None,60.86,7.0,None,measurement,22.0,None,{'state': None},60.86,223.0
2022-05-03 14:13:30.943233+00:00,None,1.0,37.76,0.2774,power,37.76,0.0,0.0,None,255.0,None,61.87,7.0,None,measurement,22.0,None,{'state': None},60.86,223.0
2022-05-03 14:13:30.948069+00:00,None,1.0,37.76,0.2774,power,37.76,0.0,0.0,None,255.0,None,61.87,7.0,None,measurement,22.0,None,{'state': None},61.87,223.0
2022-05-03 14:21:01.434376+00:00,None,1.0,37.77,0.2774,power,37.77,0.0,0.0,None,255.0,None,61.87,7.0,None,measurement,23.0,None,{'state': None},61.87,223.0
2022-05-03 14:27:11.635379+00:00,None,1.0,37.78,0.2774,power,37.78,0.0,0.0,None,255.0,None,61.87,7.0,None,measurement,23.0,None,{'state': None},61.87,223.0
2022-05-03 14:34:18.477463+00:00,None,1.0,37.78,0.2729,power,37.78,0.0,0.0,None,255.0,None,60.86,7.0,None,measurement,23.0,None,{'state': None},61.87,223.0
2022-05-03 14:34:18.483344+00:00,None,1.0,37.78,0.2729,power,37.78,0.0,0.0,None,255.0,None,60.86,7.0,None,measurement,23.0,None,{'state': None},60.86,223.0
2022-05-03 14:42:00.197560+00:00,None,1.0,37.79,0.2729,power,37.79,0.0,0.0,None,255.0,None,60.86,7.0,None,measurement,23.0,None,{'state': None},60.86,223.0
2022-05-03 14:45:25.138060+00:00,None,1.0,37.79,0.2729,power,37.79,0.0,0.0,None,255.0,None,56.84,7.0,None,measurement,23.0,None,{'state': None},60.86,223.0
2022-05-03 14:45:25.144918+00:00,None,1.0,37.79,0.2729,power,37.79,0.0,0.0,None,255.0,None,56.84,7.0,None,measurement,23.0,None,{'state': None},56.84,223.0
2022-05-03 14:45:55.379832+00:00,None,1.0,37.79,0.2729,power,37.79,0.0,0.0,None,255.0,None,49.29,7.0,None,measurement,23.0,None,{'state': None},56.84,223.0
2022-05-03 14:45:55.384825+00:00,None,1.0,37.79,0.2729,power,37.79,0.0,0.0,None,255.0,None,49.29,7.0,None,measurement,23.0,None,{'state': None},49.29,223.0
2022-05-03 14:46:05.469525+00:00,None,1.0,37.79,0.2729,power,37.79,0.0,0.0,None,255.0,None,60.36,7.0,None,measurement,23.0,None,{'state': None},49.29,223.0
2022-05-03 14:46:05.478751+00:00,None,1.0,37.79,0.2729,power,37.79,0.0,0.0,None,255.0,None,60.36,7.0,None,measurement,23.0,None,{'state': None},60.36,223.0
2022-05-03 14:48:28.145760+00:00,None,1.0,37.8,0.269,power,37.8,0.0,0.0,None,255.0,None,61.87,7.0,None,measurement,23.0,None,{'state': None},60.36,230.0
2022-05-03 14:48:28.155298+00:00,None,1.0,37.8,0.269,power,37.8,0.0,0.0,None,255.0,None,61.87,7.0,None,measurement,23.0,None,{'state': None},61.87,230.0
2022-05-03 15:03:07.105463+00:00,None,1.0,37.81,0.2646,power,37.81,0.0,0.0,None,255.0,None,60.86,7.0,None,measurement,23.0,None,{'state': None},61.87,230.0
2022-05-03 15:03:07.111795+00:00,None,1.0,37.81,0.2646,power,37.81,0.0,0.0,None,255.0,None,60.86,7.0,None,measurement,23.0,None,{'state': None},60.86,230.0
2022-05-03 15:10:49.205659+00:00,None,1.0,37.82,0.2707,power,37.82,0.0,0.0,None,255.0,None,60.36,7.0,None,measurement,23.0,None,{'state': None},60.86,223.0
2022-05-03 15:10:49.211008+00:00,None,1.0,37.82,0.2707,power,37.82,0.0,0.0,None,255.0,None,60.36,7.0,None,measurement,23.0,None,{'state': None},60.36,223.0
2022-05-03 15:17:31.553204+00:00,None,1.0,37.83,0.2729,power,37.83,0.0,0.0,None,255.0,None,60.86,7.0,None,measurement,23.0,None,{'state': None},60.36,223.0
2022-05-03 15:17:31.558725+00:00,None,1.0,37.83,0.2729,power,37.83,0.0,0.0,None,255.0,None,60.86,7.0,None,measurement,23.0,None,{'state': None},60.86,223.0
2022-05-03 15:21:02.330437+00:00,None,1.0,37.83,0.2729,power,37.83,0.0,0.0,None,255.0,None,55.83,7.0,None,measurement,23.0,None,{'state': None},60.86,223.0
2022-05-03 15:21:02.336676+00:00,None,1.0,37.83,0.2729,power,37.83,0.0,0.0,None,255.0,None,55.83,7.0,None,measurement,23.0,None,{'state': None},55.83,223.0
2022-05-03 15:21:12.417175+00:00,None,1.0,37.83,0.2729,power,37.83,0.0,0.0,None,255.0,None,60.86,7.0,None,measurement,23.0,None,{'state': None},55.83,223.0
2022-05-03 15:21:12.423071+00:00,None,1.0,37.83,0.2729,power,37.83,0.0,0.0,None,255.0,None,60.86,7.0,None,measurement,23.0,None,{'state': None},60.86,223.0
2022-05-03 15:23:08.861068+00:00,None,1.0,37.83,0.2707,power,37.83,0.0,0.0,None,255.0,None,60.36,7.0,None,measurement,23.0,None,{'state': None},60.86,223.0
2022-05-03 15:23:08.865476+00:00,None,1.0,37.83,0.2707,power,37.83,0.0,0.0,None,255.0,None,60.36,7.0,None,measurement,23.0,None,{'state': None},60.36,223.0
2022-05-03 15:28:30.345938+00:00,None,1.0,37.84,0.2712,power,37.84,0.0,0.0,None,255.0,None,62.37,7.0,None,measurement,23.0,None,{'state': None},60.36,230.0
2022-05-03 15:28:30.351069+00:00,None,1.0,37.84,0.2712,power,37.84,0.0,0.0,None,255.0,None,62.37,7.0,None,measurement,23.0,None,{'state': None},62.37,230.0
2022-05-03 15:35:40.131701+00:00,None,1.0,37.85,0.2668,power,37.85,0.0,0.0,None,255.0,None,61.37,7.0,None,measurement,23.0,None,{'state': None},62.37,230.0
2022-05-03 15:35:40.138563+00:00,None,1.0,37.85,0.2668,power,37.85,0.0,0.0,None,255.0,None,61.37,7.0,None,measurement,23.0,None,{'state': None},61.37,230.0
2022-05-03 15:41:28.621962+00:00,None,1.0,37.85,0.2646,power,37.85,0.0,0.0,None,255.0,None,60.86,7.0,None,measurement,23.0,None,{'state': None},61.37,230.0
2022-05-03 15:41:28.626873+00:00,None,1.0,37.85,0.2646,power,37.85,0.0,0.0,None,255.0,None,60.86,7.0,None,measurement,23.0,None,{'state': None},60.86,230.0
2022-05-03 15:46:38.406613+00:00,None,1.0,37.86,0.2752,power,37.86,0.0,0.0,None,255.0,None,61.37,7.0,None,measurement,23.0,None,{'state': None},60.86,223.0
2022-05-03 15:46:38.410770+00:00,None,1.0,37.86,0.2752,power,37.86,0.0,0.0,None,255.0,None,61.37,7.0,None,measurement,23.0,None,{'state': None},61.37,223.0
2022-05-03 15:53:21.358937+00:00,None,1.0,37.86,0.269,power,37.86,0.0,0.0,None,255.0,None,61.87,7.0,None,measurement,23.0,None,{'state': None},61.37,230.0
2022-05-03 15:53:21.365159+00:00,None,1.0,37.86,0.269,power,37.86,0.0,0.0,None,255.0,None,61.87,7.0,None,measurement,23.0,None,{'state': None},61.87,230.0
2022-05-03 16:00:31.736902+00:00,None,1.0,37.87,0.2729,power,37.87,0.0,0.0,None,255.0,None,60.86,7.0,None,measurement,23.0,None,{'state': None},61.87,223.0
2022-05-03 16:00:31.743368+00:00,None,1.0,37.87,0.2729,power,37.87,0.0,0.0,None,255.0,None,60.86,7.0,None,measurement,23.0,None,{'state': None},60.86,223.0
2022-05-03 16:08:28.039095+00:00,None,1.0,37.88,0.2774,power,37.88,0.0,0.0,None,255.0,None,61.87,7.0,None,measurement,23.0,None,{'state': None},60.86,223.0
2022-05-03 16:08:28.044088+00:00,None,1.0,37.88,0.2774,power,37.88,0.0,0.0,None,255.0,None,61.87,7.0,None,measurement,23.0,None,{'state': None},61.87,223.0
2022-05-03 16:10:16.092459+00:00,None,1.0,37.88,0.2774,power,37.88,0.0,0.0,None,255.0,None,55.83,7.0,None,measurement,23.0,None,{'state': None},61.87,223.0
2022-05-03 16:10:16.100027+00:00,None,1.0,37.88,0.2774,power,37.88,0.0,0.0,None,255.0,None,55.83,7.0,None,measurement,23.0,None,{'state': None},55.83,223.0
2022-05-03 16:10:36.266661+00:00,None,1.0,37.88,0.2774,power,37.88,0.0,0.0,None,255.0,None,61.37,7.0,None,measurement,23.0,None,{'state': None},55.83,223.0
2022-05-03 16:10:36.272777+00:00,None,1.0,37.88,0.2774,power,37.88,0.0,0.0,None,255.0,None,61.37,7.0,None,measurement,23.0,None,{'state': None},61.37,223.0
2022-05-03 16:14:48.302373+00:00,None,1.0,37.88,0.2774,power,37.88,0.0,0.0,None,255.0,None,49.29,7.0,None,measurement,23.0,None,{'state': None},61.37,223.0
2022-05-03 16:14:48.308416+00:00,None,1.0,37.88,0.2774,power,37.88,0.0,0.0,None,255.0,None,49.29,7.0,None,measurement,23.0,None,{'state': None},49.29,223.0
2022-05-03 16:15:02.111529+00:00,None,1.0,37.88,0.2774,power,37.88,0.0,0.0,None,255.0,None,10.7,7.0,None,measurement,23.0,None,{'state': None},49.29,223.0
2022-05-03 16:15:02.117377+00:00,None,1.0,37.88,0.2774,power,37.88,0.0,0.0,None,255.0,None,10.7,7.0,None,measurement,23.0,None,{'state': None},10.7,223.0
2022-05-03 16:15:39.329754+00:00,None,1.0,37.89,0.048,power,37.89,0.0,0.0,None,255.0,None,10.7,7.0,None,measurement,23.0,None,{'state': None},10.7,223.0
2022-05-03 16:15:53.326703+00:00,None,1.0,37.89,0.048,power,37.89,0.0,0.0,None,255.0,None,0.89,7.0,None,measurement,23.0,None,{'state': None},10.7,223.0
2022-05-03 16:15:53.331540+00:00,None,1.0,37.89,0.048,power,37.89,0.0,0.0,None,255.0,None,0.89,7.0,None,measurement,23.0,None,{'state': None},0.89,223.0
2022-05-03 16:22:28.111376+00:00,None,1.0,37.89,0.0029,power,37.89,0.0,0.0,None,255.0,None,0.64,7.0,None,measurement,23.0,None,{'state': None},0.89,223.0
2022-05-03 16:22:28.115602+00:00,None,1.0,37.89,0.0029,power,37.89,0.0,0.0,None,255.0,None,0.64,7.0,None,measurement,23.0,None,{'state': None},0.64,223.0
2022-05-03 16:27:38.815473+00:00,None,1.0,37.89,0.0045,power,37.89,0.0,0.0,None,255.0,None,1.0,7.0,None,measurement,23.0,None,{'state': None},0.64,223.0
2022-05-03 16:27:38.819609+00:00,None,1.0,37.89,0.0045,power,37.89,0.0,0.0,None,255.0,None,1.0,7.0,None,measurement,23.0,None,{'state': None},1.0,223.0
2022-05-03 16:34:19.739225+00:00,None,1.0,37.89,0.0026,power,37.89,0.0,0.0,None,255.0,None,0.57,7.0,None,measurement,23.0,None,{'state': None},1.0,223.0
2022-05-03 16:34:19.744663+00:00,None,1.0,37.89,0.0026,power,37.89,0.0,0.0,None,255.0,None,0.57,7.0,None,measurement,23.0,None,{'state': None},0.57,223.0
2022-05-03 16:39:43.555211+00:00,None,1.0,37.89,0.0028,power,37.89,0.0,0.0,None,255.0,None,0.63,7.0,None,measurement,23.0,None,{'state': None},0.57,223.0
2022-05-03 16:39:43.560714+00:00,None,1.0,37.89,0.0028,power,37.89,0.0,0.0,None,255.0,None,0.63,7.0,None,measurement,23.0,None,{'state': None},0.63,223.0
2022-05-03 16:54:29.592875+00:00,None,1.0,37.89,0.0035,power,37.89,0.0,0.0,None,255.0,None,0.78,7.0,None,measurement,23.0,None,{'state': None},0.63,223.0
2022-05-03 16:54:29.597605+00:00,None,1.0,37.89,0.0035,power,37.89,0.0,0.0,None,255.0,None,0.78,7.0,None,measurement,23.0,None,{'state': None},0.78,223.0
2022-05-03 17:00:35.681991+00:00,None,1.0,37.89,0.0039,power,37.89,0.0,0.0,None,255.0,None,0.88,7.0,None,measurement,23.0,None,{'state': None},0.78,223.0
2022-05-03 17:00:35.686355+00:00,None,1.0,37.89,0.0039,power,37.89,0.0,0.0,None,255.0,None,0.88,7.0,None,measurement,23.0,None,{'state': None},0.88,223.0
2022-05-03 17:08:19.690652+00:00,None,1.0,37.89,0.0033,power,37.89,0.0,0.0,None,255.0,None,0.76,7.0,None,measurement,23.0,None,{'state': None},0.88,230.0
2022-05-03 17:08:19.695941+00:00,None,1.0,37.89,0.0033,power,37.89,0.0,0.0,None,255.0,None,0.76,7.0,None,measurement,23.0,None,{'state': None},0.76,230.0
2022-05-03 17:13:23.333366+00:00,None,1.0,37.89,0.003,power,37.89,0.0,0.0,None,255.0,None,0.7,7.0,None,measurement,23.0,None,{'state': None},0.76,230.0
2022-05-03 17:13:23.338528+00:00,None,1.0,37.89,0.003,power,37.89,0.0,0.0,None,255.0,None,0.7,7.0,None,measurement,23.0,None,{'state': None},0.7,230.0
2022-05-03 17:19:30.580112+00:00,None,1.0,37.89,0.0027,power,37.89,0.0,0.0,None,255.0,None,0.63,7.0,None,measurement,23.0,None,{'state': None},0.7,230.0
2022-05-03 17:19:30.586102+00:00,None,1.0,37.89,0.0027,power,37.89,0.0,0.0,None,255.0,None,0.63,7.0,None,measurement,23.0,None,{'state': None},0.63,230.0
2022-05-03 17:26:29.881926+00:00,None,1.0,37.89,0.0026,power,37.89,0.0,0.0,None,255.0,None,0.58,7.0,None,measurement,23.0,None,{'state': None},0.63,223.0
2022-05-03 17:26:29.889637+00:00,None,1.0,37.89,0.0026,power,37.89,0.0,0.0,None,255.0,None,0.58,7.0,None,measurement,23.0,None,{'state': None},0.58,223.0
2022-05-03 17:33:04.249143+00:00,None,1.0,37.89,0.0037,power,37.89,0.0,0.0,None,255.0,None,0.82,7.0,None,measurement,22.0,None,{'state': None},0.58,223.0
2022-05-03 17:33:04.252325+00:00,None,1.0,37.89,0.0037,power,37.89,0.0,0.0,None,255.0,None,0.82,7.0,None,measurement,22.0,None,{'state': None},0.82,223.0
2022-05-03 17:39:23.287315+00:00,None,1.0,37.89,0.0038,power,37.89,0.0,0.0,None,255.0,None,0.85,7.0,None,measurement,22.0,None,{'state': None},0.82,223.0
2022-05-03 17:39:23.290936+00:00,None,1.0,37.89,0.0038,power,37.89,0.0,0.0,None,255.0,None,0.85,7.0,None,measurement,22.0,None,{'state': None},0.85,223.0
2022-05-03 17:46:52.826231+00:00,None,1.0,37.89,0.0035,power,37.89,0.0,0.0,None,255.0,None,0.78,7.0,None,measurement,23.0,None,{'state': None},0.85,223.0
2022-05-03 17:46:52.835204+00:00,None,1.0,37.89,0.0035,power,37.89,0.0,0.0,None,255.0,None,0.78,7.0,None,measurement,23.0,None,{'state': None},0.78,223.0
2022-05-03 17:54:47.936691+00:00,None,1.0,37.89,0.0027,power,37.89,0.0,0.0,None,255.0,None,0.61,7.0,None,measurement,22.0,None,{'state': None},0.78,223.0
2022-05-03 17:54:47.941159+00:00,None,1.0,37.89,0.0027,power,37.89,0.0,0.0,None,255.0,None,0.61,7.0,None,measurement,22.0,None,{'state': None},0.61,223.0
2022-05-03 18:01:16.081626+00:00,None,1.0,37.89,0.003,power,37.89,0.0,0.0,None,255.0,None,0.68,7.0,None,measurement,22.0,None,{'state': None},0.61,223.0
2022-05-03 18:01:16.088826+00:00,None,1.0,37.89,0.003,power,37.89,0.0,0.0,None,255.0,None,0.68,7.0,None,measurement,22.0,None,{'state': None},0.68,223.0
2022-05-03 18:08:17.669890+00:00,None,1.0,37.89,0.0027,power,37.89,0.0,0.0,None,255.0,None,0.61,7.0,None,measurement,22.0,None,{'state': None},0.68,223.0
2022-05-03 18:08:17.674016+00:00,None,1.0,37.89,0.0027,power,37.89,0.0,0.0,None,255.0,None,0.61,7.0,None,measurement,22.0,None,{'state': None},0.61,223.0
2022-05-03 18:14:23.334835+00:00,None,1.0,37.89,0.0036,power,37.89,0.0,0.0,None,255.0,None,0.81,7.0,None,measurement,22.0,None,{'state': None},0.61,223.0
2022-05-03 18:14:23.341174+00:00,None,1.0,37.89,0.0036,power,37.89,0.0,0.0,None,255.0,None,0.81,7.0,None,measurement,22.0,None,{'state': None},0.81,223.0
2022-05-03 18:20:46.295413+00:00,None,1.0,37.89,0.0027,power,37.89,0.0,0.0,None,255.0,None,0.59,7.0,None,measurement,22.0,None,{'state': None},0.81,223.0
2022-05-03 18:20:46.301473+00:00,None,1.0,37.89,0.0027,power,37.89,0.0,0.0,None,255.0,None,0.59,7.0,None,measurement,22.0,None,{'state': None},0.59,223.0
2022-05-03 18:25:55.014387+00:00,None,1.0,37.89,0.0032,power,37.89,0.0,0.0,None,255.0,None,0.75,7.0,None,measurement,22.0,None,{'state': None},0.59,230.0
2022-05-03 18:25:55.022980+00:00,None,1.0,37.89,0.0032,power,37.89,0.0,0.0,None,255.0,None,0.75,7.0,None,measurement,22.0,None,{'state': None},0.75,230.0
2022-05-03 18:31:29.189452+00:00,None,1.0,37.89,0.0028,power,37.89,0.0,0.0,None,255.0,None,0.65,7.0,None,measurement,22.0,None,{'state': None},0.75,230.0
2022-05-03 18:31:29.194799+00:00,None,1.0,37.89,0.0028,power,37.89,0.0,0.0,None,255.0,None,0.65,7.0,None,measurement,22.0,None,{'state': None},0.65,230.0
2022-05-03 18:37:36.338413+00:00,None,1.0,37.89,0.0039,power,37.89,0.0,0.0,None,255.0,None,0.88,7.0,None,measurement,22.0,None,{'state': None},0.65,223.0
2022-05-03 18:37:36.344094+00:00,None,1.0,37.89,0.0039,power,37.89,0.0,0.0,None,255.0,None,0.88,7.0,None,measurement,22.0,None,{'state': None},0.88,223.0
2022-05-03 18:45:31.992882+00:00,None,1.0,37.89,0.0027,power,37.89,0.0,0.0,None,255.0,None,0.61,7.0,None,measurement,22.0,None,{'state': None},0.88,223.0
2022-05-03 18:45:31.999755+00:00,None,1.0,37.89,0.0027,power,37.89,0.0,0.0,None,255.0,None,0.61,7.0,None,measurement,22.0,None,{'state': None},0.61,223.0
2022-05-03 18:52:46.179774+00:00,None,1.0,37.89,0.0027,power,37.89,0.0,0.0,None,255.0,None,0.6,7.0,None,measurement,22.0,None,{'state': None},0.61,223.0
2022-05-03 18:52:46.183861+00:00,None,1.0,37.89,0.0027,power,37.89,0.0,0.0,None,255.0,None,0.6,7.0,None,measurement,22.0,None,{'state': None},0.6,223.0
2022-05-03 18:58:30.759325+00:00,None,1.0,37.89,0.0029,power,37.89,0.0,0.0,None,255.0,None,0.64,7.0,None,measurement,22.0,None,{'state': None},0.6,223.0
2022-05-03 18:58:30.765044+00:00,None,1.0,37.89,0.0029,power,37.89,0.0,0.0,None,255.0,None,0.64,7.0,None,measurement,22.0,None,{'state': None},0.64,223.0
2022-05-03 19:05:33.377813+00:00,None,1.0,37.89,0.0027,power,37.89,0.0,0.0,None,255.0,None,0.6,7.0,None,measurement,22.0,None,{'state': None},0.64,223.0
2022-05-03 19:05:33.385094+00:00,None,1.0,37.89,0.0027,power,37.89,0.0,0.0,None,255.0,None,0.6,7.0,None,measurement,22.0,None,{'state': None},0.6,223.0
2022-05-03 19:10:56.978376+00:00,None,1.0,37.89,0.003,power,37.89,0.0,0.0,None,255.0,None,0.67,7.0,None,measurement,22.0,None,{'state': None},0.6,223.0
2022-05-03 19:10:56.983572+00:00,None,1.0,37.89,0.003,power,37.89,0.0,0.0,None,255.0,None,0.67,7.0,None,measurement,22.0,None,{'state': None},0.67,223.0
2022-05-03 19:17:28.731561+00:00,None,1.0,37.89,0.0027,power,37.89,0.0,0.0,None,255.0,None,0.6,7.0,None,measurement,22.0,None,{'state': None},0.67,223.0
2022-05-03 19:17:28.739624+00:00,None,1.0,37.89,0.0027,power,37.89,0.0,0.0,None,255.0,None,0.6,7.0,None,measurement,22.0,None,{'state': None},0.6,223.0
2022-05-03 19:23:29.630596+00:00,None,1.0,37.89,0.0038,power,37.89,0.0,0.0,None,255.0,None,0.86,7.0,None,measurement,22.0,None,{'state': None},0.6,223.0
2022-05-03 19:23:29.634577+00:00,None,1.0,37.89,0.0038,power,37.89,0.0,0.0,None,255.0,None,0.86,7.0,None,measurement,22.0,None,{'state': None},0.86,223.0
2022-05-03 19:31:09.554587+00:00,None,1.0,37.89,0.0029,power,37.89,0.0,0.0,None,255.0,None,0.66,7.0,None,measurement,22.0,None,{'state': None},0.86,223.0
2022-05-03 19:31:09.560819+00:00,None,1.0,37.89,0.0029,power,37.89,0.0,0.0,None,255.0,None,0.66,7.0,None,measurement,22.0,None,{'state': None},0.66,223.0
2022-05-03 19:36:57.754201+00:00,None,1.0,37.89,0.0044,power,37.89,0.0,0.0,None,255.0,None,0.99,7.0,None,measurement,22.0,None,{'state': None},0.66,223.0
2022-05-03 19:36:57.757862+00:00,None,1.0,37.89,0.0044,power,37.89,0.0,0.0,None,255.0,None,0.99,7.0,None,measurement,22.0,None,{'state': None},0.99,223.0
2022-05-03 19:44:43.028807+00:00,None,1.0,37.89,0.0028,power,37.89,0.0,0.0,None,255.0,None,0.63,7.0,None,measurement,22.0,None,{'state': None},0.99,223.0
2022-05-03 19:44:43.035469+00:00,None,1.0,37.89,0.0028,power,37.89,0.0,0.0,None,255.0,None,0.63,7.0,None,measurement,22.0,None,{'state': None},0.63,223.0
2022-05-03 19:46:48.101014+00:00,None,1.0,37.89,0.0028,power,37.89,0.0,0.0,None,255.0,None,20.12,7.0,None,measurement,22.0,None,{'state': None},0.63,223.0
2022-05-03 19:46:48.105750+00:00,None,1.0,37.89,0.0028,power,37.89,0.0,0.0,None,255.0,None,20.12,7.0,None,measurement,22.0,None,{'state': None},20.12,223.0
2022-05-03 19:46:49.607011+00:00,None,1.0,37.89,0.0028,power,37.89,0.0,0.0,None,255.0,None,55.33,7.0,None,measurement,22.0,None,{'state': None},20.12,223.0
2022-05-03 19:46:49.612338+00:00,None,1.0,37.89,0.0028,power,37.89,0.0,0.0,None,255.0,None,55.33,7.0,None,measurement,22.0,None,{'state': None},55.33,223.0
2022-05-03 19:46:59.692171+00:00,None,1.0,37.89,0.0028,power,37.89,0.0,0.0,None,255.0,None,61.87,7.0,None,measurement,22.0,None,{'state': None},55.33,223.0
2022-05-03 19:46:59.698278+00:00,None,1.0,37.89,0.0028,power,37.89,0.0,0.0,None,255.0,None,61.87,7.0,None,measurement,22.0,None,{'state': None},61.87,223.0
2022-05-03 19:47:09.781819+00:00,None,1.0,37.89,0.0028,power,37.89,0.0,0.0,None,255.0,None,56.34,7.0,None,measurement,22.0,None,{'state': None},61.87,223.0
2022-05-03 19:47:09.790936+00:00,None,1.0,37.89,0.0028,power,37.89,0.0,0.0,None,255.0,None,56.34,7.0,None,measurement,22.0,None,{'state': None},56.34,223.0
2022-05-03 19:47:19.851303+00:00,None,1.0,37.89,0.0028,power,37.89,0.0,0.0,None,255.0,None,50.3,7.0,None,measurement,22.0,None,{'state': None},56.34,223.0
2022-05-03 19:47:19.859393+00:00,None,1.0,37.89,0.0028,power,37.89,0.0,0.0,None,255.0,None,50.3,7.0,None,measurement,22.0,None,{'state': None},50.3,223.0
2022-05-03 19:47:50.099244+00:00,None,1.0,37.89,0.0028,power,37.89,0.0,0.0,None,255.0,None,53.82,7.0,None,measurement,22.0,None,{'state': None},50.3,223.0
2022-05-03 19:47:50.104721+00:00,None,1.0,37.89,0.0028,power,37.89,0.0,0.0,None,255.0,None,53.82,7.0,None,measurement,22.0,None,{'state': None},53.82,223.0
2022-05-03 19:49:51.078446+00:00,None,1.0,37.89,0.0028,power,37.89,0.0,0.0,None,255.0,None,57.34,7.0,None,measurement,22.0,None,{'state': None},53.82,223.0
2022-05-03 19:49:51.083530+00:00,None,1.0,37.89,0.0028,power,37.89,0.0,0.0,None,255.0,None,57.34,7.0,None,measurement,22.0,None,{'state': None},57.34,223.0
2022-05-03 19:52:04.963713+00:00,None,1.0,37.89,0.2559,power,37.89,0.0,0.0,None,255.0,None,58.85,7.0,None,measurement,22.0,None,{'state': None},57.34,230.0
2022-05-03 19:52:04.967540+00:00,None,1.0,37.89,0.2559,power,37.89,0.0,0.0,None,255.0,None,58.85,7.0,None,measurement,22.0,None,{'state': None},58.85,230.0
2022-05-03 19:58:55.473179+00:00,None,1.0,37.9,0.2559,power,37.9,0.0,0.0,None,255.0,None,58.85,7.0,None,measurement,22.0,None,{'state': None},58.85,230.0
2022-05-03 20:04:51.021959+00:00,None,1.0,37.9,0.2526,power,37.9,0.0,0.0,None,255.0,None,56.34,7.0,None,measurement,22.0,None,{'state': None},58.85,223.0
2022-05-03 20:04:51.025804+00:00,None,1.0,37.9,0.2526,power,37.9,0.0,0.0,None,255.0,None,56.34,7.0,None,measurement,22.0,None,{'state': None},56.34,223.0
2022-05-03 20:09:20.490741+00:00,None,1.0,37.9,0.2526,power,37.9,0.0,0.0,None,255.0,None,51.81,7.0,None,measurement,22.0,None,{'state': None},56.34,223.0
2022-05-03 20:09:20.497260+00:00,None,1.0,37.9,0.2526,power,37.9,0.0,0.0,None,255.0,None,51.81,7.0,None,measurement,22.0,None,{'state': None},51.81,223.0
2022-05-03 20:09:30.567256+00:00,None,1.0,37.9,0.2526,power,37.9,0.0,0.0,None,255.0,None,57.85,7.0,None,measurement,22.0,None,{'state': None},51.81,223.0
2022-05-03 20:09:30.573269+00:00,None,1.0,37.9,0.2526,power,37.9,0.0,0.0,None,255.0,None,57.85,7.0,None,measurement,22.0,None,{'state': None},57.85,223.0
2022-05-03 20:10:41.561721+00:00,None,1.0,37.91,0.2549,power,37.91,0.0,0.0,None,255.0,None,56.84,7.0,None,measurement,23.0,None,{'state': None},57.85,223.0
2022-05-03 20:10:41.567536+00:00,None,1.0,37.91,0.2549,power,37.91,0.0,0.0,None,255.0,None,56.84,7.0,None,measurement,23.0,None,{'state': None},56.84,223.0
2022-05-03 20:16:23.909213+00:00,None,1.0,37.91,0.2549,power,37.91,0.0,0.0,None,255.0,None,50.3,7.0,None,measurement,23.0,None,{'state': None},56.84,223.0
2022-05-03 20:16:23.913259+00:00,None,1.0,37.91,0.2549,power,37.91,0.0,0.0,None,255.0,None,50.3,7.0,None,measurement,23.0,None,{'state': None},50.3,223.0
2022-05-03 20:16:33.974818+00:00,None,1.0,37.91,0.2549,power,37.91,0.0,0.0,None,255.0,None,57.34,7.0,None,measurement,23.0,None,{'state': None},50.3,223.0
2022-05-03 20:16:33.980745+00:00,None,1.0,37.91,0.2549,power,37.91,0.0,0.0,None,255.0,None,57.34,7.0,None,measurement,23.0,None,{'state': None},57.34,223.0
2022-05-03 20:16:47.087692+00:00,None,1.0,37.91,0.2549,power,37.91,0.0,0.0,None,255.0,None,56.84,7.0,None,measurement,23.0,None,{'state': None},57.34,223.0
2022-05-03 20:16:47.093211+00:00,None,1.0,37.91,0.2549,power,37.91,0.0,0.0,None,255.0,None,56.84,7.0,None,measurement,23.0,None,{'state': None},56.84,223.0
2022-05-03 20:21:53.364486+00:00,None,1.0,37.92,0.2594,power,37.92,0.0,0.0,None,255.0,None,57.85,7.0,None,measurement,23.0,None,{'state': None},56.84,223.0
2022-05-03 20:21:53.369719+00:00,None,1.0,37.92,0.2594,power,37.92,0.0,0.0,None,255.0,None,57.85,7.0,None,measurement,23.0,None,{'state': None},57.85,223.0
2022-05-03 20:24:47.956342+00:00,None,1.0,37.92,0.2594,power,37.92,0.0,0.0,None,255.0,None,60.86,7.0,None,measurement,23.0,None,{'state': None},57.85,223.0
2022-05-03 20:24:47.960683+00:00,None,1.0,37.92,0.2594,power,37.92,0.0,0.0,None,255.0,None,60.86,7.0,None,measurement,23.0,None,{'state': None},60.86,223.0
2022-05-03 20:24:58.029216+00:00,None,1.0,37.92,0.2594,power,37.92,0.0,0.0,None,255.0,None,55.33,7.0,None,measurement,23.0,None,{'state': None},60.86,223.0
2022-05-03 20:24:58.035328+00:00,None,1.0,37.92,0.2594,power,37.92,0.0,0.0,None,255.0,None,55.33,7.0,None,measurement,23.0,None,{'state': None},55.33,223.0
2022-05-03 20:27:33.703607+00:00,None,1.0,37.92,0.2571,power,37.92,0.0,0.0,None,255.0,None,57.34,7.0,None,measurement,23.0,None,{'state': None},55.33,223.0
2022-05-03 20:27:33.707749+00:00,None,1.0,37.92,0.2571,power,37.92,0.0,0.0,None,255.0,None,57.34,7.0,None,measurement,23.0,None,{'state': None},57.34,223.0
2022-05-03 20:29:10.062362+00:00,None,1.0,37.92,0.2571,power,37.92,0.0,0.0,None,255.0,None,46.28,7.0,None,measurement,23.0,None,{'state': None},57.34,223.0
2022-05-03 20:29:10.067117+00:00,None,1.0,37.92,0.2571,power,37.92,0.0,0.0,None,255.0,None,46.28,7.0,None,measurement,23.0,None,{'state': None},46.28,223.0
2022-05-03 20:29:25.994730+00:00,None,1.0,37.92,0.2571,power,37.92,0.0,0.0,None,255.0,None,35.93,7.0,None,measurement,23.0,None,{'state': None},46.28,223.0
2022-05-03 20:29:26.003340+00:00,None,1.0,37.92,0.2571,power,37.92,0.0,0.0,None,255.0,None,35.93,7.0,None,measurement,23.0,None,{'state': None},35.93,223.0
2022-05-03 20:29:30.728243+00:00,None,1.0,37.92,0.2571,power,37.92,0.0,0.0,None,255.0,None,41.92,7.0,None,measurement,23.0,None,{'state': None},35.93,223.0
2022-05-03 20:29:30.735326+00:00,None,1.0,37.92,0.2571,power,37.92,0.0,0.0,None,255.0,None,41.92,7.0,None,measurement,23.0,None,{'state': None},41.92,223.0
2022-05-03 20:29:33.646711+00:00,None,1.0,37.92,0.2571,power,37.92,0.0,0.0,None,255.0,None,45.73,7.0,None,measurement,23.0,None,{'state': None},41.92,223.0
2022-05-03 20:29:33.652831+00:00,None,1.0,37.92,0.2571,power,37.92,0.0,0.0,None,255.0,None,45.73,7.0,None,measurement,23.0,None,{'state': None},45.73,223.0
2022-05-03 20:29:37.573446+00:00,None,1.0,37.92,0.2571,power,37.92,0.0,0.0,None,255.0,None,50.3,7.0,None,measurement,23.0,None,{'state': None},45.73,223.0
2022-05-03 20:29:37.576731+00:00,None,1.0,37.92,0.2571,power,37.92,0.0,0.0,None,255.0,None,50.3,7.0,None,measurement,23.0,None,{'state': None},50.3,223.0
2022-05-03 20:30:21.925654+00:00,None,1.0,37.92,0.2571,power,37.92,0.0,0.0,None,255.0,None,45.73,7.0,None,measurement,23.0,None,{'state': None},50.3,223.0
2022-05-03 20:30:21.928898+00:00,None,1.0,37.92,0.2571,power,37.92,0.0,0.0,None,255.0,None,45.73,7.0,None,measurement,23.0,None,{'state': None},45.73,223.0
2022-05-03 20:30:23.650279+00:00,None,1.0,37.92,0.2571,power,37.92,0.0,0.0,None,255.0,None,35.93,7.0,None,measurement,23.0,None,{'state': None},45.73,223.0
2022-05-03 20:30:23.658088+00:00,None,1.0,37.92,0.2571,power,37.92,0.0,0.0,None,255.0,None,35.93,7.0,None,measurement,23.0,None,{'state': None},35.93,223.0
2022-05-03 20:30:39.872980+00:00,None,1.0,37.92,0.2571,power,37.92,0.0,0.0,None,255.0,None,55.33,7.0,None,measurement,23.0,None,{'state': None},35.93,223.0
2022-05-03 20:30:39.877239+00:00,None,1.0,37.92,0.2571,power,37.92,0.0,0.0,None,255.0,None,55.33,7.0,None,measurement,23.0,None,{'state': None},55.33,223.0
2022-05-03 20:32:50.931422+00:00,None,1.0,37.92,0.2571,power,37.92,0.0,0.0,None,255.0,None,49.29,7.0,None,measurement,23.0,None,{'state': None},55.33,223.0
2022-05-03 20:32:50.936388+00:00,None,1.0,37.92,0.2571,power,37.92,0.0,0.0,None,255.0,None,49.29,7.0,None,measurement,23.0,None,{'state': None},49.29,223.0
2022-05-03 20:33:11.080806+00:00,None,1.0,37.92,0.2571,power,37.92,0.0,0.0,None,255.0,None,57.34,7.0,None,measurement,23.0,None,{'state': None},49.29,223.0
2022-05-03 20:33:11.085588+00:00,None,1.0,37.92,0.2571,power,37.92,0.0,0.0,None,255.0,None,57.34,7.0,None,measurement,23.0,None,{'state': None},57.34,223.0
2022-05-03 20:34:43.042458+00:00,None,1.0,37.93,0.2526,power,37.93,0.0,0.0,None,255.0,None,56.34,7.0,None,measurement,23.0,None,{'state': None},57.34,223.0
2022-05-03 20:34:43.048794+00:00,None,1.0,37.93,0.2526,power,37.93,0.0,0.0,None,255.0,None,56.34,7.0,None,measurement,23.0,None,{'state': None},56.34,223.0
2022-05-03 20:42:15.685604+00:00,None,1.0,37.94,0.2471,power,37.94,0.0,0.0,None,255.0,None,56.84,7.0,None,measurement,23.0,None,{'state': None},56.34,230.0
2022-05-03 20:42:15.690213+00:00,None,1.0,37.94,0.2471,power,37.94,0.0,0.0,None,255.0,None,56.84,7.0,None,measurement,23.0,None,{'state': None},56.84,230.0
2022-05-03 20:45:47.190246+00:00,None,1.0,37.94,0.2471,power,37.94,0.0,0.0,None,255.0,None,53.82,7.0,None,measurement,23.0,None,{'state': None},56.84,230.0
2022-05-03 20:45:47.195633+00:00,None,1.0,37.94,0.2471,power,37.94,0.0,0.0,None,255.0,None,53.82,7.0,None,measurement,23.0,None,{'state': None},53.82,230.0
2022-05-03 20:47:58.229184+00:00,None,1.0,37.94,0.2471,power,37.94,0.0,0.0,None,255.0,None,58.35,7.0,None,measurement,23.0,None,{'state': None},53.82,230.0
2022-05-03 20:47:58.235184+00:00,None,1.0,37.94,0.2471,power,37.94,0.0,0.0,None,255.0,None,58.35,7.0,None,measurement,23.0,None,{'state': None},58.35,230.0
2022-05-03 20:49:23.428581+00:00,None,1.0,37.94,0.2428,power,37.94,0.0,0.0,None,255.0,None,55.83,7.0,None,measurement,23.0,None,{'state': None},58.35,230.0
2022-05-03 20:49:23.434361+00:00,None,1.0,37.94,0.2428,power,37.94,0.0,0.0,None,255.0,None,55.83,7.0,None,measurement,23.0,None,{'state': None},55.83,230.0
2022-05-03 20:49:39.043057+00:00,None,1.0,37.94,0.2428,power,37.94,0.0,0.0,None,255.0,None,54.32,7.0,None,measurement,23.0,None,{'state': None},55.83,230.0
2022-05-03 20:49:39.047815+00:00,None,1.0,37.94,0.2428,power,37.94,0.0,0.0,None,255.0,None,54.32,7.0,None,measurement,23.0,None,{'state': None},54.32,230.0
2022-05-03 20:51:09.794323+00:00,None,1.0,37.94,0.2428,power,37.94,0.0,0.0,None,255.0,None,58.85,7.0,None,measurement,23.0,None,{'state': None},54.32,230.0
2022-05-03 20:51:09.801207+00:00,None,1.0,37.94,0.2428,power,37.94,0.0,0.0,None,255.0,None,58.85,7.0,None,measurement,23.0,None,{'state': None},58.85,230.0
2022-05-03 20:55:42.776269+00:00,None,1.0,37.95,0.2526,power,37.95,0.0,0.0,None,255.0,None,56.34,7.0,None,measurement,23.0,None,{'state': None},58.85,223.0
2022-05-03 20:55:42.779693+00:00,None,1.0,37.95,0.2526,power,37.95,0.0,0.0,None,255.0,None,56.34,7.0,None,measurement,23.0,None,{'state': None},56.34,223.0
2022-05-03 20:56:12.199284+00:00,None,1.0,37.95,0.2526,power,37.95,0.0,0.0,None,255.0,None,52.31,7.0,None,measurement,23.0,None,{'state': None},56.34,223.0
2022-05-03 20:56:12.202685+00:00,None,1.0,37.95,0.2526,power,37.95,0.0,0.0,None,255.0,None,52.31,7.0,None,measurement,23.0,None,{'state': None},52.31,223.0
2022-05-03 20:56:24.019108+00:00,None,1.0,37.95,0.2526,power,37.95,0.0,0.0,None,255.0,None,38.69,7.0,None,measurement,23.0,None,{'state': None},52.31,223.0
2022-05-03 20:56:24.025070+00:00,None,1.0,37.95,0.2526,power,37.95,0.0,0.0,None,255.0,None,38.69,7.0,None,measurement,23.0,None,{'state': None},38.69,223.0
2022-05-03 20:56:35.801444+00:00,None,1.0,37.95,0.2526,power,37.95,0.0,0.0,None,255.0,None,11.18,7.0,None,measurement,23.0,None,{'state': None},38.69,223.0
2022-05-03 20:56:35.805660+00:00,None,1.0,37.95,0.2526,power,37.95,0.0,0.0,None,255.0,None,11.18,7.0,None,measurement,23.0,None,{'state': None},11.18,223.0
2022-05-03 20:57:52.729632+00:00,None,1.0,37.95,0.2526,power,37.95,0.0,0.0,None,255.0,None,0.77,7.0,None,measurement,23.0,None,{'state': None},11.18,223.0
2022-05-03 20:57:52.735028+00:00,None,1.0,37.95,0.2526,power,37.95,0.0,0.0,None,255.0,None,0.77,7.0,None,measurement,23.0,None,{'state': None},0.77,223.0
2022-05-03 21:01:09.933528+00:00,None,1.0,37.95,0.0027,power,37.95,0.0,0.0,None,255.0,None,0.6,7.0,None,measurement,23.0,None,{'state': None},0.77,223.0
2022-05-03 21:01:09.938908+00:00,None,1.0,37.95,0.0027,power,37.95,0.0,0.0,None,255.0,None,0.6,7.0,None,measurement,23.0,None,{'state': None},0.6,223.0
2022-05-03 21:07:37.653457+00:00,None,1.0,37.95,0.0033,power,37.95,0.0,0.0,None,255.0,None,0.75,7.0,None,measurement,23.0,None,{'state': None},0.6,230.0
2022-05-03 21:07:37.659188+00:00,None,1.0,37.95,0.0033,power,37.95,0.0,0.0,None,255.0,None,0.75,7.0,None,measurement,23.0,None,{'state': None},0.75,230.0
2022-05-03 21:15:24.525274+00:00,None,1.0,37.95,0.0027,power,37.95,0.0,0.0,None,255.0,None,0.62,7.0,None,measurement,23.0,None,{'state': None},0.75,230.0
2022-05-03 21:15:24.529099+00:00,None,1.0,37.95,0.0027,power,37.95,0.0,0.0,None,255.0,None,0.62,7.0,None,measurement,23.0,None,{'state': None},0.62,230.0
2022-05-03 21:21:44.390541+00:00,None,1.0,37.95,0.0028,power,37.95,0.0,0.0,None,255.0,None,0.65,7.0,None,measurement,23.0,None,{'state': None},0.62,230.0
2022-05-03 21:21:44.395834+00:00,None,1.0,37.95,0.0028,power,37.95,0.0,0.0,None,255.0,None,0.65,7.0,None,measurement,23.0,None,{'state': None},0.65,230.0
2022-05-03 21:26:59.942836+00:00,None,1.0,37.95,0.0027,power,37.95,0.0,0.0,None,255.0,None,0.61,7.0,None,measurement,23.0,None,{'state': None},0.65,230.0
2022-05-03 21:26:59.948208+00:00,None,1.0,37.95,0.0027,power,37.95,0.0,0.0,None,255.0,None,0.61,7.0,None,measurement,23.0,None,{'state': None},0.61,230.0
2022-05-03 21:34:19.064856+00:00,None,1.0,37.95,0.0085,power,37.95,0.0,0.0,None,255.0,None,1.89,7.0,None,measurement,23.0,None,{'state': None},0.61,223.0
2022-05-03 21:34:19.069549+00:00,None,1.0,37.95,0.0085,power,37.95,0.0,0.0,None,255.0,None,1.89,7.0,None,measurement,23.0,None,{'state': None},1.89,223.0
2022-05-03 21:39:44.790270+00:00,None,1.0,37.95,0.0087,power,37.95,0.0,0.0,None,255.0,None,2.0,7.0,None,measurement,22.0,None,{'state': None},1.89,230.0
2022-05-03 21:39:44.794728+00:00,None,1.0,37.95,0.0087,power,37.95,0.0,0.0,None,255.0,None,2.0,7.0,None,measurement,22.0,None,{'state': None},2.0,230.0
2022-05-03 21:45:50.225213+00:00,None,1.0,37.95,0.0079,power,37.95,0.0,0.0,None,255.0,None,1.81,7.0,None,measurement,22.0,None,{'state': None},2.0,230.0
2022-05-03 21:45:50.231565+00:00,None,1.0,37.95,0.0079,power,37.95,0.0,0.0,None,255.0,None,1.81,7.0,None,measurement,22.0,None,{'state': None},1.81,230.0
2022-05-03 21:52:21.893219+00:00,None,1.0,37.95,0.0077,power,37.95,0.0,0.0,None,255.0,None,1.77,7.0,None,measurement,22.0,None,{'state': None},1.81,230.0
2022-05-03 21:52:21.896708+00:00,None,1.0,37.95,0.0077,power,37.95,0.0,0.0,None,255.0,None,1.77,7.0,None,measurement,22.0,None,{'state': None},1.77,230.0
2022-05-03 21:59:15.535929+00:00,None,1.0,37.95,0.0081,power,37.95,0.0,0.0,None,255.0,None,1.87,7.0,None,measurement,22.0,None,{'state': None},1.77,230.0
2022-05-03 21:59:15.540771+00:00,None,1.0,37.95,0.0081,power,37.95,0.0,0.0,None,255.0,None,1.87,7.0,None,measurement,22.0,None,{'state': None},1.87,230.0
2022-05-03 22:06:20.655382+00:00,None,1.0,37.95,0.0087,power,37.95,0.0,0.0,None,255.0,None,1.94,7.0,None,measurement,22.0,None,{'state': None},1.87,223.0
2022-05-03 22:06:20.661294+00:00,None,1.0,37.95,0.0087,power,37.95,0.0,0.0,None,255.0,None,1.94,7.0,None,measurement,22.0,None,{'state': None},1.94,223.0
2022-05-03 22:11:58.068049+00:00,None,1.0,37.95,0.0089,power,37.95,0.0,0.0,None,255.0,None,1.99,7.0,None,measurement,22.0,None,{'state': None},1.94,223.0
2022-05-03 22:11:58.075776+00:00,None,1.0,37.95,0.0089,power,37.95,0.0,0.0,None,255.0,None,1.99,7.0,None,measurement,22.0,None,{'state': None},1.99,223.0
2022-05-03 22:18:28.746018+00:00,None,1.0,37.95,0.0088,power,37.95,0.0,0.0,None,255.0,None,1.96,7.0,None,measurement,22.0,None,{'state': None},1.99,223.0
2022-05-03 22:18:28.750984+00:00,None,1.0,37.95,0.0088,power,37.95,0.0,0.0,None,255.0,None,1.96,7.0,None,measurement,22.0,None,{'state': None},1.96,223.0
2022-05-03 22:25:25.194621+00:00,None,1.0,37.95,0.0086,power,37.95,0.0,0.0,None,255.0,None,1.93,7.0,None,measurement,22.0,None,{'state': None},1.96,223.0
2022-05-03 22:25:25.199925+00:00,None,1.0,37.95,0.0086,power,37.95,0.0,0.0,None,255.0,None,1.93,7.0,None,measurement,22.0,None,{'state': None},1.93,223.0
2022-05-03 22:30:53.355300+00:00,None,1.0,37.95,0.0081,power,37.95,0.0,0.0,None,255.0,None,1.81,7.0,None,measurement,22.0,None,{'state': None},1.93,223.0
2022-05-03 22:30:53.365001+00:00,None,1.0,37.95,0.0081,power,37.95,0.0,0.0,None,255.0,None,1.81,7.0,None,measurement,22.0,None,{'state': None},1.81,223.0
2022-05-03 22:36:34.299233+00:00,None,1.0,37.95,0.0082,power,37.95,0.0,0.0,None,255.0,None,1.84,7.0,None,measurement,22.0,None,{'state': None},1.81,223.0
2022-05-03 22:36:34.305231+00:00,None,1.0,37.95,0.0082,power,37.95,0.0,0.0,None,255.0,None,1.84,7.0,None,measurement,22.0,None,{'state': None},1.84,223.0
2022-05-03 22:43:32.165036+00:00,None,1.0,37.95,0.0084,power,37.95,0.0,0.0,None,255.0,None,1.93,7.0,None,measurement,22.0,None,{'state': None},1.84,230.0
2022-05-03 22:43:32.171397+00:00,None,1.0,37.95,0.0084,power,37.95,0.0,0.0,None,255.0,None,1.93,7.0,None,measurement,22.0,None,{'state': None},1.93,230.0
2022-05-03 22:50:02.807879+00:00,None,1.0,37.95,0.0083,power,37.95,0.0,0.0,None,255.0,None,1.9,7.0,None,measurement,22.0,None,{'state': None},1.93,230.0
2022-05-03 22:50:02.814695+00:00,None,1.0,37.95,0.0083,power,37.95,0.0,0.0,None,255.0,None,1.9,7.0,None,measurement,22.0,None,{'state': None},1.9,230.0
2022-05-03 22:56:58.980839+00:00,None,1.0,37.95,0.0082,power,37.95,0.0,0.0,None,255.0,None,1.89,7.0,None,measurement,22.0,None,{'state': None},1.9,230.0
2022-05-03 22:56:58.986465+00:00,None,1.0,37.95,0.0082,power,37.95,0.0,0.0,None,255.0,None,1.89,7.0,None,measurement,22.0,None,{'state': None},1.89,230.0
2022-05-03 23:02:06.131990+00:00,None,1.0,37.95,0.008,power,37.95,0.0,0.0,None,255.0,None,1.84,7.0,None,measurement,22.0,None,{'state': None},1.89,230.0
2022-05-03 23:02:06.136751+00:00,None,1.0,37.95,0.008,power,37.95,0.0,0.0,None,255.0,None,1.84,7.0,None,measurement,22.0,None,{'state': None},1.84,230.0
2022-05-03 23:09:37.471362+00:00,None,1.0,37.95,0.0085,power,37.95,0.0,0.0,None,255.0,None,1.96,7.0,None,measurement,22.0,None,{'state': None},1.84,230.0
2022-05-03 23:09:37.477191+00:00,None,1.0,37.95,0.0085,power,37.95,0.0,0.0,None,255.0,None,1.96,7.0,None,measurement,22.0,None,{'state': None},1.96,230.0
2022-05-03 23:17:36.557741+00:00,None,1.0,37.95,0.0081,power,37.95,0.0,0.0,None,255.0,None,1.86,7.0,None,measurement,22.0,None,{'state': None},1.96,230.0
2022-05-03 23:17:36.560965+00:00,None,1.0,37.95,0.0081,power,37.95,0.0,0.0,None,255.0,None,1.86,7.0,None,measurement,22.0,None,{'state': None},1.86,230.0
2022-05-03 23:23:25.246648+00:00,None,1.0,37.96,0.0079,power,37.96,0.0,0.0,None,255.0,None,1.82,7.0,None,measurement,22.0,None,{'state': None},1.86,230.0
2022-05-03 23:23:25.251417+00:00,None,1.0,37.96,0.0079,power,37.96,0.0,0.0,None,255.0,None,1.82,7.0,None,measurement,22.0,None,{'state': None},1.82,230.0
2022-05-03 23:29:42.803490+00:00,None,1.0,37.96,0.0083,power,37.96,0.0,0.0,None,255.0,None,1.9,7.0,None,measurement,22.0,None,{'state': None},1.82,230.0
2022-05-03 23:29:42.808431+00:00,None,1.0,37.96,0.0083,power,37.96,0.0,0.0,None,255.0,None,1.9,7.0,None,measurement,22.0,None,{'state': None},1.9,230.0
2022-05-03 23:37:34.303959+00:00,None,1.0,37.96,0.0084,power,37.96,0.0,0.0,None,255.0,None,1.94,7.0,None,measurement,22.0,None,{'state': None},1.9,230.0
2022-05-03 23:37:34.307600+00:00,None,1.0,37.96,0.0084,power,37.96,0.0,0.0,None,255.0,None,1.94,7.0,None,measurement,22.0,None,{'state': None},1.94,230.0
2022-05-03 23:42:45.211872+00:00,None,1.0,37.96,0.0077,power,37.96,0.0,0.0,None,255.0,None,1.78,7.0,None,measurement,22.0,None,{'state': None},1.94,230.0
2022-05-03 23:42:45.216327+00:00,None,1.0,37.96,0.0077,power,37.96,0.0,0.0,None,255.0,None,1.78,7.0,None,measurement,22.0,None,{'state': None},1.78,230.0
2022-05-03 23:48:35.543367+00:00,None,1.0,37.96,0.0075,power,37.96,0.0,0.0,None,255.0,None,1.72,7.0,None,measurement,22.0,None,{'state': None},1.78,230.0
2022-05-03 23:48:35.548184+00:00,None,1.0,37.96,0.0075,power,37.96,0.0,0.0,None,255.0,None,1.72,7.0,None,measurement,22.0,None,{'state': None},1.72,230.0
2022-05-03 23:56:08.091574+00:00,None,1.0,37.96,0.0079,power,37.96,0.0,0.0,None,255.0,None,1.82,7.0,None,measurement,22.0,None,{'state': None},1.72,230.0
2022-05-03 23:56:08.096494+00:00,None,1.0,37.96,0.0079,power,37.96,0.0,0.0,None,255.0,None,1.82,7.0,None,measurement,22.0,None,{'state': None},1.82,230.0
