time,action_str,angle,angle_x,angle_x_absolute,angle_y,angle_y_absolute,angle_z,battery,icon_str,linkquality,sensitivity_str,state,strength,temperature,vibration,voltage
2022-05-14 12:27:36.518316+00:00,None,5.0,0.0,90.0,76.0,14.0,14.0,100.0,mdi:gesture-double-tap,255.0,high,None,13.0,24.0,0.0,3045.0
2022-05-14 13:25:04.457912+00:00,None,5.0,0.0,90.0,76.0,14.0,14.0,100.0,mdi:gesture-double-tap,255.0,high,None,13.0,25.0,0.0,3045.0
2022-05-14 14:20:51.606780+00:00,None,5.0,0.0,90.0,76.0,14.0,14.0,100.0,mdi:gesture-double-tap,255.0,high,None,13.0,25.0,0.0,3055.0
2022-05-14 15:17:12.782997+00:00,None,5.0,0.0,90.0,76.0,14.0,14.0,100.0,mdi:gesture-double-tap,255.0,high,None,13.0,25.0,0.0,3045.0
2022-05-14 22:24:17.056442+00:00,None,5.0,0.0,90.0,76.0,14.0,14.0,100.0,mdi:gesture-double-tap,255.0,high,None,13.0,25.0,0.0,3055.0
2022-05-14 23:20:04.001910+00:00,None,5.0,0.0,90.0,76.0,14.0,14.0,100.0,mdi:gesture-double-tap,255.0,high,None,13.0,24.0,0.0,3045.0
