time,auto_off_str,consumer_connected,consumption,current,device_class_str,energy,illuminance,illuminance_lux,led_disabled_night_str,linkquality,overload_protection_str,power,power_outage_count,power_outage_memory_str,state_class_str,temperature,update_available_str,update_str,value,voltage
2022-05-24 00:03:43.756187+00:00,None,1.0,42.56,0.0033,power,42.56,0.0,0.0,None,239.0,None,0.74,7.0,None,measurement,26.0,None,{'state': None},0.77,226.0
2022-05-24 00:03:43.763851+00:00,None,1.0,42.56,0.0033,power,42.56,0.0,0.0,None,239.0,None,0.74,7.0,None,measurement,26.0,None,{'state': None},0.74,226.0
2022-05-24 00:10:15.711947+00:00,None,1.0,42.56,0.0036,power,42.56,0.0,0.0,None,239.0,None,0.82,7.0,None,measurement,26.0,None,{'state': None},0.74,226.0
2022-05-24 00:10:15.716804+00:00,None,1.0,42.56,0.0036,power,42.56,0.0,0.0,None,239.0,None,0.82,7.0,None,measurement,26.0,None,{'state': None},0.82,226.0
2022-05-24 00:17:54.712972+00:00,None,1.0,42.56,0.0032,power,42.56,0.0,0.0,None,247.0,None,0.72,7.0,None,measurement,26.0,None,{'state': None},0.82,226.0
2022-05-24 00:17:54.718611+00:00,None,1.0,42.56,0.0032,power,42.56,0.0,0.0,None,247.0,None,0.72,7.0,None,measurement,26.0,None,{'state': None},0.72,226.0
2022-05-24 00:25:19.792349+00:00,None,1.0,42.56,0.0027,power,42.56,0.0,0.0,None,239.0,None,0.61,7.0,None,measurement,26.0,None,{'state': None},0.72,226.0
2022-05-24 00:25:19.797235+00:00,None,1.0,42.56,0.0027,power,42.56,0.0,0.0,None,239.0,None,0.61,7.0,None,measurement,26.0,None,{'state': None},0.61,226.0
2022-05-24 00:32:36.001064+00:00,None,1.0,42.56,0.0029,power,42.56,0.0,0.0,None,239.0,None,0.64,7.0,None,measurement,26.0,None,{'state': None},0.61,226.0
2022-05-24 00:32:36.006163+00:00,None,1.0,42.56,0.0029,power,42.56,0.0,0.0,None,239.0,None,0.64,7.0,None,measurement,26.0,None,{'state': None},0.64,226.0
2022-05-24 00:37:42.372735+00:00,None,1.0,42.56,0.0029,power,42.56,0.0,0.0,None,239.0,None,0.66,7.0,None,measurement,26.0,None,{'state': None},0.64,226.0
2022-05-24 00:37:42.376937+00:00,None,1.0,42.56,0.0029,power,42.56,0.0,0.0,None,239.0,None,0.66,7.0,None,measurement,26.0,None,{'state': None},0.66,226.0
2022-05-24 00:44:09.724999+00:00,None,1.0,42.56,0.0038,power,42.56,0.0,0.0,None,239.0,None,0.86,7.0,None,measurement,26.0,None,{'state': None},0.66,226.0
2022-05-24 00:44:09.732136+00:00,None,1.0,42.56,0.0038,power,42.56,0.0,0.0,None,239.0,None,0.86,7.0,None,measurement,26.0,None,{'state': None},0.86,226.0
2022-05-24 00:50:19.298113+00:00,None,1.0,42.56,0.0027,power,42.56,0.0,0.0,None,239.0,None,0.62,7.0,None,measurement,26.0,None,{'state': None},0.86,226.0
2022-05-24 00:50:19.302189+00:00,None,1.0,42.56,0.0027,power,42.56,0.0,0.0,None,239.0,None,0.62,7.0,None,measurement,26.0,None,{'state': None},0.62,226.0
2022-05-24 00:58:11.810203+00:00,None,1.0,42.56,0.0036,power,42.56,0.0,0.0,None,239.0,None,0.81,7.0,None,measurement,26.0,None,{'state': None},0.62,226.0
2022-05-24 00:58:11.816406+00:00,None,1.0,42.56,0.0036,power,42.56,0.0,0.0,None,239.0,None,0.81,7.0,None,measurement,26.0,None,{'state': None},0.81,226.0
2022-05-24 01:04:33.575554+00:00,None,1.0,42.56,0.0027,power,42.56,0.0,0.0,None,247.0,None,0.62,7.0,None,measurement,26.0,None,{'state': None},0.81,226.0
2022-05-24 01:04:33.579980+00:00,None,1.0,42.56,0.0027,power,42.56,0.0,0.0,None,247.0,None,0.62,7.0,None,measurement,26.0,None,{'state': None},0.62,226.0
2022-05-24 01:10:38.115767+00:00,None,1.0,42.56,0.0027,power,42.56,0.0,0.0,None,247.0,None,0.61,7.0,None,measurement,26.0,None,{'state': None},0.62,226.0
2022-05-24 01:10:38.121397+00:00,None,1.0,42.56,0.0027,power,42.56,0.0,0.0,None,247.0,None,0.61,7.0,None,measurement,26.0,None,{'state': None},0.61,226.0
2022-05-24 01:17:08.073632+00:00,None,1.0,42.56,0.0028,power,42.56,0.0,0.0,None,247.0,None,0.63,7.0,None,measurement,26.0,None,{'state': None},0.61,226.0
2022-05-24 01:17:08.078818+00:00,None,1.0,42.56,0.0028,power,42.56,0.0,0.0,None,247.0,None,0.63,7.0,None,measurement,26.0,None,{'state': None},0.63,226.0
2022-05-24 01:23:45.272687+00:00,None,1.0,42.56,0.0025,power,42.56,0.0,0.0,None,247.0,None,0.56,7.0,None,measurement,26.0,None,{'state': None},0.63,226.0
2022-05-24 01:23:45.280292+00:00,None,1.0,42.56,0.0025,power,42.56,0.0,0.0,None,247.0,None,0.56,7.0,None,measurement,26.0,None,{'state': None},0.56,226.0
2022-05-24 01:28:55.968180+00:00,None,1.0,42.56,0.0036,power,42.56,0.0,0.0,None,239.0,None,0.81,7.0,None,measurement,26.0,None,{'state': None},0.56,226.0
2022-05-24 01:28:55.974876+00:00,None,1.0,42.56,0.0036,power,42.56,0.0,0.0,None,239.0,None,0.81,7.0,None,measurement,26.0,None,{'state': None},0.81,226.0
2022-05-24 01:34:12.123693+00:00,None,1.0,42.56,0.0025,power,42.56,0.0,0.0,None,239.0,None,0.56,7.0,None,measurement,26.0,None,{'state': None},0.81,226.0
2022-05-24 01:34:12.129682+00:00,None,1.0,42.56,0.0025,power,42.56,0.0,0.0,None,239.0,None,0.56,7.0,None,measurement,26.0,None,{'state': None},0.56,226.0
2022-05-24 01:40:48.612514+00:00,None,1.0,42.56,0.0033,power,42.56,0.0,0.0,None,239.0,None,0.75,7.0,None,measurement,26.0,None,{'state': None},0.56,226.0
2022-05-24 01:40:48.620043+00:00,None,1.0,42.56,0.0033,power,42.56,0.0,0.0,None,239.0,None,0.75,7.0,None,measurement,26.0,None,{'state': None},0.75,226.0
2022-05-24 01:46:49.306974+00:00,None,1.0,42.56,0.0035,power,42.56,0.0,0.0,None,239.0,None,0.79,7.0,None,measurement,26.0,None,{'state': None},0.75,226.0
2022-05-24 01:46:49.312649+00:00,None,1.0,42.56,0.0035,power,42.56,0.0,0.0,None,239.0,None,0.79,7.0,None,measurement,26.0,None,{'state': None},0.79,226.0
2022-05-24 01:52:58.493844+00:00,None,1.0,42.56,0.0027,power,42.56,0.0,0.0,None,239.0,None,0.62,7.0,None,measurement,26.0,None,{'state': None},0.79,226.0
2022-05-24 01:52:58.501675+00:00,None,1.0,42.56,0.0027,power,42.56,0.0,0.0,None,239.0,None,0.62,7.0,None,measurement,26.0,None,{'state': None},0.62,226.0
2022-05-24 01:58:31.782048+00:00,None,1.0,42.56,0.0027,power,42.56,0.0,0.0,None,239.0,None,0.6,7.0,None,measurement,26.0,None,{'state': None},0.62,219.0
2022-05-24 01:58:31.788250+00:00,None,1.0,42.56,0.0027,power,42.56,0.0,0.0,None,239.0,None,0.6,7.0,None,measurement,26.0,None,{'state': None},0.6,219.0
2022-05-24 02:04:13.437238+00:00,None,1.0,42.56,0.0026,power,42.56,0.0,0.0,None,239.0,None,0.58,7.0,None,measurement,26.0,None,{'state': None},0.6,226.0
2022-05-24 02:04:13.442469+00:00,None,1.0,42.56,0.0026,power,42.56,0.0,0.0,None,239.0,None,0.58,7.0,None,measurement,26.0,None,{'state': None},0.58,226.0
2022-05-24 02:09:46.007437+00:00,None,1.0,42.56,0.003,power,42.56,0.0,0.0,None,239.0,None,0.69,7.0,None,measurement,26.0,None,{'state': None},0.58,226.0
2022-05-24 02:09:46.010999+00:00,None,1.0,42.56,0.003,power,42.56,0.0,0.0,None,239.0,None,0.69,7.0,None,measurement,26.0,None,{'state': None},0.69,226.0
2022-05-24 02:15:22.720644+00:00,None,1.0,42.56,0.0024,power,42.56,0.0,0.0,None,239.0,None,0.55,7.0,None,measurement,26.0,None,{'state': None},0.69,226.0
2022-05-24 02:15:22.728431+00:00,None,1.0,42.56,0.0024,power,42.56,0.0,0.0,None,239.0,None,0.55,7.0,None,measurement,26.0,None,{'state': None},0.55,226.0
2022-05-24 02:22:42.979670+00:00,None,1.0,42.56,0.0027,power,42.56,0.0,0.0,None,223.0,None,0.61,7.0,None,measurement,26.0,None,{'state': None},0.55,226.0
2022-05-24 02:22:42.983746+00:00,None,1.0,42.56,0.0027,power,42.56,0.0,0.0,None,223.0,None,0.61,7.0,None,measurement,26.0,None,{'state': None},0.61,226.0
2022-05-24 02:28:48.842048+00:00,None,1.0,42.56,0.0028,power,42.56,0.0,0.0,None,239.0,None,0.63,7.0,None,measurement,26.0,None,{'state': None},0.61,226.0
2022-05-24 02:28:48.847286+00:00,None,1.0,42.56,0.0028,power,42.56,0.0,0.0,None,239.0,None,0.63,7.0,None,measurement,26.0,None,{'state': None},0.63,226.0
2022-05-24 02:35:00.740810+00:00,None,1.0,42.56,0.0028,power,42.56,0.0,0.0,None,239.0,None,0.62,7.0,None,measurement,26.0,None,{'state': None},0.63,226.0
2022-05-24 02:35:00.744380+00:00,None,1.0,42.56,0.0028,power,42.56,0.0,0.0,None,239.0,None,0.62,7.0,None,measurement,26.0,None,{'state': None},0.62,226.0
2022-05-24 02:40:13.362908+00:00,None,1.0,42.56,0.0025,power,42.56,0.0,0.0,None,247.0,None,0.58,7.0,None,measurement,26.0,None,{'state': None},0.62,226.0
2022-05-24 02:40:13.366997+00:00,None,1.0,42.56,0.0025,power,42.56,0.0,0.0,None,247.0,None,0.58,7.0,None,measurement,26.0,None,{'state': None},0.58,226.0
2022-05-24 02:48:09.288661+00:00,None,1.0,42.56,0.0025,power,42.56,0.0,0.0,None,239.0,None,0.56,7.0,None,measurement,26.0,None,{'state': None},0.58,226.0
2022-05-24 02:48:09.292734+00:00,None,1.0,42.56,0.0025,power,42.56,0.0,0.0,None,239.0,None,0.56,7.0,None,measurement,26.0,None,{'state': None},0.56,226.0
2022-05-24 02:54:58.496030+00:00,None,1.0,42.56,0.0039,power,42.56,0.0,0.0,None,239.0,None,0.88,7.0,None,measurement,26.0,None,{'state': None},0.56,226.0
2022-05-24 02:54:58.502274+00:00,None,1.0,42.56,0.0039,power,42.56,0.0,0.0,None,239.0,None,0.88,7.0,None,measurement,26.0,None,{'state': None},0.88,226.0
2022-05-24 03:01:36.704805+00:00,None,1.0,42.56,0.0031,power,42.56,0.0,0.0,None,239.0,None,0.69,7.0,None,measurement,26.0,None,{'state': None},0.88,226.0
2022-05-24 03:01:36.709258+00:00,None,1.0,42.56,0.0031,power,42.56,0.0,0.0,None,239.0,None,0.69,7.0,None,measurement,26.0,None,{'state': None},0.69,226.0
2022-05-24 03:09:03.108217+00:00,None,1.0,42.56,0.0028,power,42.56,0.0,0.0,None,223.0,None,0.63,7.0,None,measurement,26.0,None,{'state': None},0.69,226.0
2022-05-24 03:09:03.113976+00:00,None,1.0,42.56,0.0028,power,42.56,0.0,0.0,None,223.0,None,0.63,7.0,None,measurement,26.0,None,{'state': None},0.63,226.0
2022-05-24 03:16:52.191181+00:00,None,1.0,42.56,0.0025,power,42.56,0.0,0.0,None,239.0,None,0.57,7.0,None,measurement,26.0,None,{'state': None},0.63,226.0
2022-05-24 03:16:52.198766+00:00,None,1.0,42.56,0.0025,power,42.56,0.0,0.0,None,239.0,None,0.57,7.0,None,measurement,26.0,None,{'state': None},0.57,226.0
2022-05-24 03:23:48.954994+00:00,None,1.0,42.56,0.0034,power,42.56,0.0,0.0,None,231.0,None,0.77,7.0,None,measurement,26.0,None,{'state': None},0.57,226.0
2022-05-24 03:23:48.959968+00:00,None,1.0,42.56,0.0034,power,42.56,0.0,0.0,None,231.0,None,0.77,7.0,None,measurement,26.0,None,{'state': None},0.77,226.0
2022-05-24 03:29:31.119495+00:00,None,1.0,42.56,0.0029,power,42.56,0.0,0.0,None,231.0,None,0.66,7.0,None,measurement,26.0,None,{'state': None},0.77,226.0
2022-05-24 03:29:31.125311+00:00,None,1.0,42.56,0.0029,power,42.56,0.0,0.0,None,231.0,None,0.66,7.0,None,measurement,26.0,None,{'state': None},0.66,226.0
2022-05-24 03:35:47.232580+00:00,None,1.0,42.56,0.004,power,42.56,0.0,0.0,None,239.0,None,0.89,7.0,None,measurement,26.0,None,{'state': None},0.66,226.0
2022-05-24 03:35:47.237585+00:00,None,1.0,42.56,0.004,power,42.56,0.0,0.0,None,239.0,None,0.89,7.0,None,measurement,26.0,None,{'state': None},0.89,226.0
2022-05-24 03:43:49.724977+00:00,None,1.0,42.56,0.0036,power,42.56,0.0,0.0,None,215.0,None,0.81,7.0,None,measurement,26.0,None,{'state': None},0.89,226.0
2022-05-24 03:43:49.729053+00:00,None,1.0,42.56,0.0036,power,42.56,0.0,0.0,None,215.0,None,0.81,7.0,None,measurement,26.0,None,{'state': None},0.81,226.0
2022-05-24 03:49:54.771541+00:00,None,1.0,42.56,0.0027,power,42.56,0.0,0.0,None,239.0,None,0.61,7.0,None,measurement,26.0,None,{'state': None},0.81,226.0
2022-05-24 03:49:54.776116+00:00,None,1.0,42.56,0.0027,power,42.56,0.0,0.0,None,239.0,None,0.61,7.0,None,measurement,26.0,None,{'state': None},0.61,226.0
2022-05-24 03:55:31.173659+00:00,None,1.0,42.56,0.0029,power,42.56,0.0,0.0,None,239.0,None,0.66,7.0,None,measurement,26.0,None,{'state': None},0.61,226.0
2022-05-24 03:55:31.178136+00:00,None,1.0,42.56,0.0029,power,42.56,0.0,0.0,None,239.0,None,0.66,7.0,None,measurement,26.0,None,{'state': None},0.66,226.0
2022-05-24 04:00:48.125755+00:00,None,1.0,42.56,0.0034,power,42.56,0.0,0.0,None,239.0,None,0.78,7.0,None,measurement,26.0,None,{'state': None},0.66,226.0
2022-05-24 04:00:48.130822+00:00,None,1.0,42.56,0.0034,power,42.56,0.0,0.0,None,239.0,None,0.78,7.0,None,measurement,26.0,None,{'state': None},0.78,226.0
2022-05-24 04:07:50.556147+00:00,None,1.0,42.56,0.0024,power,42.56,0.0,0.0,None,255.0,None,0.54,7.0,None,measurement,26.0,None,{'state': None},0.78,226.0
2022-05-24 04:07:50.562758+00:00,None,1.0,42.56,0.0024,power,42.56,0.0,0.0,None,255.0,None,0.54,7.0,None,measurement,26.0,None,{'state': None},0.54,226.0
2022-05-24 04:13:58.394112+00:00,None,1.0,42.56,0.0027,power,42.56,0.0,0.0,None,231.0,None,0.62,7.0,None,measurement,26.0,None,{'state': None},0.54,226.0
2022-05-24 04:13:58.399914+00:00,None,1.0,42.56,0.0027,power,42.56,0.0,0.0,None,231.0,None,0.62,7.0,None,measurement,26.0,None,{'state': None},0.62,226.0
2022-05-24 04:19:42.282234+00:00,None,1.0,42.56,0.0029,power,42.56,0.0,0.0,None,231.0,None,0.66,7.0,None,measurement,26.0,None,{'state': None},0.62,226.0
2022-05-24 04:19:42.288879+00:00,None,1.0,42.56,0.0029,power,42.56,0.0,0.0,None,231.0,None,0.66,7.0,None,measurement,26.0,None,{'state': None},0.66,226.0
2022-05-24 04:26:24.728260+00:00,None,1.0,42.56,0.0028,power,42.56,0.0,0.0,None,231.0,None,0.62,7.0,None,measurement,26.0,None,{'state': None},0.66,226.0
2022-05-24 04:26:24.734864+00:00,None,1.0,42.56,0.0028,power,42.56,0.0,0.0,None,231.0,None,0.62,7.0,None,measurement,26.0,None,{'state': None},0.62,226.0
2022-05-24 04:33:04.039101+00:00,None,1.0,42.56,0.0036,power,42.56,0.0,0.0,None,239.0,None,0.82,7.0,None,measurement,26.0,None,{'state': None},0.62,226.0
2022-05-24 04:33:04.044768+00:00,None,1.0,42.56,0.0036,power,42.56,0.0,0.0,None,239.0,None,0.82,7.0,None,measurement,26.0,None,{'state': None},0.82,226.0
2022-05-24 04:38:56.594635+00:00,None,1.0,42.56,0.0035,power,42.56,0.0,0.0,None,231.0,None,0.79,7.0,None,measurement,26.0,None,{'state': None},0.82,226.0
2022-05-24 04:38:56.600247+00:00,None,1.0,42.56,0.0035,power,42.56,0.0,0.0,None,231.0,None,0.79,7.0,None,measurement,26.0,None,{'state': None},0.79,226.0
2022-05-24 04:44:23.112876+00:00,None,1.0,42.56,0.0024,power,42.56,0.0,0.0,None,223.0,None,0.54,7.0,None,measurement,26.0,None,{'state': None},0.79,226.0
2022-05-24 04:44:23.118585+00:00,None,1.0,42.56,0.0024,power,42.56,0.0,0.0,None,223.0,None,0.54,7.0,None,measurement,26.0,None,{'state': None},0.54,226.0
2022-05-24 04:50:13.840901+00:00,None,1.0,42.56,0.0027,power,42.56,0.0,0.0,None,223.0,None,0.61,7.0,None,measurement,26.0,None,{'state': None},0.54,226.0
2022-05-24 04:50:13.847775+00:00,None,1.0,42.56,0.0027,power,42.56,0.0,0.0,None,223.0,None,0.61,7.0,None,measurement,26.0,None,{'state': None},0.61,226.0
2022-05-24 04:57:33.298294+00:00,None,1.0,42.56,0.0025,power,42.56,0.0,0.0,None,223.0,None,0.56,7.0,None,measurement,26.0,None,{'state': None},0.61,226.0
2022-05-24 04:57:33.303070+00:00,None,1.0,42.56,0.0025,power,42.56,0.0,0.0,None,223.0,None,0.56,7.0,None,measurement,26.0,None,{'state': None},0.56,226.0
2022-05-24 05:03:55.459213+00:00,None,1.0,42.56,0.0038,power,42.56,0.0,0.0,None,223.0,None,0.86,7.0,None,measurement,26.0,None,{'state': None},0.56,226.0
2022-05-24 05:03:55.464546+00:00,None,1.0,42.56,0.0038,power,42.56,0.0,0.0,None,223.0,None,0.86,7.0,None,measurement,26.0,None,{'state': None},0.86,226.0
2022-05-24 05:09:41.366033+00:00,None,1.0,42.56,0.0034,power,42.56,0.0,0.0,None,215.0,None,0.76,7.0,None,measurement,26.0,None,{'state': None},0.86,226.0
2022-05-24 05:09:41.374565+00:00,None,1.0,42.56,0.0034,power,42.56,0.0,0.0,None,215.0,None,0.76,7.0,None,measurement,26.0,None,{'state': None},0.76,226.0
2022-05-24 05:16:14.624588+00:00,None,1.0,42.56,0.0027,power,42.56,0.0,0.0,None,223.0,None,0.6,7.0,None,measurement,26.0,None,{'state': None},0.76,226.0
2022-05-24 05:16:14.630909+00:00,None,1.0,42.56,0.0027,power,42.56,0.0,0.0,None,223.0,None,0.6,7.0,None,measurement,26.0,None,{'state': None},0.6,226.0
2022-05-24 05:24:10.967752+00:00,None,1.0,42.56,0.0027,power,42.56,0.0,0.0,None,231.0,None,0.62,7.0,None,measurement,26.0,None,{'state': None},0.6,226.0
2022-05-24 05:24:10.972793+00:00,None,1.0,42.56,0.0027,power,42.56,0.0,0.0,None,231.0,None,0.62,7.0,None,measurement,26.0,None,{'state': None},0.62,226.0
2022-05-24 05:36:24.592478+00:00,None,1.0,42.56,0.0035,power,42.56,0.0,0.0,None,231.0,None,0.8,7.0,None,measurement,26.0,None,{'state': None},0.62,226.0
2022-05-24 05:36:24.598816+00:00,None,1.0,42.56,0.0035,power,42.56,0.0,0.0,None,231.0,None,0.8,7.0,None,measurement,26.0,None,{'state': None},0.8,226.0
2022-05-24 05:44:13.755184+00:00,None,1.0,42.56,0.0032,power,42.56,0.0,0.0,None,223.0,None,0.72,7.0,None,measurement,26.0,None,{'state': None},0.8,226.0
2022-05-24 05:44:13.761451+00:00,None,1.0,42.56,0.0032,power,42.56,0.0,0.0,None,223.0,None,0.72,7.0,None,measurement,26.0,None,{'state': None},0.72,226.0
2022-05-24 05:51:15.855633+00:00,None,1.0,42.56,0.0026,power,42.56,0.0,0.0,None,215.0,None,0.6,7.0,None,measurement,26.0,None,{'state': None},0.72,226.0
2022-05-24 05:51:15.862685+00:00,None,1.0,42.56,0.0026,power,42.56,0.0,0.0,None,215.0,None,0.6,7.0,None,measurement,26.0,None,{'state': None},0.6,226.0
2022-05-24 05:58:38.332087+00:00,None,1.0,42.56,0.0035,power,42.56,0.0,0.0,None,223.0,None,0.79,7.0,None,measurement,26.0,None,{'state': None},0.6,226.0
2022-05-24 05:58:38.339146+00:00,None,1.0,42.56,0.0035,power,42.56,0.0,0.0,None,223.0,None,0.79,7.0,None,measurement,26.0,None,{'state': None},0.79,226.0
2022-05-24 06:05:01.631342+00:00,None,1.0,42.56,0.0025,power,42.56,0.0,0.0,None,231.0,None,0.55,7.0,None,measurement,26.0,None,{'state': None},0.79,226.0
2022-05-24 06:05:01.638175+00:00,None,1.0,42.56,0.0025,power,42.56,0.0,0.0,None,231.0,None,0.55,7.0,None,measurement,26.0,None,{'state': None},0.55,226.0
2022-05-24 06:10:57.821170+00:00,None,1.0,42.56,0.0029,power,42.56,0.0,0.0,None,231.0,None,0.65,7.0,None,measurement,26.0,None,{'state': None},0.55,226.0
2022-05-24 06:10:57.828846+00:00,None,1.0,42.56,0.0029,power,42.56,0.0,0.0,None,231.0,None,0.65,7.0,None,measurement,26.0,None,{'state': None},0.65,226.0
2022-05-24 06:16:36.033095+00:00,None,1.0,42.56,0.0027,power,42.56,0.0,0.0,None,239.0,None,0.62,7.0,None,measurement,26.0,None,{'state': None},0.65,226.0
2022-05-24 06:16:36.040247+00:00,None,1.0,42.56,0.0027,power,42.56,0.0,0.0,None,239.0,None,0.62,7.0,None,measurement,26.0,None,{'state': None},0.62,226.0
2022-05-24 06:22:46.416997+00:00,None,1.0,42.56,0.0037,power,42.56,0.0,0.0,None,231.0,None,0.83,7.0,None,measurement,26.0,None,{'state': None},0.62,226.0
2022-05-24 06:22:46.424690+00:00,None,1.0,42.56,0.0037,power,42.56,0.0,0.0,None,231.0,None,0.83,7.0,None,measurement,26.0,None,{'state': None},0.83,226.0
2022-05-24 06:29:19.606560+00:00,None,1.0,42.56,0.0028,power,42.56,0.0,0.0,None,239.0,None,0.62,7.0,None,measurement,26.0,None,{'state': None},0.83,226.0
2022-05-24 06:29:19.614083+00:00,None,1.0,42.56,0.0028,power,42.56,0.0,0.0,None,239.0,None,0.62,7.0,None,measurement,26.0,None,{'state': None},0.62,226.0
2022-05-24 06:34:34.340576+00:00,None,1.0,42.56,0.0034,power,42.56,0.0,0.0,None,239.0,None,0.77,7.0,None,measurement,26.0,None,{'state': None},0.62,226.0
2022-05-24 06:34:34.348701+00:00,None,1.0,42.56,0.0034,power,42.56,0.0,0.0,None,239.0,None,0.77,7.0,None,measurement,26.0,None,{'state': None},0.77,226.0
2022-05-24 06:40:53.400748+00:00,None,1.0,42.57,0.0038,power,42.57,0.0,0.0,None,223.0,None,0.86,7.0,None,measurement,26.0,None,{'state': None},0.77,226.0
2022-05-24 06:40:53.407437+00:00,None,1.0,42.57,0.0038,power,42.57,0.0,0.0,None,223.0,None,0.86,7.0,None,measurement,26.0,None,{'state': None},0.86,226.0
2022-05-24 06:47:16.701231+00:00,None,1.0,42.57,0.003,power,42.57,0.0,0.0,None,231.0,None,0.68,7.0,None,measurement,26.0,None,{'state': None},0.86,226.0
2022-05-24 06:47:16.706463+00:00,None,1.0,42.57,0.003,power,42.57,0.0,0.0,None,231.0,None,0.68,7.0,None,measurement,26.0,None,{'state': None},0.68,226.0
2022-05-24 06:53:33.335957+00:00,None,1.0,42.57,0.0027,power,42.57,0.0,0.0,None,223.0,None,0.61,7.0,None,measurement,26.0,None,{'state': None},0.68,226.0
2022-05-24 06:53:33.342503+00:00,None,1.0,42.57,0.0027,power,42.57,0.0,0.0,None,223.0,None,0.61,7.0,None,measurement,26.0,None,{'state': None},0.61,226.0
2022-05-24 07:01:10.212971+00:00,None,1.0,42.57,0.0027,power,42.57,0.0,0.0,None,231.0,None,0.61,7.0,None,measurement,26.0,None,{'state': None},0.61,226.0
2022-05-24 07:06:57.821819+00:00,None,1.0,42.57,0.0028,power,42.57,0.0,0.0,None,215.0,None,0.63,7.0,None,measurement,26.0,None,{'state': None},0.61,226.0
2022-05-24 07:06:57.826601+00:00,None,1.0,42.57,0.0028,power,42.57,0.0,0.0,None,215.0,None,0.63,7.0,None,measurement,26.0,None,{'state': None},0.63,226.0
2022-05-24 07:13:10.733904+00:00,None,1.0,42.57,0.0026,power,42.57,0.0,0.0,None,215.0,None,0.58,7.0,None,measurement,26.0,None,{'state': None},0.63,226.0
2022-05-24 07:13:10.742311+00:00,None,1.0,42.57,0.0026,power,42.57,0.0,0.0,None,215.0,None,0.58,7.0,None,measurement,26.0,None,{'state': None},0.58,226.0
2022-05-24 07:18:47.242719+00:00,None,1.0,42.57,0.0031,power,42.57,0.0,0.0,None,215.0,None,0.71,7.0,None,measurement,26.0,None,{'state': None},0.58,226.0
2022-05-24 07:18:47.247482+00:00,None,1.0,42.57,0.0031,power,42.57,0.0,0.0,None,215.0,None,0.71,7.0,None,measurement,26.0,None,{'state': None},0.71,226.0
2022-05-24 07:26:42.769099+00:00,None,1.0,42.57,0.0026,power,42.57,0.0,0.0,None,223.0,None,0.6,7.0,None,measurement,26.0,None,{'state': None},0.71,226.0
2022-05-24 07:26:42.775711+00:00,None,1.0,42.57,0.0026,power,42.57,0.0,0.0,None,223.0,None,0.6,7.0,None,measurement,26.0,None,{'state': None},0.6,226.0
2022-05-24 07:34:11.797224+00:00,None,1.0,42.57,0.0025,power,42.57,0.0,0.0,None,223.0,None,0.57,7.0,None,measurement,26.0,None,{'state': None},0.6,226.0
2022-05-24 07:34:11.802784+00:00,None,1.0,42.57,0.0025,power,42.57,0.0,0.0,None,223.0,None,0.57,7.0,None,measurement,26.0,None,{'state': None},0.57,226.0
2022-05-24 07:41:02.708227+00:00,None,1.0,42.57,0.0032,power,42.57,0.0,0.0,None,215.0,None,0.72,7.0,None,measurement,26.0,None,{'state': None},0.57,226.0
2022-05-24 07:41:02.714178+00:00,None,1.0,42.57,0.0032,power,42.57,0.0,0.0,None,215.0,None,0.72,7.0,None,measurement,26.0,None,{'state': None},0.72,226.0
2022-05-24 07:47:45.147019+00:00,None,1.0,42.57,0.0026,power,42.57,0.0,0.0,None,223.0,None,0.6,7.0,None,measurement,26.0,None,{'state': None},0.72,226.0
2022-05-24 07:47:45.153338+00:00,None,1.0,42.57,0.0026,power,42.57,0.0,0.0,None,223.0,None,0.6,7.0,None,measurement,26.0,None,{'state': None},0.6,226.0
2022-05-24 07:53:33.973293+00:00,None,1.0,42.57,0.0026,power,42.57,0.0,0.0,None,239.0,None,0.58,7.0,None,measurement,26.0,None,{'state': None},0.6,226.0
2022-05-24 07:53:33.978841+00:00,None,1.0,42.57,0.0026,power,42.57,0.0,0.0,None,239.0,None,0.58,7.0,None,measurement,26.0,None,{'state': None},0.58,226.0
2022-05-24 08:05:11.478567+00:00,None,1.0,42.57,0.0026,power,42.57,0.0,0.0,None,239.0,None,0.59,7.0,None,measurement,26.0,None,{'state': None},0.58,226.0
2022-05-24 08:05:11.488021+00:00,None,1.0,42.57,0.0026,power,42.57,0.0,0.0,None,239.0,None,0.59,7.0,None,measurement,26.0,None,{'state': None},0.59,226.0
2022-05-24 08:13:04.088686+00:00,None,1.0,42.57,0.0032,power,42.57,0.0,0.0,None,223.0,None,0.73,7.0,None,measurement,26.0,None,{'state': None},0.59,226.0
2022-05-24 08:13:04.094386+00:00,None,1.0,42.57,0.0032,power,42.57,0.0,0.0,None,223.0,None,0.73,7.0,None,measurement,26.0,None,{'state': None},0.73,226.0
2022-05-24 08:18:26.996149+00:00,None,1.0,42.57,0.0031,power,42.57,0.0,0.0,None,223.0,None,0.7,7.0,None,measurement,26.0,None,{'state': None},0.73,226.0
2022-05-24 08:18:27.003823+00:00,None,1.0,42.57,0.0031,power,42.57,0.0,0.0,None,223.0,None,0.7,7.0,None,measurement,26.0,None,{'state': None},0.7,226.0
2022-05-24 08:25:48.855456+00:00,None,1.0,42.57,0.0035,power,42.57,0.0,0.0,None,223.0,None,0.79,7.0,None,measurement,26.0,None,{'state': None},0.7,226.0
2022-05-24 08:25:48.861842+00:00,None,1.0,42.57,0.0035,power,42.57,0.0,0.0,None,223.0,None,0.79,7.0,None,measurement,26.0,None,{'state': None},0.79,226.0
2022-05-24 08:32:14.271902+00:00,None,1.0,42.57,0.0028,power,42.57,0.0,0.0,None,231.0,None,0.62,7.0,None,measurement,26.0,None,{'state': None},0.79,226.0
2022-05-24 08:32:14.276869+00:00,None,1.0,42.57,0.0028,power,42.57,0.0,0.0,None,231.0,None,0.62,7.0,None,measurement,26.0,None,{'state': None},0.62,226.0
2022-05-24 08:39:48.732267+00:00,None,1.0,42.57,0.0038,power,42.57,0.0,0.0,None,239.0,None,0.85,7.0,None,measurement,26.0,None,{'state': None},0.62,226.0
2022-05-24 08:39:48.738362+00:00,None,1.0,42.57,0.0038,power,42.57,0.0,0.0,None,239.0,None,0.85,7.0,None,measurement,26.0,None,{'state': None},0.85,226.0
2022-05-24 08:45:55.089441+00:00,None,1.0,42.57,0.0026,power,42.57,0.0,0.0,None,231.0,None,0.59,7.0,None,measurement,26.0,None,{'state': None},0.85,226.0
2022-05-24 08:45:55.093459+00:00,None,1.0,42.57,0.0026,power,42.57,0.0,0.0,None,231.0,None,0.59,7.0,None,measurement,26.0,None,{'state': None},0.59,226.0
2022-05-24 08:52:43.778720+00:00,None,1.0,42.57,0.0024,power,42.57,0.0,0.0,None,255.0,None,0.54,7.0,None,measurement,26.0,None,{'state': None},0.59,226.0
2022-05-24 08:52:43.783678+00:00,None,1.0,42.57,0.0024,power,42.57,0.0,0.0,None,255.0,None,0.54,7.0,None,measurement,26.0,None,{'state': None},0.54,226.0
2022-05-24 08:59:15.453290+00:00,None,1.0,42.57,0.0026,power,42.57,0.0,0.0,None,255.0,None,0.59,7.0,None,measurement,26.0,None,{'state': None},0.54,226.0
2022-05-24 08:59:15.456820+00:00,None,1.0,42.57,0.0026,power,42.57,0.0,0.0,None,255.0,None,0.59,7.0,None,measurement,26.0,None,{'state': None},0.59,226.0
2022-05-24 09:05:29.059533+00:00,None,1.0,42.57,0.0026,power,42.57,0.0,0.0,None,255.0,None,0.6,7.0,None,measurement,26.0,None,{'state': None},0.59,226.0
2022-05-24 09:05:29.065806+00:00,None,1.0,42.57,0.0026,power,42.57,0.0,0.0,None,255.0,None,0.6,7.0,None,measurement,26.0,None,{'state': None},0.6,226.0
2022-05-24 09:11:49.445058+00:00,None,1.0,42.57,0.0026,power,42.57,0.0,0.0,None,255.0,None,0.58,7.0,None,measurement,26.0,None,{'state': None},0.6,226.0
2022-05-24 09:11:49.448643+00:00,None,1.0,42.57,0.0026,power,42.57,0.0,0.0,None,255.0,None,0.58,7.0,None,measurement,26.0,None,{'state': None},0.58,226.0
2022-05-24 09:17:24.038486+00:00,None,1.0,42.57,0.0025,power,42.57,0.0,0.0,None,255.0,None,0.56,7.0,None,measurement,26.0,None,{'state': None},0.58,226.0
2022-05-24 09:17:24.047456+00:00,None,1.0,42.57,0.0025,power,42.57,0.0,0.0,None,255.0,None,0.56,7.0,None,measurement,26.0,None,{'state': None},0.56,226.0
2022-05-24 09:23:22.019223+00:00,None,1.0,42.57,0.0027,power,42.57,0.0,0.0,None,255.0,None,0.62,7.0,None,measurement,26.0,None,{'state': None},0.56,226.0
2022-05-24 09:23:22.023139+00:00,None,1.0,42.57,0.0027,power,42.57,0.0,0.0,None,255.0,None,0.62,7.0,None,measurement,26.0,None,{'state': None},0.62,226.0
2022-05-24 09:30:09.704676+00:00,None,1.0,42.57,0.0026,power,42.57,0.0,0.0,None,255.0,None,0.59,7.0,None,measurement,26.0,None,{'state': None},0.62,226.0
2022-05-24 09:30:09.710682+00:00,None,1.0,42.57,0.0026,power,42.57,0.0,0.0,None,255.0,None,0.59,7.0,None,measurement,26.0,None,{'state': None},0.59,226.0
2022-05-24 09:38:11.500036+00:00,None,1.0,42.57,0.0025,power,42.57,0.0,0.0,None,255.0,None,0.57,7.0,None,measurement,26.0,None,{'state': None},0.59,226.0
2022-05-24 09:38:11.511057+00:00,None,1.0,42.57,0.0025,power,42.57,0.0,0.0,None,255.0,None,0.57,7.0,None,measurement,26.0,None,{'state': None},0.57,226.0
2022-05-24 09:45:15.916748+00:00,None,1.0,42.57,0.0034,power,42.57,0.0,0.0,None,207.0,None,0.77,7.0,None,measurement,26.0,None,{'state': None},0.57,226.0
2022-05-24 09:45:15.922343+00:00,None,1.0,42.57,0.0034,power,42.57,0.0,0.0,None,207.0,None,0.77,7.0,None,measurement,26.0,None,{'state': None},0.77,226.0
2022-05-24 09:50:52.634942+00:00,None,1.0,42.57,0.0028,power,42.57,0.0,0.0,None,207.0,None,0.63,7.0,None,measurement,26.0,None,{'state': None},0.77,226.0
2022-05-24 09:50:52.640283+00:00,None,1.0,42.57,0.0028,power,42.57,0.0,0.0,None,207.0,None,0.63,7.0,None,measurement,26.0,None,{'state': None},0.63,226.0
2022-05-24 09:58:52.900445+00:00,None,1.0,42.57,0.0025,power,42.57,0.0,0.0,None,207.0,None,0.57,7.0,None,measurement,26.0,None,{'state': None},0.63,226.0
2022-05-24 09:58:52.909718+00:00,None,1.0,42.57,0.0025,power,42.57,0.0,0.0,None,207.0,None,0.57,7.0,None,measurement,26.0,None,{'state': None},0.57,226.0
2022-05-24 10:06:20.415344+00:00,None,1.0,42.57,0.0028,power,42.57,0.0,0.0,None,239.0,None,0.64,7.0,None,measurement,26.0,None,{'state': None},0.57,226.0
2022-05-24 10:06:20.420595+00:00,None,1.0,42.57,0.0028,power,42.57,0.0,0.0,None,239.0,None,0.64,7.0,None,measurement,26.0,None,{'state': None},0.64,226.0
2022-05-24 10:14:21.485935+00:00,None,1.0,42.57,0.0035,power,42.57,0.0,0.0,None,215.0,None,0.8,7.0,None,measurement,26.0,None,{'state': None},0.64,226.0
2022-05-24 10:14:21.492439+00:00,None,1.0,42.57,0.0035,power,42.57,0.0,0.0,None,215.0,None,0.8,7.0,None,measurement,26.0,None,{'state': None},0.8,226.0
2022-05-24 10:20:19.491364+00:00,None,1.0,42.57,0.0033,power,42.57,0.0,0.0,None,215.0,None,0.75,7.0,None,measurement,26.0,None,{'state': None},0.8,230.0
2022-05-24 10:20:19.498676+00:00,None,1.0,42.57,0.0033,power,42.57,0.0,0.0,None,215.0,None,0.75,7.0,None,measurement,26.0,None,{'state': None},0.75,230.0
2022-05-24 10:28:07.750971+00:00,None,1.0,42.57,0.0025,power,42.57,0.0,0.0,None,223.0,None,0.56,7.0,None,measurement,26.0,None,{'state': None},0.75,223.0
2022-05-24 10:28:07.757118+00:00,None,1.0,42.57,0.0025,power,42.57,0.0,0.0,None,223.0,None,0.56,7.0,None,measurement,26.0,None,{'state': None},0.56,223.0
2022-05-24 10:33:46.896934+00:00,None,1.0,42.57,0.0027,power,42.57,0.0,0.0,None,215.0,None,0.61,7.0,None,measurement,26.0,None,{'state': None},0.56,223.0
2022-05-24 10:33:46.900782+00:00,None,1.0,42.57,0.0027,power,42.57,0.0,0.0,None,215.0,None,0.61,7.0,None,measurement,26.0,None,{'state': None},0.61,223.0
2022-05-24 10:40:31.655981+00:00,None,1.0,42.57,0.0035,power,42.57,0.0,0.0,None,239.0,None,0.77,7.0,None,measurement,26.0,None,{'state': None},0.61,223.0
2022-05-24 10:40:31.662514+00:00,None,1.0,42.57,0.0035,power,42.57,0.0,0.0,None,239.0,None,0.77,7.0,None,measurement,26.0,None,{'state': None},0.77,223.0
2022-05-24 10:47:50.600810+00:00,None,1.0,42.57,0.0032,power,42.57,0.0,0.0,None,239.0,None,0.71,7.0,None,measurement,26.0,None,{'state': None},0.77,223.0
2022-05-24 10:47:50.608209+00:00,None,1.0,42.57,0.0032,power,42.57,0.0,0.0,None,239.0,None,0.71,7.0,None,measurement,26.0,None,{'state': None},0.71,223.0
2022-05-24 10:53:46.467467+00:00,None,1.0,42.57,0.0028,power,42.57,0.0,0.0,None,239.0,None,0.63,7.0,None,measurement,26.0,None,{'state': None},0.71,230.0
2022-05-24 10:53:46.472621+00:00,None,1.0,42.57,0.0028,power,42.57,0.0,0.0,None,239.0,None,0.63,7.0,None,measurement,26.0,None,{'state': None},0.63,230.0
2022-05-24 11:00:32.962701+00:00,None,1.0,42.57,0.0037,power,42.57,0.0,0.0,None,239.0,None,0.85,7.0,None,measurement,26.0,None,{'state': None},0.63,230.0
2022-05-24 11:00:32.967579+00:00,None,1.0,42.57,0.0037,power,42.57,0.0,0.0,None,239.0,None,0.85,7.0,None,measurement,26.0,None,{'state': None},0.85,230.0
2022-05-24 11:06:57.548601+00:00,None,1.0,42.57,0.0026,power,42.57,0.0,0.0,None,239.0,None,0.6,7.0,None,measurement,26.0,None,{'state': None},0.85,230.0
2022-05-24 11:06:57.555836+00:00,None,1.0,42.57,0.0026,power,42.57,0.0,0.0,None,239.0,None,0.6,7.0,None,measurement,26.0,None,{'state': None},0.6,230.0
2022-05-24 11:13:58.358297+00:00,None,1.0,42.57,0.003,power,42.57,0.0,0.0,None,239.0,None,0.7,7.0,None,measurement,26.0,None,{'state': None},0.6,230.0
2022-05-24 11:13:58.364667+00:00,None,1.0,42.57,0.003,power,42.57,0.0,0.0,None,239.0,None,0.7,7.0,None,measurement,26.0,None,{'state': None},0.7,230.0
2022-05-24 11:20:57.224768+00:00,None,1.0,42.57,0.0027,power,42.57,0.0,0.0,None,239.0,None,0.61,7.0,None,measurement,26.0,None,{'state': None},0.7,230.0
2022-05-24 11:20:57.232033+00:00,None,1.0,42.57,0.0027,power,42.57,0.0,0.0,None,239.0,None,0.61,7.0,None,measurement,26.0,None,{'state': None},0.61,230.0
2022-05-24 11:26:03.100610+00:00,None,1.0,42.57,0.0026,power,42.57,0.0,0.0,None,239.0,None,0.61,7.0,None,measurement,26.0,None,{'state': None},0.61,230.0
2022-05-24 11:31:31.535240+00:00,None,1.0,42.57,0.0037,power,42.57,0.0,0.0,None,239.0,None,0.84,7.0,None,measurement,26.0,None,{'state': None},0.61,230.0
2022-05-24 11:31:31.541845+00:00,None,1.0,42.57,0.0037,power,42.57,0.0,0.0,None,239.0,None,0.84,7.0,None,measurement,26.0,None,{'state': None},0.84,230.0
2022-05-24 11:38:34.375966+00:00,None,1.0,42.57,0.0027,power,42.57,0.0,0.0,None,215.0,None,0.62,7.0,None,measurement,26.0,None,{'state': None},0.84,230.0
2022-05-24 11:38:34.379528+00:00,None,1.0,42.57,0.0027,power,42.57,0.0,0.0,None,215.0,None,0.62,7.0,None,measurement,26.0,None,{'state': None},0.62,230.0
2022-05-24 11:45:01.359019+00:00,None,1.0,42.57,0.0033,power,42.57,0.0,0.0,None,239.0,None,0.77,7.0,None,measurement,26.0,None,{'state': None},0.62,230.0
2022-05-24 11:45:01.362865+00:00,None,1.0,42.57,0.0033,power,42.57,0.0,0.0,None,239.0,None,0.77,7.0,None,measurement,26.0,None,{'state': None},0.77,230.0
2022-05-24 11:50:21.150966+00:00,None,1.0,42.57,0.0029,power,42.57,0.0,0.0,None,223.0,None,0.67,7.0,None,measurement,26.0,None,{'state': None},0.77,230.0
2022-05-24 11:50:21.155857+00:00,None,1.0,42.57,0.0029,power,42.57,0.0,0.0,None,223.0,None,0.67,7.0,None,measurement,26.0,None,{'state': None},0.67,230.0
2022-05-24 11:57:15.703917+00:00,None,1.0,42.57,0.0027,power,42.57,0.0,0.0,None,239.0,None,0.61,7.0,None,measurement,26.0,None,{'state': None},0.67,223.0
2022-05-24 11:57:15.710265+00:00,None,1.0,42.57,0.0027,power,42.57,0.0,0.0,None,239.0,None,0.61,7.0,None,measurement,26.0,None,{'state': None},0.61,223.0
2022-05-24 12:02:20.145350+00:00,None,1.0,42.57,0.0032,power,42.57,0.0,0.0,None,239.0,None,0.72,7.0,None,measurement,26.0,None,{'state': None},0.61,223.0
2022-05-24 12:02:20.151050+00:00,None,1.0,42.57,0.0032,power,42.57,0.0,0.0,None,239.0,None,0.72,7.0,None,measurement,26.0,None,{'state': None},0.72,223.0
2022-05-24 12:08:27.318983+00:00,None,1.0,42.57,0.0039,power,42.57,0.0,0.0,None,239.0,None,0.86,7.0,None,measurement,26.0,None,{'state': None},0.72,223.0
2022-05-24 12:08:27.326310+00:00,None,1.0,42.57,0.0039,power,42.57,0.0,0.0,None,239.0,None,0.86,7.0,None,measurement,26.0,None,{'state': None},0.86,223.0
2022-05-24 12:13:50.518130+00:00,None,1.0,42.57,0.0039,power,42.57,0.0,0.0,None,255.0,None,0.86,7.0,None,measurement,26.0,None,{'state': None},0.86,223.0
2022-05-24 12:15:15.694822+00:00,None,1.0,42.57,0.0039,power,42.57,0.0,0.0,None,255.0,None,55.33,7.0,None,measurement,26.0,None,{'state': None},0.86,223.0
2022-05-24 12:15:15.702081+00:00,None,1.0,42.57,0.0039,power,42.57,0.0,0.0,None,255.0,None,55.33,7.0,None,measurement,26.0,None,{'state': None},55.33,223.0
2022-05-24 12:15:25.763508+00:00,None,1.0,42.57,0.0039,power,42.57,0.0,0.0,None,255.0,None,61.87,7.0,None,measurement,26.0,None,{'state': None},55.33,223.0
2022-05-24 12:15:25.770512+00:00,None,1.0,42.57,0.0039,power,42.57,0.0,0.0,None,255.0,None,61.87,7.0,None,measurement,26.0,None,{'state': None},61.87,223.0
2022-05-24 12:21:09.351669+00:00,None,1.0,42.58,0.2729,power,42.58,0.0,0.0,None,255.0,None,60.86,7.0,None,measurement,25.0,None,{'state': None},61.87,223.0
2022-05-24 12:21:09.357971+00:00,None,1.0,42.58,0.2729,power,42.58,0.0,0.0,None,255.0,None,60.86,7.0,None,measurement,25.0,None,{'state': None},60.86,223.0
2022-05-24 12:27:26.596233+00:00,None,1.0,42.58,0.2729,power,42.58,0.0,0.0,None,255.0,None,60.86,7.0,None,measurement,24.0,None,{'state': None},60.86,223.0
2022-05-24 12:32:56.118514+00:00,None,1.0,42.58,0.2729,power,42.58,0.0,0.0,None,247.0,None,26.47,7.0,None,measurement,24.0,None,{'state': None},60.86,223.0
2022-05-24 12:32:56.126070+00:00,None,1.0,42.58,0.2729,power,42.58,0.0,0.0,None,247.0,None,26.47,7.0,None,measurement,24.0,None,{'state': None},26.47,223.0
2022-05-24 12:33:02.553640+00:00,None,1.0,42.58,0.2729,power,42.58,0.0,0.0,None,255.0,None,9.31,7.0,None,measurement,24.0,None,{'state': None},26.47,223.0
2022-05-24 12:33:02.559544+00:00,None,1.0,42.58,0.2729,power,42.58,0.0,0.0,None,255.0,None,9.31,7.0,None,measurement,24.0,None,{'state': None},9.31,223.0
2022-05-24 12:34:09.005071+00:00,None,1.0,42.59,0.0426,power,42.59,0.0,0.0,None,255.0,None,9.49,7.0,None,measurement,23.0,None,{'state': None},9.31,223.0
2022-05-24 12:34:09.009791+00:00,None,1.0,42.59,0.0426,power,42.59,0.0,0.0,None,255.0,None,9.49,7.0,None,measurement,23.0,None,{'state': None},9.49,223.0
2022-05-24 12:34:22.911036+00:00,None,1.0,42.59,0.0426,power,42.59,0.0,0.0,None,255.0,None,0.83,7.0,None,measurement,23.0,None,{'state': None},9.49,223.0
2022-05-24 12:34:22.917850+00:00,None,1.0,42.59,0.0426,power,42.59,0.0,0.0,None,255.0,None,0.83,7.0,None,measurement,23.0,None,{'state': None},0.83,223.0
2022-05-24 12:40:10.408007+00:00,None,1.0,42.59,0.0028,power,42.59,0.0,0.0,None,255.0,None,0.62,7.0,None,measurement,23.0,None,{'state': None},0.83,223.0
2022-05-24 12:40:10.412817+00:00,None,1.0,42.59,0.0028,power,42.59,0.0,0.0,None,255.0,None,0.62,7.0,None,measurement,23.0,None,{'state': None},0.62,223.0
2022-05-24 12:45:59.322858+00:00,None,1.0,42.59,0.0025,power,42.59,0.0,0.0,None,255.0,None,0.56,7.0,None,measurement,23.0,None,{'state': None},0.62,223.0
2022-05-24 12:45:59.327639+00:00,None,1.0,42.59,0.0025,power,42.59,0.0,0.0,None,255.0,None,0.56,7.0,None,measurement,23.0,None,{'state': None},0.56,223.0
2022-05-24 12:52:57.316212+00:00,None,1.0,42.59,0.0028,power,42.59,0.0,0.0,None,239.0,None,0.63,7.0,None,measurement,23.0,None,{'state': None},0.56,223.0
2022-05-24 12:52:57.322584+00:00,None,1.0,42.59,0.0028,power,42.59,0.0,0.0,None,239.0,None,0.63,7.0,None,measurement,23.0,None,{'state': None},0.63,223.0
2022-05-24 12:58:15.476395+00:00,None,1.0,42.59,0.0028,power,42.59,0.0,0.0,None,255.0,None,0.63,7.0,None,measurement,23.0,None,{'state': None},0.63,223.0
2022-05-24 13:05:52.050634+00:00,None,1.0,42.59,0.0028,power,42.59,0.0,0.0,None,255.0,None,0.63,7.0,None,measurement,24.0,None,{'state': None},0.63,223.0
2022-05-24 13:12:47.314910+00:00,None,1.0,42.59,0.0031,power,42.59,0.0,0.0,None,255.0,None,0.69,7.0,None,measurement,24.0,None,{'state': None},0.63,223.0
2022-05-24 13:12:47.319058+00:00,None,1.0,42.59,0.0031,power,42.59,0.0,0.0,None,255.0,None,0.69,7.0,None,measurement,24.0,None,{'state': None},0.69,223.0
2022-05-24 13:19:05.876599+00:00,None,1.0,42.59,0.0037,power,42.59,0.0,0.0,None,255.0,None,0.82,7.0,None,measurement,25.0,None,{'state': None},0.69,223.0
2022-05-24 13:19:05.884761+00:00,None,1.0,42.59,0.0037,power,42.59,0.0,0.0,None,255.0,None,0.82,7.0,None,measurement,25.0,None,{'state': None},0.82,223.0
2022-05-24 13:26:14.615891+00:00,None,1.0,42.59,0.0034,power,42.59,0.0,0.0,None,255.0,None,0.76,7.0,None,measurement,25.0,None,{'state': None},0.82,223.0
2022-05-24 13:26:14.622936+00:00,None,1.0,42.59,0.0034,power,42.59,0.0,0.0,None,255.0,None,0.76,7.0,None,measurement,25.0,None,{'state': None},0.76,223.0
2022-05-24 13:32:03.216290+00:00,None,1.0,42.59,0.0034,power,42.59,0.0,0.0,None,255.0,None,60.36,7.0,None,measurement,25.0,None,{'state': None},0.76,223.0
2022-05-24 13:32:03.223162+00:00,None,1.0,42.59,0.0034,power,42.59,0.0,0.0,None,255.0,None,60.36,7.0,None,measurement,25.0,None,{'state': None},60.36,223.0
2022-05-24 13:32:38.912614+00:00,None,1.0,42.59,0.2752,power,42.59,0.0,0.0,None,255.0,None,61.37,7.0,None,measurement,25.0,None,{'state': None},60.36,223.0
2022-05-24 13:32:38.917488+00:00,None,1.0,42.59,0.2752,power,42.59,0.0,0.0,None,255.0,None,61.37,7.0,None,measurement,25.0,None,{'state': None},61.37,223.0
2022-05-24 13:37:46.911599+00:00,None,1.0,42.59,0.2729,power,42.59,0.0,0.0,None,255.0,None,60.86,7.0,None,measurement,25.0,None,{'state': None},61.37,223.0
2022-05-24 13:37:46.919134+00:00,None,1.0,42.59,0.2729,power,42.59,0.0,0.0,None,255.0,None,60.86,7.0,None,measurement,25.0,None,{'state': None},60.86,223.0
2022-05-24 13:45:31.640871+00:00,None,1.0,42.6,0.2729,power,42.6,0.0,0.0,None,255.0,None,60.86,7.0,None,measurement,25.0,None,{'state': None},60.86,223.0
2022-05-24 13:50:39.527515+00:00,None,1.0,42.61,0.2752,power,42.61,0.0,0.0,None,255.0,None,61.37,7.0,None,measurement,25.0,None,{'state': None},60.86,223.0
2022-05-24 13:50:39.532236+00:00,None,1.0,42.61,0.2752,power,42.61,0.0,0.0,None,255.0,None,61.37,7.0,None,measurement,25.0,None,{'state': None},61.37,223.0
2022-05-24 13:58:23.557420+00:00,None,1.0,42.62,0.2729,power,42.62,0.0,0.0,None,255.0,None,60.86,7.0,None,measurement,26.0,None,{'state': None},61.37,223.0
2022-05-24 13:58:23.563937+00:00,None,1.0,42.62,0.2729,power,42.62,0.0,0.0,None,255.0,None,60.86,7.0,None,measurement,26.0,None,{'state': None},60.86,223.0
2022-05-24 14:12:23.413035+00:00,None,1.0,42.63,0.2729,power,42.63,0.0,0.0,None,255.0,None,60.86,7.0,None,measurement,26.0,None,{'state': None},60.86,223.0
2022-05-24 14:18:28.656928+00:00,None,1.0,42.64,0.2707,power,42.64,0.0,0.0,None,255.0,None,60.36,7.0,None,measurement,26.0,None,{'state': None},60.86,223.0
2022-05-24 14:18:28.662064+00:00,None,1.0,42.64,0.2707,power,42.64,0.0,0.0,None,255.0,None,60.36,7.0,None,measurement,26.0,None,{'state': None},60.36,223.0
2022-05-24 14:23:55.587818+00:00,None,1.0,42.64,0.2729,power,42.64,0.0,0.0,None,255.0,None,60.86,7.0,None,measurement,26.0,None,{'state': None},60.36,223.0
2022-05-24 14:23:55.594969+00:00,None,1.0,42.64,0.2729,power,42.64,0.0,0.0,None,255.0,None,60.86,7.0,None,measurement,26.0,None,{'state': None},60.86,223.0
2022-05-24 14:30:58.707072+00:00,None,1.0,42.65,0.2707,power,42.65,0.0,0.0,None,255.0,None,60.36,7.0,None,measurement,26.0,None,{'state': None},60.86,223.0
2022-05-24 14:30:58.715641+00:00,None,1.0,42.65,0.2707,power,42.65,0.0,0.0,None,255.0,None,60.36,7.0,None,measurement,26.0,None,{'state': None},60.36,223.0
2022-05-24 14:37:28.952292+00:00,None,1.0,42.65,0.2729,power,42.65,0.0,0.0,None,255.0,None,60.86,7.0,None,measurement,26.0,None,{'state': None},60.36,223.0
2022-05-24 14:37:28.957998+00:00,None,1.0,42.65,0.2729,power,42.65,0.0,0.0,None,255.0,None,60.86,7.0,None,measurement,26.0,None,{'state': None},60.86,223.0
2022-05-24 14:43:51.948008+00:00,None,1.0,42.66,0.2729,power,42.66,0.0,0.0,None,247.0,None,60.86,7.0,None,measurement,26.0,None,{'state': None},60.86,223.0
2022-05-24 14:49:31.551203+00:00,None,1.0,42.67,0.2707,power,42.67,0.0,0.0,None,239.0,None,60.36,7.0,None,measurement,26.0,None,{'state': None},60.86,223.0
2022-05-24 14:49:31.555174+00:00,None,1.0,42.67,0.2707,power,42.67,0.0,0.0,None,239.0,None,60.36,7.0,None,measurement,26.0,None,{'state': None},60.36,223.0
2022-05-24 14:56:40.714343+00:00,None,1.0,42.67,0.2707,power,42.67,0.0,0.0,None,223.0,None,60.36,7.0,None,measurement,26.0,None,{'state': None},60.36,223.0
2022-05-24 15:01:06.240164+00:00,None,1.0,42.67,0.2707,power,42.67,0.0,0.0,None,247.0,None,56.34,7.0,None,measurement,26.0,None,{'state': None},60.36,223.0
2022-05-24 15:01:06.247725+00:00,None,1.0,42.67,0.2707,power,42.67,0.0,0.0,None,247.0,None,56.34,7.0,None,measurement,26.0,None,{'state': None},56.34,223.0
2022-05-24 15:02:06.727175+00:00,None,1.0,42.67,0.2707,power,42.67,0.0,0.0,None,239.0,None,60.36,7.0,None,measurement,26.0,None,{'state': None},56.34,223.0
2022-05-24 15:02:06.733714+00:00,None,1.0,42.67,0.2707,power,42.67,0.0,0.0,None,239.0,None,60.36,7.0,None,measurement,26.0,None,{'state': None},60.36,223.0
2022-05-24 15:02:09.849948+00:00,None,1.0,42.68,0.2707,power,42.68,0.0,0.0,None,247.0,None,60.36,7.0,None,measurement,26.0,None,{'state': None},60.36,223.0
2022-05-24 15:07:56.156933+00:00,None,1.0,42.68,0.2729,power,42.68,0.0,0.0,None,215.0,None,60.86,7.0,None,measurement,26.0,None,{'state': None},60.36,223.0
2022-05-24 15:07:56.161162+00:00,None,1.0,42.68,0.2729,power,42.68,0.0,0.0,None,215.0,None,60.86,7.0,None,measurement,26.0,None,{'state': None},60.86,223.0
2022-05-24 15:13:03.435787+00:00,None,1.0,42.69,0.2707,power,42.69,0.0,0.0,None,239.0,None,60.36,7.0,None,measurement,26.0,None,{'state': None},60.86,223.0
2022-05-24 15:13:03.441658+00:00,None,1.0,42.69,0.2707,power,42.69,0.0,0.0,None,239.0,None,60.36,7.0,None,measurement,26.0,None,{'state': None},60.36,223.0
2022-05-24 15:19:35.302597+00:00,None,1.0,42.7,0.2707,power,42.7,0.0,0.0,None,215.0,None,60.36,7.0,None,measurement,27.0,None,{'state': None},60.36,223.0
2022-05-24 15:26:30.206784+00:00,None,1.0,42.7,0.2707,power,42.7,0.0,0.0,None,207.0,None,60.36,7.0,None,measurement,26.0,None,{'state': None},60.36,223.0
2022-05-24 15:33:51.495390+00:00,None,1.0,42.71,0.2707,power,42.71,0.0,0.0,None,215.0,None,60.36,7.0,None,measurement,26.0,None,{'state': None},60.36,223.0
2022-05-24 15:40:49.363617+00:00,None,1.0,42.72,0.2707,power,42.72,0.0,0.0,None,239.0,None,60.36,7.0,None,measurement,26.0,None,{'state': None},60.36,223.0
2022-05-24 15:47:16.994894+00:00,None,1.0,42.72,0.2729,power,42.72,0.0,0.0,None,239.0,None,60.86,7.0,None,measurement,27.0,None,{'state': None},60.36,223.0
2022-05-24 15:47:17.000964+00:00,None,1.0,42.72,0.2729,power,42.72,0.0,0.0,None,239.0,None,60.86,7.0,None,measurement,27.0,None,{'state': None},60.86,223.0
2022-05-24 15:52:41.162507+00:00,None,1.0,42.72,0.2729,power,42.72,0.0,0.0,None,255.0,None,56.34,7.0,None,measurement,27.0,None,{'state': None},60.86,223.0
2022-05-24 15:52:41.169323+00:00,None,1.0,42.72,0.2729,power,42.72,0.0,0.0,None,255.0,None,56.34,7.0,None,measurement,27.0,None,{'state': None},56.34,223.0
2022-05-24 15:52:52.871378+00:00,None,1.0,42.72,0.2729,power,42.72,0.0,0.0,None,255.0,None,20.96,7.0,None,measurement,27.0,None,{'state': None},56.34,223.0
2022-05-24 15:52:52.878679+00:00,None,1.0,42.72,0.2729,power,42.72,0.0,0.0,None,255.0,None,20.96,7.0,None,measurement,27.0,None,{'state': None},20.96,223.0
2022-05-24 15:53:01.539278+00:00,None,1.0,42.72,0.2729,power,42.72,0.0,0.0,None,255.0,None,9.15,7.0,None,measurement,27.0,None,{'state': None},20.96,223.0
2022-05-24 15:53:01.544964+00:00,None,1.0,42.72,0.2729,power,42.72,0.0,0.0,None,255.0,None,9.15,7.0,None,measurement,27.0,None,{'state': None},9.15,223.0
2022-05-24 15:53:53.460986+00:00,None,1.0,42.73,0.041,power,42.73,0.0,0.0,None,191.0,None,9.15,7.0,None,measurement,27.0,None,{'state': None},9.15,223.0
2022-05-24 15:54:12.015010+00:00,None,1.0,42.73,0.041,power,42.73,0.0,0.0,None,223.0,None,1.02,7.0,None,measurement,27.0,None,{'state': None},9.15,223.0
2022-05-24 15:54:12.022063+00:00,None,1.0,42.73,0.041,power,42.73,0.0,0.0,None,223.0,None,1.02,7.0,None,measurement,27.0,None,{'state': None},1.02,223.0
2022-05-24 16:01:18.862021+00:00,None,1.0,42.73,0.0031,power,42.73,0.0,0.0,None,215.0,None,0.69,7.0,None,measurement,27.0,None,{'state': None},1.02,223.0
2022-05-24 16:01:18.867887+00:00,None,1.0,42.73,0.0031,power,42.73,0.0,0.0,None,215.0,None,0.69,7.0,None,measurement,27.0,None,{'state': None},0.69,223.0
2022-05-24 16:06:43.075491+00:00,None,1.0,42.73,0.0072,power,42.73,0.0,0.0,None,215.0,None,1.61,7.0,None,measurement,26.0,None,{'state': None},0.69,223.0
2022-05-24 16:06:43.080099+00:00,None,1.0,42.73,0.0072,power,42.73,0.0,0.0,None,215.0,None,1.61,7.0,None,measurement,26.0,None,{'state': None},1.61,223.0
2022-05-24 16:14:18.160930+00:00,None,1.0,42.73,0.0089,power,42.73,0.0,0.0,None,215.0,None,1.98,7.0,None,measurement,26.0,None,{'state': None},1.61,223.0
2022-05-24 16:14:18.165829+00:00,None,1.0,42.73,0.0089,power,42.73,0.0,0.0,None,215.0,None,1.98,7.0,None,measurement,26.0,None,{'state': None},1.98,223.0
2022-05-24 16:20:44.783882+00:00,None,1.0,42.73,0.0076,power,42.73,0.0,0.0,None,223.0,None,1.71,7.0,None,measurement,26.0,None,{'state': None},1.98,223.0
2022-05-24 16:20:44.789895+00:00,None,1.0,42.73,0.0076,power,42.73,0.0,0.0,None,223.0,None,1.71,7.0,None,measurement,26.0,None,{'state': None},1.71,223.0
2022-05-24 16:28:18.833741+00:00,None,1.0,42.73,0.0073,power,42.73,0.0,0.0,None,223.0,None,1.63,7.0,None,measurement,26.0,None,{'state': None},1.71,223.0
2022-05-24 16:28:18.838500+00:00,None,1.0,42.73,0.0073,power,42.73,0.0,0.0,None,223.0,None,1.63,7.0,None,measurement,26.0,None,{'state': None},1.63,223.0
2022-05-24 16:34:22.380902+00:00,None,1.0,42.73,0.0073,power,42.73,0.0,0.0,None,215.0,None,1.63,7.0,None,measurement,26.0,None,{'state': None},1.63,223.0
2022-05-24 16:42:16.792153+00:00,None,1.0,42.73,0.0076,power,42.73,0.0,0.0,None,215.0,None,1.69,7.0,None,measurement,26.0,None,{'state': None},1.63,223.0
2022-05-24 16:42:16.798242+00:00,None,1.0,42.73,0.0076,power,42.73,0.0,0.0,None,215.0,None,1.69,7.0,None,measurement,26.0,None,{'state': None},1.69,223.0
2022-05-24 16:49:39.469713+00:00,None,1.0,42.73,0.0074,power,42.73,0.0,0.0,None,215.0,None,1.65,7.0,None,measurement,26.0,None,{'state': None},1.69,223.0
2022-05-24 16:49:39.476570+00:00,None,1.0,42.73,0.0074,power,42.73,0.0,0.0,None,215.0,None,1.65,7.0,None,measurement,26.0,None,{'state': None},1.65,223.0
2022-05-24 16:55:51.973952+00:00,None,1.0,42.73,0.0083,power,42.73,0.0,0.0,None,215.0,None,1.86,7.0,None,measurement,26.0,None,{'state': None},1.65,223.0
2022-05-24 16:55:51.980416+00:00,None,1.0,42.73,0.0083,power,42.73,0.0,0.0,None,215.0,None,1.86,7.0,None,measurement,26.0,None,{'state': None},1.86,223.0
2022-05-24 17:02:40.182576+00:00,None,1.0,42.73,0.0073,power,42.73,0.0,0.0,None,215.0,None,1.63,7.0,None,measurement,26.0,None,{'state': None},1.86,223.0
2022-05-24 17:02:40.188935+00:00,None,1.0,42.73,0.0073,power,42.73,0.0,0.0,None,215.0,None,1.63,7.0,None,measurement,26.0,None,{'state': None},1.63,223.0
2022-05-24 17:05:45.951160+00:00,None,1.0,42.73,0.0073,power,42.73,0.0,0.0,None,215.0,None,4.49,7.0,None,measurement,26.0,None,{'state': None},1.63,223.0
2022-05-24 17:05:45.957900+00:00,None,1.0,42.73,0.0073,power,42.73,0.0,0.0,None,215.0,None,4.49,7.0,None,measurement,26.0,None,{'state': None},4.49,223.0
2022-05-24 17:07:54.181151+00:00,None,1.0,42.73,0.0073,power,42.73,0.0,0.0,None,223.0,None,0.75,7.0,None,measurement,26.0,None,{'state': None},4.49,223.0
2022-05-24 17:07:54.186912+00:00,None,1.0,42.73,0.0073,power,42.73,0.0,0.0,None,223.0,None,0.75,7.0,None,measurement,26.0,None,{'state': None},0.75,223.0
2022-05-24 17:08:00.029977+00:00,None,1.0,42.73,0.0033,power,42.73,0.0,0.0,None,215.0,None,0.75,7.0,None,measurement,26.0,None,{'state': None},0.75,226.0
2022-05-24 17:13:55.019121+00:00,None,1.0,42.73,0.0032,power,42.73,0.0,0.0,None,223.0,None,0.71,7.0,None,measurement,26.0,None,{'state': None},0.75,226.0
2022-05-24 17:13:55.023632+00:00,None,1.0,42.73,0.0032,power,42.73,0.0,0.0,None,223.0,None,0.71,7.0,None,measurement,26.0,None,{'state': None},0.71,226.0
2022-05-24 17:20:38.967335+00:00,None,1.0,42.73,0.0028,power,42.73,0.0,0.0,None,215.0,None,0.63,7.0,None,measurement,26.0,None,{'state': None},0.71,226.0
2022-05-24 17:20:38.974922+00:00,None,1.0,42.73,0.0028,power,42.73,0.0,0.0,None,215.0,None,0.63,7.0,None,measurement,26.0,None,{'state': None},0.63,226.0
2022-05-24 17:28:17.359496+00:00,None,1.0,42.73,0.0029,power,42.73,0.0,0.0,None,215.0,None,0.66,7.0,None,measurement,26.0,None,{'state': None},0.63,226.0
2022-05-24 17:28:17.366701+00:00,None,1.0,42.73,0.0029,power,42.73,0.0,0.0,None,215.0,None,0.66,7.0,None,measurement,26.0,None,{'state': None},0.66,226.0
2022-05-24 17:35:12.702388+00:00,None,1.0,42.73,0.0035,power,42.73,0.0,0.0,None,215.0,None,0.79,7.0,None,measurement,26.0,None,{'state': None},0.66,226.0
2022-05-24 17:35:12.708481+00:00,None,1.0,42.73,0.0035,power,42.73,0.0,0.0,None,215.0,None,0.79,7.0,None,measurement,26.0,None,{'state': None},0.79,226.0
2022-05-24 17:43:12.168109+00:00,None,1.0,42.73,0.0025,power,42.73,0.0,0.0,None,215.0,None,0.57,7.0,None,measurement,26.0,None,{'state': None},0.79,226.0
2022-05-24 17:43:12.172601+00:00,None,1.0,42.73,0.0025,power,42.73,0.0,0.0,None,215.0,None,0.57,7.0,None,measurement,26.0,None,{'state': None},0.57,226.0
2022-05-24 17:48:40.818507+00:00,None,1.0,42.73,0.0027,power,42.73,0.0,0.0,None,215.0,None,0.62,7.0,None,measurement,26.0,None,{'state': None},0.57,226.0
2022-05-24 17:48:40.825071+00:00,None,1.0,42.73,0.0027,power,42.73,0.0,0.0,None,215.0,None,0.62,7.0,None,measurement,26.0,None,{'state': None},0.62,226.0
2022-05-24 17:56:05.605925+00:00,None,1.0,42.73,0.004,power,42.73,0.0,0.0,None,223.0,None,0.89,7.0,None,measurement,26.0,None,{'state': None},0.62,226.0
2022-05-24 17:56:05.612629+00:00,None,1.0,42.73,0.004,power,42.73,0.0,0.0,None,223.0,None,0.89,7.0,None,measurement,26.0,None,{'state': None},0.89,226.0
2022-05-24 18:01:14.390803+00:00,None,1.0,42.73,0.0038,power,42.73,0.0,0.0,None,215.0,None,0.86,7.0,None,measurement,26.0,None,{'state': None},0.89,226.0
2022-05-24 18:01:14.396204+00:00,None,1.0,42.73,0.0038,power,42.73,0.0,0.0,None,215.0,None,0.86,7.0,None,measurement,26.0,None,{'state': None},0.86,226.0
2022-05-24 18:09:09.638447+00:00,None,1.0,42.73,0.0028,power,42.73,0.0,0.0,None,215.0,None,0.63,7.0,None,measurement,26.0,None,{'state': None},0.86,226.0
2022-05-24 18:09:09.644092+00:00,None,1.0,42.73,0.0028,power,42.73,0.0,0.0,None,215.0,None,0.63,7.0,None,measurement,26.0,None,{'state': None},0.63,226.0
2022-05-24 18:14:17.400835+00:00,None,1.0,42.73,0.0029,power,42.73,0.0,0.0,None,223.0,None,0.64,7.0,None,measurement,26.0,None,{'state': None},0.63,226.0
2022-05-24 18:14:17.407899+00:00,None,1.0,42.73,0.0029,power,42.73,0.0,0.0,None,223.0,None,0.64,7.0,None,measurement,26.0,None,{'state': None},0.64,226.0
2022-05-24 18:21:38.060072+00:00,None,1.0,42.73,0.0032,power,42.73,0.0,0.0,None,223.0,None,0.73,7.0,None,measurement,26.0,None,{'state': None},0.64,226.0
2022-05-24 18:21:38.065715+00:00,None,1.0,42.73,0.0032,power,42.73,0.0,0.0,None,223.0,None,0.73,7.0,None,measurement,26.0,None,{'state': None},0.73,226.0
2022-05-24 18:28:14.043631+00:00,None,1.0,42.73,0.0037,power,42.73,0.0,0.0,None,223.0,None,0.83,7.0,None,measurement,26.0,None,{'state': None},0.73,226.0
2022-05-24 18:28:14.048326+00:00,None,1.0,42.73,0.0037,power,42.73,0.0,0.0,None,223.0,None,0.83,7.0,None,measurement,26.0,None,{'state': None},0.83,226.0
2022-05-24 18:35:51.929247+00:00,None,1.0,42.73,0.0028,power,42.73,0.0,0.0,None,255.0,None,0.64,7.0,None,measurement,26.0,None,{'state': None},0.83,226.0
2022-05-24 18:35:51.932978+00:00,None,1.0,42.73,0.0028,power,42.73,0.0,0.0,None,255.0,None,0.64,7.0,None,measurement,26.0,None,{'state': None},0.64,226.0
2022-05-24 18:42:17.029075+00:00,None,1.0,42.73,0.0034,power,42.73,0.0,0.0,None,255.0,None,0.76,7.0,None,measurement,26.0,None,{'state': None},0.64,226.0
2022-05-24 18:42:17.034598+00:00,None,1.0,42.73,0.0034,power,42.73,0.0,0.0,None,255.0,None,0.76,7.0,None,measurement,26.0,None,{'state': None},0.76,226.0
2022-05-24 18:50:05.503400+00:00,None,1.0,42.73,0.003,power,42.73,0.0,0.0,None,247.0,None,0.68,7.0,None,measurement,26.0,None,{'state': None},0.76,226.0
2022-05-24 18:50:05.510697+00:00,None,1.0,42.73,0.003,power,42.73,0.0,0.0,None,247.0,None,0.68,7.0,None,measurement,26.0,None,{'state': None},0.68,226.0
2022-05-24 18:55:31.943187+00:00,None,1.0,42.73,0.0031,power,42.73,0.0,0.0,None,255.0,None,0.71,7.0,None,measurement,26.0,None,{'state': None},0.68,226.0
2022-05-24 18:55:31.948055+00:00,None,1.0,42.73,0.0031,power,42.73,0.0,0.0,None,255.0,None,0.71,7.0,None,measurement,26.0,None,{'state': None},0.71,226.0
2022-05-24 19:01:32.759510+00:00,None,1.0,42.73,0.0028,power,42.73,0.0,0.0,None,255.0,None,0.63,7.0,None,measurement,26.0,None,{'state': None},0.71,226.0
2022-05-24 19:01:32.763504+00:00,None,1.0,42.73,0.0028,power,42.73,0.0,0.0,None,255.0,None,0.63,7.0,None,measurement,26.0,None,{'state': None},0.63,226.0
2022-05-24 19:09:06.090406+00:00,None,1.0,42.73,0.0029,power,42.73,0.0,0.0,None,255.0,None,0.65,7.0,None,measurement,26.0,None,{'state': None},0.63,226.0
2022-05-24 19:09:06.096665+00:00,None,1.0,42.73,0.0029,power,42.73,0.0,0.0,None,255.0,None,0.65,7.0,None,measurement,26.0,None,{'state': None},0.65,226.0
2022-05-24 19:14:32.635746+00:00,None,1.0,42.73,0.0035,power,42.73,0.0,0.0,None,255.0,None,0.79,7.0,None,measurement,26.0,None,{'state': None},0.65,226.0
2022-05-24 19:14:32.642771+00:00,None,1.0,42.73,0.0035,power,42.73,0.0,0.0,None,255.0,None,0.79,7.0,None,measurement,26.0,None,{'state': None},0.79,226.0
2022-05-24 19:19:39.780298+00:00,None,1.0,42.73,0.0029,power,42.73,0.0,0.0,None,239.0,None,0.67,7.0,None,measurement,26.0,None,{'state': None},0.79,226.0
2022-05-24 19:19:39.784035+00:00,None,1.0,42.73,0.0029,power,42.73,0.0,0.0,None,239.0,None,0.67,7.0,None,measurement,26.0,None,{'state': None},0.67,226.0
2022-05-24 19:26:04.992272+00:00,None,1.0,42.73,0.0026,power,42.73,0.0,0.0,None,191.0,None,0.58,7.0,None,measurement,26.0,None,{'state': None},0.67,226.0
2022-05-24 19:26:04.997902+00:00,None,1.0,42.73,0.0026,power,42.73,0.0,0.0,None,191.0,None,0.58,7.0,None,measurement,26.0,None,{'state': None},0.58,226.0
2022-05-24 19:31:55.746034+00:00,None,1.0,42.73,0.003,power,42.73,0.0,0.0,None,239.0,None,0.67,7.0,None,measurement,26.0,None,{'state': None},0.58,226.0
2022-05-24 19:31:55.753895+00:00,None,1.0,42.73,0.003,power,42.73,0.0,0.0,None,239.0,None,0.67,7.0,None,measurement,26.0,None,{'state': None},0.67,226.0
2022-05-24 19:38:58.049810+00:00,None,1.0,42.73,0.0026,power,42.73,0.0,0.0,None,239.0,None,0.58,7.0,None,measurement,26.0,None,{'state': None},0.67,219.0
2022-05-24 19:38:58.055510+00:00,None,1.0,42.73,0.0026,power,42.73,0.0,0.0,None,239.0,None,0.58,7.0,None,measurement,26.0,None,{'state': None},0.58,219.0
2022-05-24 19:44:17.306596+00:00,None,1.0,42.73,0.0026,power,42.73,0.0,0.0,None,239.0,None,55.33,7.0,None,measurement,26.0,None,{'state': None},0.58,219.0
2022-05-24 19:44:17.311841+00:00,None,1.0,42.73,0.0026,power,42.73,0.0,0.0,None,239.0,None,55.33,7.0,None,measurement,26.0,None,{'state': None},55.33,219.0
2022-05-24 19:44:27.378022+00:00,None,1.0,42.73,0.0026,power,42.73,0.0,0.0,None,239.0,None,61.37,7.0,None,measurement,26.0,None,{'state': None},55.33,219.0
2022-05-24 19:44:27.385885+00:00,None,1.0,42.73,0.0026,power,42.73,0.0,0.0,None,239.0,None,61.37,7.0,None,measurement,26.0,None,{'state': None},61.37,219.0
2022-05-24 19:44:37.459186+00:00,None,1.0,42.73,0.0026,power,42.73,0.0,0.0,None,239.0,None,56.84,7.0,None,measurement,26.0,None,{'state': None},61.37,219.0
2022-05-24 19:44:37.464823+00:00,None,1.0,42.73,0.0026,power,42.73,0.0,0.0,None,239.0,None,56.84,7.0,None,measurement,26.0,None,{'state': None},56.84,219.0
2022-05-24 19:44:47.551416+00:00,None,1.0,42.73,0.0026,power,42.73,0.0,0.0,None,231.0,None,50.8,7.0,None,measurement,26.0,None,{'state': None},56.84,219.0
2022-05-24 19:44:47.557481+00:00,None,1.0,42.73,0.0026,power,42.73,0.0,0.0,None,231.0,None,50.8,7.0,None,measurement,26.0,None,{'state': None},50.8,219.0
2022-05-24 19:44:57.632057+00:00,None,1.0,42.73,0.0026,power,42.73,0.0,0.0,None,247.0,None,45.77,7.0,None,measurement,26.0,None,{'state': None},50.8,219.0
2022-05-24 19:44:57.638620+00:00,None,1.0,42.73,0.0026,power,42.73,0.0,0.0,None,247.0,None,45.77,7.0,None,measurement,26.0,None,{'state': None},45.77,219.0
2022-05-24 19:45:16.169759+00:00,None,1.0,42.73,0.2113,power,42.73,0.0,0.0,None,239.0,None,46.28,7.0,None,measurement,26.0,None,{'state': None},45.77,219.0
2022-05-24 19:45:16.173398+00:00,None,1.0,42.73,0.2113,power,42.73,0.0,0.0,None,239.0,None,46.28,7.0,None,measurement,26.0,None,{'state': None},46.28,219.0
2022-05-24 19:45:48.033711+00:00,None,1.0,42.73,0.2113,power,42.73,0.0,0.0,None,239.0,None,50.3,7.0,None,measurement,26.0,None,{'state': None},46.28,219.0
2022-05-24 19:45:48.039154+00:00,None,1.0,42.73,0.2113,power,42.73,0.0,0.0,None,239.0,None,50.3,7.0,None,measurement,26.0,None,{'state': None},50.3,219.0
2022-05-24 19:46:48.526437+00:00,None,1.0,42.73,0.2113,power,42.73,0.0,0.0,None,255.0,None,54.32,7.0,None,measurement,26.0,None,{'state': None},50.3,219.0
2022-05-24 19:46:48.531784+00:00,None,1.0,42.73,0.2113,power,42.73,0.0,0.0,None,255.0,None,54.32,7.0,None,measurement,26.0,None,{'state': None},54.32,219.0
2022-05-24 19:48:39.400665+00:00,None,1.0,42.73,0.2113,power,42.73,0.0,0.0,None,215.0,None,58.35,7.0,None,measurement,26.0,None,{'state': None},54.32,219.0
2022-05-24 19:48:39.407278+00:00,None,1.0,42.73,0.2113,power,42.73,0.0,0.0,None,215.0,None,58.35,7.0,None,measurement,26.0,None,{'state': None},58.35,219.0
2022-05-24 19:50:55.830178+00:00,None,1.0,42.74,0.2582,power,42.74,0.0,0.0,None,231.0,None,58.35,7.0,None,measurement,26.0,None,{'state': None},58.35,226.0
2022-05-24 19:58:55.001099+00:00,None,1.0,42.75,0.2582,power,42.75,0.0,0.0,None,215.0,None,58.35,7.0,None,measurement,26.0,None,{'state': None},58.35,226.0
2022-05-24 20:06:37.119128+00:00,None,1.0,42.75,0.2582,power,42.75,0.0,0.0,None,223.0,None,58.35,7.0,None,measurement,26.0,None,{'state': None},58.35,226.0
2022-05-24 20:13:02.319140+00:00,None,1.0,42.76,0.2582,power,42.76,0.0,0.0,None,239.0,None,58.35,7.0,None,measurement,26.0,None,{'state': None},58.35,226.0
2022-05-24 20:20:29.013905+00:00,None,1.0,42.77,0.247,power,42.77,0.0,0.0,None,255.0,None,55.83,7.0,None,measurement,26.0,None,{'state': None},58.35,226.0
2022-05-24 20:20:29.019491+00:00,None,1.0,42.77,0.247,power,42.77,0.0,0.0,None,255.0,None,55.83,7.0,None,measurement,26.0,None,{'state': None},55.83,226.0
2022-05-24 20:22:05.577341+00:00,None,1.0,42.77,0.247,power,42.77,0.0,0.0,None,255.0,None,54.32,7.0,None,measurement,26.0,None,{'state': None},55.83,226.0
2022-05-24 20:22:05.582533+00:00,None,1.0,42.77,0.247,power,42.77,0.0,0.0,None,255.0,None,54.32,7.0,None,measurement,26.0,None,{'state': None},54.32,226.0
2022-05-24 20:22:35.837685+00:00,None,1.0,42.77,0.247,power,42.77,0.0,0.0,None,255.0,None,58.35,7.0,None,measurement,26.0,None,{'state': None},54.32,226.0
2022-05-24 20:22:35.844603+00:00,None,1.0,42.77,0.247,power,42.77,0.0,0.0,None,255.0,None,58.35,7.0,None,measurement,26.0,None,{'state': None},58.35,226.0
2022-05-24 20:25:57.466848+00:00,None,1.0,42.77,0.247,power,42.77,0.0,0.0,None,255.0,None,54.83,7.0,None,measurement,26.0,None,{'state': None},58.35,226.0
2022-05-24 20:25:57.473656+00:00,None,1.0,42.77,0.247,power,42.77,0.0,0.0,None,255.0,None,54.83,7.0,None,measurement,26.0,None,{'state': None},54.83,226.0
2022-05-24 20:26:38.097358+00:00,None,1.0,42.77,0.2537,power,42.77,0.0,0.0,None,255.0,None,57.34,7.0,None,measurement,26.0,None,{'state': None},54.83,226.0
2022-05-24 20:26:38.105620+00:00,None,1.0,42.77,0.2537,power,42.77,0.0,0.0,None,255.0,None,57.34,7.0,None,measurement,26.0,None,{'state': None},57.34,226.0
2022-05-24 20:27:28.203477+00:00,None,1.0,42.77,0.2537,power,42.77,0.0,0.0,None,255.0,None,50.8,7.0,None,measurement,26.0,None,{'state': None},57.34,226.0
2022-05-24 20:27:28.209627+00:00,None,1.0,42.77,0.2537,power,42.77,0.0,0.0,None,255.0,None,50.8,7.0,None,measurement,26.0,None,{'state': None},50.8,226.0
2022-05-24 20:27:38.267026+00:00,None,1.0,42.77,0.2537,power,42.77,0.0,0.0,None,255.0,None,57.34,7.0,None,measurement,26.0,None,{'state': None},50.8,226.0
2022-05-24 20:27:38.273108+00:00,None,1.0,42.77,0.2537,power,42.77,0.0,0.0,None,255.0,None,57.34,7.0,None,measurement,26.0,None,{'state': None},57.34,226.0
2022-05-24 20:32:25.802008+00:00,None,1.0,42.78,0.2582,power,42.78,0.0,0.0,None,255.0,None,58.35,7.0,None,measurement,26.0,None,{'state': None},57.34,226.0
2022-05-24 20:32:25.809083+00:00,None,1.0,42.78,0.2582,power,42.78,0.0,0.0,None,255.0,None,58.35,7.0,None,measurement,26.0,None,{'state': None},58.35,226.0
2022-05-24 20:36:22.499869+00:00,None,1.0,42.78,0.2582,power,42.78,0.0,0.0,None,255.0,None,53.82,7.0,None,measurement,26.0,None,{'state': None},58.35,226.0
2022-05-24 20:36:22.506941+00:00,None,1.0,42.78,0.2582,power,42.78,0.0,0.0,None,255.0,None,53.82,7.0,None,measurement,26.0,None,{'state': None},53.82,226.0
2022-05-24 20:36:32.566550+00:00,None,1.0,42.78,0.2582,power,42.78,0.0,0.0,None,255.0,None,57.34,7.0,None,measurement,26.0,None,{'state': None},53.82,226.0
2022-05-24 20:36:32.574867+00:00,None,1.0,42.78,0.2582,power,42.78,0.0,0.0,None,255.0,None,57.34,7.0,None,measurement,26.0,None,{'state': None},57.34,226.0
2022-05-24 20:38:33.550676+00:00,None,1.0,42.78,0.2582,power,42.78,0.0,0.0,None,255.0,None,52.31,7.0,None,measurement,26.0,None,{'state': None},57.34,226.0
2022-05-24 20:38:33.558681+00:00,None,1.0,42.78,0.2582,power,42.78,0.0,0.0,None,255.0,None,52.31,7.0,None,measurement,26.0,None,{'state': None},52.31,226.0
2022-05-24 20:38:43.609745+00:00,None,1.0,42.78,0.2582,power,42.78,0.0,0.0,None,255.0,None,57.34,7.0,None,measurement,26.0,None,{'state': None},52.31,226.0
2022-05-24 20:38:43.614381+00:00,None,1.0,42.78,0.2582,power,42.78,0.0,0.0,None,255.0,None,57.34,7.0,None,measurement,26.0,None,{'state': None},57.34,226.0
2022-05-24 20:40:27.166303+00:00,None,1.0,42.79,0.256,power,42.79,0.0,0.0,None,255.0,None,57.85,7.0,None,measurement,26.0,None,{'state': None},57.34,226.0
2022-05-24 20:40:27.173035+00:00,None,1.0,42.79,0.256,power,42.79,0.0,0.0,None,255.0,None,57.85,7.0,None,measurement,26.0,None,{'state': None},57.85,226.0
2022-05-24 20:40:54.676899+00:00,None,1.0,42.79,0.256,power,42.79,0.0,0.0,None,255.0,None,53.82,7.0,None,measurement,26.0,None,{'state': None},57.85,226.0
2022-05-24 20:40:54.683477+00:00,None,1.0,42.79,0.256,power,42.79,0.0,0.0,None,255.0,None,53.82,7.0,None,measurement,26.0,None,{'state': None},53.82,226.0
2022-05-24 20:41:04.760185+00:00,None,1.0,42.79,0.256,power,42.79,0.0,0.0,None,255.0,None,57.34,7.0,None,measurement,26.0,None,{'state': None},53.82,226.0
2022-05-24 20:41:04.768146+00:00,None,1.0,42.79,0.256,power,42.79,0.0,0.0,None,255.0,None,57.34,7.0,None,measurement,26.0,None,{'state': None},57.34,226.0
2022-05-24 20:48:06.775603+00:00,None,1.0,42.79,0.2582,power,42.79,0.0,0.0,None,255.0,None,58.35,7.0,None,measurement,26.0,None,{'state': None},57.34,226.0
2022-05-24 20:48:06.784981+00:00,None,1.0,42.79,0.2582,power,42.79,0.0,0.0,None,255.0,None,58.35,7.0,None,measurement,26.0,None,{'state': None},58.35,226.0
2022-05-24 20:55:59.647485+00:00,None,1.0,42.8,0.256,power,42.8,0.0,0.0,None,255.0,None,57.85,7.0,None,measurement,26.0,None,{'state': None},58.35,226.0
2022-05-24 20:55:59.652406+00:00,None,1.0,42.8,0.256,power,42.8,0.0,0.0,None,255.0,None,57.85,7.0,None,measurement,26.0,None,{'state': None},57.85,226.0
2022-05-24 21:03:36.034384+00:00,None,1.0,42.81,0.2537,power,42.81,0.0,0.0,None,255.0,None,57.34,7.0,None,measurement,27.0,None,{'state': None},57.85,226.0
2022-05-24 21:03:36.039155+00:00,None,1.0,42.81,0.2537,power,42.81,0.0,0.0,None,255.0,None,57.34,7.0,None,measurement,27.0,None,{'state': None},57.34,226.0
2022-05-24 21:10:39.453735+00:00,None,1.0,42.82,0.256,power,42.82,0.0,0.0,None,255.0,None,57.85,7.0,None,measurement,26.0,None,{'state': None},57.34,226.0
2022-05-24 21:10:39.459023+00:00,None,1.0,42.82,0.256,power,42.82,0.0,0.0,None,255.0,None,57.85,7.0,None,measurement,26.0,None,{'state': None},57.85,226.0
2022-05-24 21:17:12.419926+00:00,None,1.0,42.82,0.2493,power,42.82,0.0,0.0,None,255.0,None,56.34,7.0,None,measurement,27.0,None,{'state': None},57.85,226.0
2022-05-24 21:17:12.425660+00:00,None,1.0,42.82,0.2493,power,42.82,0.0,0.0,None,255.0,None,56.34,7.0,None,measurement,27.0,None,{'state': None},56.34,226.0
2022-05-24 21:22:04.565850+00:00,None,1.0,42.82,0.2493,power,42.82,0.0,0.0,None,255.0,None,52.31,7.0,None,measurement,27.0,None,{'state': None},56.34,226.0
2022-05-24 21:22:04.573728+00:00,None,1.0,42.82,0.2493,power,42.82,0.0,0.0,None,255.0,None,52.31,7.0,None,measurement,27.0,None,{'state': None},52.31,226.0
2022-05-24 21:22:14.631962+00:00,None,1.0,42.82,0.2493,power,42.82,0.0,0.0,None,255.0,None,57.34,7.0,None,measurement,27.0,None,{'state': None},52.31,226.0
2022-05-24 21:22:14.639783+00:00,None,1.0,42.82,0.2493,power,42.82,0.0,0.0,None,255.0,None,57.34,7.0,None,measurement,27.0,None,{'state': None},57.34,226.0
2022-05-24 21:25:05.515963+00:00,None,1.0,42.83,0.256,power,42.83,0.0,0.0,None,255.0,None,57.85,7.0,None,measurement,27.0,None,{'state': None},57.34,226.0
2022-05-24 21:25:05.521974+00:00,None,1.0,42.83,0.256,power,42.83,0.0,0.0,None,255.0,None,57.85,7.0,None,measurement,27.0,None,{'state': None},57.85,226.0
2022-05-24 21:31:54.325731+00:00,None,1.0,42.84,0.2515,power,42.84,0.0,0.0,None,255.0,None,56.84,7.0,None,measurement,27.0,None,{'state': None},57.85,226.0
2022-05-24 21:31:54.331701+00:00,None,1.0,42.84,0.2515,power,42.84,0.0,0.0,None,255.0,None,56.84,7.0,None,measurement,27.0,None,{'state': None},56.84,226.0
2022-05-24 21:34:50.722629+00:00,None,1.0,42.84,0.2515,power,42.84,0.0,0.0,None,255.0,None,53.82,7.0,None,measurement,27.0,None,{'state': None},56.84,226.0
2022-05-24 21:34:50.728045+00:00,None,1.0,42.84,0.2515,power,42.84,0.0,0.0,None,255.0,None,53.82,7.0,None,measurement,27.0,None,{'state': None},53.82,226.0
2022-05-24 21:36:11.413144+00:00,None,1.0,42.84,0.2515,power,42.84,0.0,0.0,None,239.0,None,58.35,7.0,None,measurement,27.0,None,{'state': None},53.82,226.0
2022-05-24 21:36:11.419442+00:00,None,1.0,42.84,0.2515,power,42.84,0.0,0.0,None,239.0,None,58.35,7.0,None,measurement,27.0,None,{'state': None},58.35,226.0
2022-05-24 21:37:32.027857+00:00,None,1.0,42.84,0.2515,power,42.84,0.0,0.0,None,239.0,None,54.32,7.0,None,measurement,27.0,None,{'state': None},58.35,226.0
2022-05-24 21:37:32.031707+00:00,None,1.0,42.84,0.2515,power,42.84,0.0,0.0,None,239.0,None,54.32,7.0,None,measurement,27.0,None,{'state': None},54.32,226.0
2022-05-24 21:37:40.500657+00:00,None,1.0,42.84,0.2404,power,42.84,0.0,0.0,None,247.0,None,54.32,7.0,None,measurement,27.0,None,{'state': None},54.32,226.0
2022-05-24 21:39:02.766855+00:00,None,1.0,42.84,0.2404,power,42.84,0.0,0.0,None,239.0,None,57.85,7.0,None,measurement,27.0,None,{'state': None},54.32,226.0
2022-05-24 21:39:02.773460+00:00,None,1.0,42.84,0.2404,power,42.84,0.0,0.0,None,239.0,None,57.85,7.0,None,measurement,27.0,None,{'state': None},57.85,226.0
2022-05-24 21:41:57.763099+00:00,None,1.0,42.84,0.2404,power,42.84,0.0,0.0,None,255.0,None,10.48,7.0,None,measurement,27.0,None,{'state': None},57.85,226.0
2022-05-24 21:41:57.770444+00:00,None,1.0,42.84,0.2404,power,42.84,0.0,0.0,None,255.0,None,10.48,7.0,None,measurement,27.0,None,{'state': None},10.48,226.0
2022-05-24 21:43:26.491359+00:00,None,1.0,42.85,0.042,power,42.85,0.0,0.0,None,255.0,None,9.49,7.0,None,measurement,27.0,None,{'state': None},10.48,226.0
2022-05-24 21:43:26.498353+00:00,None,1.0,42.85,0.042,power,42.85,0.0,0.0,None,255.0,None,9.49,7.0,None,measurement,27.0,None,{'state': None},9.49,226.0
2022-05-24 21:43:30.496870+00:00,None,1.0,42.85,0.042,power,42.85,0.0,0.0,None,255.0,None,0.8,7.0,None,measurement,27.0,None,{'state': None},9.49,226.0
2022-05-24 21:43:30.502070+00:00,None,1.0,42.85,0.042,power,42.85,0.0,0.0,None,255.0,None,0.8,7.0,None,measurement,27.0,None,{'state': None},0.8,226.0
2022-05-24 21:49:54.525825+00:00,None,1.0,42.85,0.0027,power,42.85,0.0,0.0,None,255.0,None,0.62,7.0,None,measurement,27.0,None,{'state': None},0.8,226.0
2022-05-24 21:49:54.529676+00:00,None,1.0,42.85,0.0027,power,42.85,0.0,0.0,None,255.0,None,0.62,7.0,None,measurement,27.0,None,{'state': None},0.62,226.0
2022-05-24 21:57:40.187221+00:00,None,1.0,42.85,0.0027,power,42.85,0.0,0.0,None,215.0,None,0.6,7.0,None,measurement,26.0,None,{'state': None},0.62,226.0
2022-05-24 21:57:40.194972+00:00,None,1.0,42.85,0.0027,power,42.85,0.0,0.0,None,215.0,None,0.6,7.0,None,measurement,26.0,None,{'state': None},0.6,226.0
2022-05-24 22:02:56.723807+00:00,None,1.0,42.85,0.0042,power,42.85,0.0,0.0,None,215.0,None,0.94,7.0,None,measurement,26.0,None,{'state': None},0.6,226.0
2022-05-24 22:02:56.730149+00:00,None,1.0,42.85,0.0042,power,42.85,0.0,0.0,None,215.0,None,0.94,7.0,None,measurement,26.0,None,{'state': None},0.94,226.0
2022-05-24 22:09:25.556317+00:00,None,1.0,42.85,0.0027,power,42.85,0.0,0.0,None,215.0,None,0.61,7.0,None,measurement,26.0,None,{'state': None},0.94,226.0
2022-05-24 22:09:25.562280+00:00,None,1.0,42.85,0.0027,power,42.85,0.0,0.0,None,215.0,None,0.61,7.0,None,measurement,26.0,None,{'state': None},0.61,226.0
2022-05-24 22:15:17.302448+00:00,None,1.0,42.85,0.0036,power,42.85,0.0,0.0,None,215.0,None,0.81,7.0,None,measurement,26.0,None,{'state': None},0.61,226.0
2022-05-24 22:15:17.306877+00:00,None,1.0,42.85,0.0036,power,42.85,0.0,0.0,None,215.0,None,0.81,7.0,None,measurement,26.0,None,{'state': None},0.81,226.0
2022-05-24 22:21:24.166299+00:00,None,1.0,42.85,0.0028,power,42.85,0.0,0.0,None,215.0,None,0.63,7.0,None,measurement,26.0,None,{'state': None},0.81,226.0
2022-05-24 22:21:24.172461+00:00,None,1.0,42.85,0.0028,power,42.85,0.0,0.0,None,215.0,None,0.63,7.0,None,measurement,26.0,None,{'state': None},0.63,226.0
2022-05-24 22:26:48.658569+00:00,None,1.0,42.85,0.0026,power,42.85,0.0,0.0,None,223.0,None,0.58,7.0,None,measurement,26.0,None,{'state': None},0.63,226.0
2022-05-24 22:26:48.665209+00:00,None,1.0,42.85,0.0026,power,42.85,0.0,0.0,None,223.0,None,0.58,7.0,None,measurement,26.0,None,{'state': None},0.58,226.0
2022-05-24 22:33:04.186952+00:00,None,1.0,42.85,0.004,power,42.85,0.0,0.0,None,215.0,None,0.89,7.0,None,measurement,26.0,None,{'state': None},0.58,226.0
2022-05-24 22:33:04.193936+00:00,None,1.0,42.85,0.004,power,42.85,0.0,0.0,None,215.0,None,0.89,7.0,None,measurement,26.0,None,{'state': None},0.89,226.0
2022-05-24 22:38:54.116447+00:00,None,1.0,42.85,0.0031,power,42.85,0.0,0.0,None,215.0,None,0.7,7.0,None,measurement,26.0,None,{'state': None},0.89,226.0
2022-05-24 22:38:54.122087+00:00,None,1.0,42.85,0.0031,power,42.85,0.0,0.0,None,215.0,None,0.7,7.0,None,measurement,26.0,None,{'state': None},0.7,226.0
2022-05-24 22:44:03.504678+00:00,None,1.0,42.85,0.0027,power,42.85,0.0,0.0,None,223.0,None,0.62,7.0,None,measurement,26.0,None,{'state': None},0.7,226.0
2022-05-24 22:44:03.508506+00:00,None,1.0,42.85,0.0027,power,42.85,0.0,0.0,None,223.0,None,0.62,7.0,None,measurement,26.0,None,{'state': None},0.62,226.0
2022-05-24 22:51:06.116764+00:00,None,1.0,42.85,0.0031,power,42.85,0.0,0.0,None,215.0,None,0.7,7.0,None,measurement,26.0,None,{'state': None},0.62,226.0
2022-05-24 22:51:06.120425+00:00,None,1.0,42.85,0.0031,power,42.85,0.0,0.0,None,215.0,None,0.7,7.0,None,measurement,26.0,None,{'state': None},0.7,226.0
2022-05-24 22:57:49.073957+00:00,None,1.0,42.85,0.0031,power,42.85,0.0,0.0,None,215.0,None,0.69,7.0,None,measurement,26.0,None,{'state': None},0.7,226.0
2022-05-24 22:57:49.082183+00:00,None,1.0,42.85,0.0031,power,42.85,0.0,0.0,None,215.0,None,0.69,7.0,None,measurement,26.0,None,{'state': None},0.69,226.0
2022-05-24 23:04:16.684181+00:00,None,1.0,42.85,0.0028,power,42.85,0.0,0.0,None,223.0,None,0.63,7.0,None,measurement,26.0,None,{'state': None},0.69,226.0
2022-05-24 23:04:16.694858+00:00,None,1.0,42.85,0.0028,power,42.85,0.0,0.0,None,223.0,None,0.63,7.0,None,measurement,26.0,None,{'state': None},0.63,226.0
2022-05-24 23:09:54.317869+00:00,None,1.0,42.85,0.0028,power,42.85,0.0,0.0,None,215.0,None,0.64,7.0,None,measurement,26.0,None,{'state': None},0.63,226.0
2022-05-24 23:09:54.323820+00:00,None,1.0,42.85,0.0028,power,42.85,0.0,0.0,None,215.0,None,0.64,7.0,None,measurement,26.0,None,{'state': None},0.64,226.0
2022-05-24 23:15:12.571494+00:00,None,1.0,42.85,0.0033,power,42.85,0.0,0.0,None,215.0,None,0.75,7.0,None,measurement,26.0,None,{'state': None},0.64,226.0
2022-05-24 23:15:12.577720+00:00,None,1.0,42.85,0.0033,power,42.85,0.0,0.0,None,215.0,None,0.75,7.0,None,measurement,26.0,None,{'state': None},0.75,226.0
2022-05-24 23:23:12.546083+00:00,None,1.0,42.85,0.0026,power,42.85,0.0,0.0,None,215.0,None,0.58,7.0,None,measurement,26.0,None,{'state': None},0.75,226.0
2022-05-24 23:23:12.550905+00:00,None,1.0,42.85,0.0026,power,42.85,0.0,0.0,None,215.0,None,0.58,7.0,None,measurement,26.0,None,{'state': None},0.58,226.0
2022-05-24 23:28:48.051225+00:00,None,1.0,42.85,0.0036,power,42.85,0.0,0.0,None,215.0,None,0.81,7.0,None,measurement,26.0,None,{'state': None},0.58,226.0
2022-05-24 23:28:48.056974+00:00,None,1.0,42.85,0.0036,power,42.85,0.0,0.0,None,215.0,None,0.81,7.0,None,measurement,26.0,None,{'state': None},0.81,226.0
2022-05-24 23:35:12.248655+00:00,None,1.0,42.85,0.0024,power,42.85,0.0,0.0,None,215.0,None,0.54,7.0,None,measurement,26.0,None,{'state': None},0.81,226.0
2022-05-24 23:35:12.253974+00:00,None,1.0,42.85,0.0024,power,42.85,0.0,0.0,None,215.0,None,0.54,7.0,None,measurement,26.0,None,{'state': None},0.54,226.0
2022-05-24 23:41:00.146495+00:00,None,1.0,42.85,0.0026,power,42.85,0.0,0.0,None,223.0,None,0.58,7.0,None,measurement,26.0,None,{'state': None},0.54,226.0
2022-05-24 23:41:00.150051+00:00,None,1.0,42.85,0.0026,power,42.85,0.0,0.0,None,223.0,None,0.58,7.0,None,measurement,26.0,None,{'state': None},0.58,226.0
2022-05-24 23:47:46.731847+00:00,None,1.0,42.85,0.0027,power,42.85,0.0,0.0,None,223.0,None,0.61,7.0,None,measurement,26.0,None,{'state': None},0.58,226.0
2022-05-24 23:47:46.736151+00:00,None,1.0,42.85,0.0027,power,42.85,0.0,0.0,None,223.0,None,0.61,7.0,None,measurement,26.0,None,{'state': None},0.61,226.0
2022-05-24 23:55:18.765015+00:00,None,1.0,42.85,0.0034,power,42.85,0.0,0.0,None,223.0,None,0.76,7.0,None,measurement,25.0,None,{'state': None},0.61,226.0
2022-05-24 23:55:18.772358+00:00,None,1.0,42.85,0.0034,power,42.85,0.0,0.0,None,223.0,None,0.76,7.0,None,measurement,25.0,None,{'state': None},0.76,226.0
