time,auto_off_str,consumer_connected,consumption,current,device_class_str,energy,illuminance,illuminance_lux,led_disabled_night_str,linkquality,overload_protection_str,power,power_outage_count,power_outage_memory_str,state_class_str,temperature,update_available_str,update_str,value,voltage
2022-06-02 00:05:08.856267+00:00,None,1.0,44.92,0.0027,power,44.92,0.0,0.0,None,255.0,None,0.62,7.0,None,measurement,26.0,None,{'state': None},0.59,226.0
2022-06-02 00:05:08.860985+00:00,None,1.0,44.92,0.0027,power,44.92,0.0,0.0,None,255.0,None,0.62,7.0,None,measurement,26.0,None,{'state': None},0.62,226.0
2022-06-02 00:12:32.348044+00:00,None,1.0,44.92,0.0026,power,44.92,0.0,0.0,None,255.0,None,0.58,7.0,None,measurement,26.0,None,{'state': None},0.62,226.0
2022-06-02 00:12:32.355068+00:00,None,1.0,44.92,0.0026,power,44.92,0.0,0.0,None,255.0,None,0.58,7.0,None,measurement,26.0,None,{'state': None},0.58,226.0
2022-06-02 00:20:07.708294+00:00,None,1.0,44.92,0.003,power,44.92,0.0,0.0,None,255.0,None,0.68,7.0,None,measurement,26.0,None,{'state': None},0.58,230.0
2022-06-02 00:20:07.714043+00:00,None,1.0,44.92,0.003,power,44.92,0.0,0.0,None,255.0,None,0.68,7.0,None,measurement,26.0,None,{'state': None},0.68,230.0
2022-06-02 00:28:02.247756+00:00,None,1.0,44.92,0.0026,power,44.92,0.0,0.0,None,255.0,None,0.6,7.0,None,measurement,26.0,None,{'state': None},0.68,230.0
2022-06-02 00:28:02.253677+00:00,None,1.0,44.92,0.0026,power,44.92,0.0,0.0,None,255.0,None,0.6,7.0,None,measurement,26.0,None,{'state': None},0.6,230.0
2022-06-02 00:48:53.224079+00:00,None,1.0,44.92,0.0024,power,44.92,0.0,0.0,None,255.0,None,0.56,7.0,None,measurement,26.0,None,{'state': None},0.6,230.0
2022-06-02 00:48:53.227653+00:00,None,1.0,44.92,0.0024,power,44.92,0.0,0.0,None,255.0,None,0.56,7.0,None,measurement,26.0,None,{'state': None},0.56,230.0
2022-06-02 00:55:33.866038+00:00,None,1.0,44.92,0.0039,power,44.92,0.0,0.0,None,255.0,None,0.9,7.0,None,measurement,26.0,None,{'state': None},0.56,230.0
2022-06-02 00:55:33.871477+00:00,None,1.0,44.92,0.0039,power,44.92,0.0,0.0,None,255.0,None,0.9,7.0,None,measurement,26.0,None,{'state': None},0.9,230.0
2022-06-02 01:03:36.052727+00:00,None,1.0,44.92,0.004,power,44.92,0.0,0.0,None,255.0,None,0.9,7.0,None,measurement,26.0,None,{'state': None},0.9,223.0
2022-06-02 01:10:19.103239+00:00,None,1.0,44.92,0.0027,power,44.92,0.0,0.0,None,255.0,None,0.6,7.0,None,measurement,26.0,None,{'state': None},0.9,223.0
2022-06-02 01:10:19.107067+00:00,None,1.0,44.92,0.0027,power,44.92,0.0,0.0,None,255.0,None,0.6,7.0,None,measurement,26.0,None,{'state': None},0.6,223.0
2022-06-02 01:23:05.175428+00:00,None,1.0,44.92,0.0032,power,44.92,0.0,0.0,None,255.0,None,0.71,7.0,None,measurement,26.0,None,{'state': None},0.6,223.0
2022-06-02 01:23:05.179908+00:00,None,1.0,44.92,0.0032,power,44.92,0.0,0.0,None,255.0,None,0.71,7.0,None,measurement,26.0,None,{'state': None},0.71,223.0
2022-06-02 01:28:29.006462+00:00,None,1.0,44.92,0.0029,power,44.92,0.0,0.0,None,255.0,None,0.64,7.0,None,measurement,26.0,None,{'state': None},0.71,223.0
2022-06-02 01:28:29.010025+00:00,None,1.0,44.92,0.0029,power,44.92,0.0,0.0,None,255.0,None,0.64,7.0,None,measurement,26.0,None,{'state': None},0.64,223.0
2022-06-02 01:35:24.435930+00:00,None,1.0,44.92,0.0033,power,44.92,0.0,0.0,None,255.0,None,0.74,7.0,None,measurement,26.0,None,{'state': None},0.64,223.0
2022-06-02 01:35:24.439613+00:00,None,1.0,44.92,0.0033,power,44.92,0.0,0.0,None,255.0,None,0.74,7.0,None,measurement,26.0,None,{'state': None},0.74,223.0
2022-06-02 01:42:57.393003+00:00,None,1.0,44.92,0.0025,power,44.92,0.0,0.0,None,255.0,None,0.57,7.0,None,measurement,26.0,None,{'state': None},0.74,223.0
2022-06-02 01:42:57.398506+00:00,None,1.0,44.92,0.0025,power,44.92,0.0,0.0,None,255.0,None,0.57,7.0,None,measurement,26.0,None,{'state': None},0.57,223.0
2022-06-02 01:50:10.500723+00:00,None,1.0,44.92,0.0026,power,44.92,0.0,0.0,None,255.0,None,0.57,7.0,None,measurement,26.0,None,{'state': None},0.57,223.0
2022-06-02 01:55:31.484122+00:00,None,1.0,44.92,0.0028,power,44.92,0.0,0.0,None,255.0,None,0.63,7.0,None,measurement,26.0,None,{'state': None},0.57,223.0
2022-06-02 01:55:31.490140+00:00,None,1.0,44.92,0.0028,power,44.92,0.0,0.0,None,255.0,None,0.63,7.0,None,measurement,26.0,None,{'state': None},0.63,223.0
2022-06-02 02:00:55.900927+00:00,None,1.0,44.92,0.0034,power,44.92,0.0,0.0,None,255.0,None,0.78,7.0,None,measurement,26.0,None,{'state': None},0.63,230.0
2022-06-02 02:00:55.905620+00:00,None,1.0,44.92,0.0034,power,44.92,0.0,0.0,None,255.0,None,0.78,7.0,None,measurement,26.0,None,{'state': None},0.78,230.0
2022-06-02 02:08:37.830777+00:00,None,1.0,44.92,0.0039,power,44.92,0.0,0.0,None,255.0,None,0.91,7.0,None,measurement,26.0,None,{'state': None},0.78,230.0
2022-06-02 02:08:37.835694+00:00,None,1.0,44.92,0.0039,power,44.92,0.0,0.0,None,255.0,None,0.91,7.0,None,measurement,26.0,None,{'state': None},0.91,230.0
2022-06-02 02:15:31.854563+00:00,None,1.0,44.92,0.0032,power,44.92,0.0,0.0,None,255.0,None,0.73,7.0,None,measurement,26.0,None,{'state': None},0.91,230.0
2022-06-02 02:15:31.859290+00:00,None,1.0,44.92,0.0032,power,44.92,0.0,0.0,None,255.0,None,0.73,7.0,None,measurement,26.0,None,{'state': None},0.73,230.0
2022-06-02 02:21:31.447130+00:00,None,1.0,44.92,0.0028,power,44.92,0.0,0.0,None,255.0,None,0.65,7.0,None,measurement,26.0,None,{'state': None},0.73,230.0
2022-06-02 02:21:31.452088+00:00,None,1.0,44.92,0.0028,power,44.92,0.0,0.0,None,255.0,None,0.65,7.0,None,measurement,26.0,None,{'state': None},0.65,230.0
2022-06-02 02:29:31.644637+00:00,None,1.0,44.92,0.0036,power,44.92,0.0,0.0,None,255.0,None,0.82,7.0,None,measurement,26.0,None,{'state': None},0.65,230.0
2022-06-02 02:29:31.651253+00:00,None,1.0,44.92,0.0036,power,44.92,0.0,0.0,None,255.0,None,0.82,7.0,None,measurement,26.0,None,{'state': None},0.82,230.0
2022-06-02 02:34:39.114723+00:00,None,1.0,44.92,0.0025,power,44.92,0.0,0.0,None,255.0,None,0.56,7.0,None,measurement,26.0,None,{'state': None},0.82,223.0
2022-06-02 02:34:39.119998+00:00,None,1.0,44.92,0.0025,power,44.92,0.0,0.0,None,255.0,None,0.56,7.0,None,measurement,26.0,None,{'state': None},0.56,223.0
2022-06-02 02:41:23.982887+00:00,None,1.0,44.92,0.0034,power,44.92,0.0,0.0,None,255.0,None,0.75,7.0,None,measurement,26.0,None,{'state': None},0.56,223.0
2022-06-02 02:41:23.988250+00:00,None,1.0,44.92,0.0034,power,44.92,0.0,0.0,None,255.0,None,0.75,7.0,None,measurement,26.0,None,{'state': None},0.75,223.0
2022-06-02 02:49:07.720788+00:00,None,1.0,44.92,0.0027,power,44.92,0.0,0.0,None,255.0,None,0.6,7.0,None,measurement,26.0,None,{'state': None},0.75,223.0
2022-06-02 02:49:07.726679+00:00,None,1.0,44.92,0.0027,power,44.92,0.0,0.0,None,255.0,None,0.6,7.0,None,measurement,26.0,None,{'state': None},0.6,223.0
2022-06-02 02:55:28.899287+00:00,None,1.0,44.92,0.0028,power,44.92,0.0,0.0,None,255.0,None,0.63,7.0,None,measurement,26.0,None,{'state': None},0.6,223.0
2022-06-02 02:55:28.905247+00:00,None,1.0,44.92,0.0028,power,44.92,0.0,0.0,None,255.0,None,0.63,7.0,None,measurement,26.0,None,{'state': None},0.63,223.0
2022-06-02 03:00:56.743792+00:00,None,1.0,44.92,0.0032,power,44.92,0.0,0.0,None,255.0,None,0.71,7.0,None,measurement,26.0,None,{'state': None},0.63,223.0
2022-06-02 03:00:56.750313+00:00,None,1.0,44.92,0.0032,power,44.92,0.0,0.0,None,255.0,None,0.71,7.0,None,measurement,26.0,None,{'state': None},0.71,223.0
2022-06-02 03:08:23.131106+00:00,None,1.0,44.92,0.003,power,44.92,0.0,0.0,None,255.0,None,0.67,7.0,None,measurement,26.0,None,{'state': None},0.71,223.0
2022-06-02 03:08:23.136228+00:00,None,1.0,44.92,0.003,power,44.92,0.0,0.0,None,255.0,None,0.67,7.0,None,measurement,26.0,None,{'state': None},0.67,223.0
2022-06-02 03:13:36.453387+00:00,None,1.0,44.92,0.0024,power,44.92,0.0,0.0,None,255.0,None,0.55,7.0,None,measurement,26.0,None,{'state': None},0.67,230.0
2022-06-02 03:13:36.457469+00:00,None,1.0,44.92,0.0024,power,44.92,0.0,0.0,None,255.0,None,0.55,7.0,None,measurement,26.0,None,{'state': None},0.55,230.0
2022-06-02 03:21:20.307459+00:00,None,1.0,44.92,0.0031,power,44.92,0.0,0.0,None,255.0,None,0.69,7.0,None,measurement,26.0,None,{'state': None},0.55,223.0
2022-06-02 03:21:20.312793+00:00,None,1.0,44.92,0.0031,power,44.92,0.0,0.0,None,255.0,None,0.69,7.0,None,measurement,26.0,None,{'state': None},0.69,223.0
2022-06-02 03:28:08.102314+00:00,None,1.0,44.92,0.0032,power,44.92,0.0,0.0,None,255.0,None,0.72,7.0,None,measurement,26.0,None,{'state': None},0.69,223.0
2022-06-02 03:28:08.106769+00:00,None,1.0,44.92,0.0032,power,44.92,0.0,0.0,None,255.0,None,0.72,7.0,None,measurement,26.0,None,{'state': None},0.72,223.0
2022-06-02 03:33:24.352051+00:00,None,1.0,44.92,0.0028,power,44.92,0.0,0.0,None,255.0,None,0.61,7.0,None,measurement,26.0,None,{'state': None},0.72,223.0
2022-06-02 03:33:24.357921+00:00,None,1.0,44.92,0.0028,power,44.92,0.0,0.0,None,255.0,None,0.61,7.0,None,measurement,26.0,None,{'state': None},0.61,223.0
2022-06-02 03:39:09.132005+00:00,None,1.0,44.92,0.0025,power,44.92,0.0,0.0,None,255.0,None,0.56,7.0,None,measurement,26.0,None,{'state': None},0.61,223.0
2022-06-02 03:39:09.138917+00:00,None,1.0,44.92,0.0025,power,44.92,0.0,0.0,None,255.0,None,0.56,7.0,None,measurement,26.0,None,{'state': None},0.56,223.0
2022-06-02 03:46:39.663874+00:00,None,1.0,44.92,0.0038,power,44.92,0.0,0.0,None,255.0,None,0.86,7.0,None,measurement,26.0,None,{'state': None},0.56,223.0
2022-06-02 03:46:39.670359+00:00,None,1.0,44.92,0.0038,power,44.92,0.0,0.0,None,255.0,None,0.86,7.0,None,measurement,26.0,None,{'state': None},0.86,223.0
2022-06-02 03:51:53.690956+00:00,None,1.0,44.92,0.0028,power,44.92,0.0,0.0,None,255.0,None,0.61,7.0,None,measurement,26.0,None,{'state': None},0.86,223.0
2022-06-02 03:51:53.696609+00:00,None,1.0,44.92,0.0028,power,44.92,0.0,0.0,None,255.0,None,0.61,7.0,None,measurement,26.0,None,{'state': None},0.61,223.0
2022-06-02 03:57:59.645434+00:00,None,1.0,44.92,0.0034,power,44.92,0.0,0.0,None,255.0,None,0.76,7.0,None,measurement,26.0,None,{'state': None},0.61,223.0
2022-06-02 03:57:59.652938+00:00,None,1.0,44.92,0.0034,power,44.92,0.0,0.0,None,255.0,None,0.76,7.0,None,measurement,26.0,None,{'state': None},0.76,223.0
2022-06-02 04:06:00.532559+00:00,None,1.0,44.92,0.0027,power,44.92,0.0,0.0,None,255.0,None,0.63,7.0,None,measurement,26.0,None,{'state': None},0.76,230.0
2022-06-02 04:06:00.538894+00:00,None,1.0,44.92,0.0027,power,44.92,0.0,0.0,None,255.0,None,0.63,7.0,None,measurement,26.0,None,{'state': None},0.63,230.0
2022-06-02 04:13:53.612174+00:00,None,1.0,44.92,0.0035,power,44.92,0.0,0.0,None,255.0,None,0.78,7.0,None,measurement,26.0,None,{'state': None},0.63,223.0
2022-06-02 04:13:53.617907+00:00,None,1.0,44.92,0.0035,power,44.92,0.0,0.0,None,255.0,None,0.78,7.0,None,measurement,26.0,None,{'state': None},0.78,223.0
2022-06-02 04:20:51.207251+00:00,None,1.0,44.92,0.0026,power,44.92,0.0,0.0,None,255.0,None,0.57,7.0,None,measurement,26.0,None,{'state': None},0.78,223.0
2022-06-02 04:20:51.211465+00:00,None,1.0,44.92,0.0026,power,44.92,0.0,0.0,None,255.0,None,0.57,7.0,None,measurement,26.0,None,{'state': None},0.57,223.0
2022-06-02 04:27:22.640934+00:00,None,1.0,44.92,0.003,power,44.92,0.0,0.0,None,255.0,None,0.67,7.0,None,measurement,26.0,None,{'state': None},0.57,223.0
2022-06-02 04:27:22.644772+00:00,None,1.0,44.92,0.003,power,44.92,0.0,0.0,None,255.0,None,0.67,7.0,None,measurement,26.0,None,{'state': None},0.67,223.0
2022-06-02 04:34:39.983862+00:00,None,1.0,44.92,0.0032,power,44.92,0.0,0.0,None,255.0,None,0.72,7.0,None,measurement,26.0,None,{'state': None},0.67,223.0
2022-06-02 04:34:39.991200+00:00,None,1.0,44.92,0.0032,power,44.92,0.0,0.0,None,255.0,None,0.72,7.0,None,measurement,26.0,None,{'state': None},0.72,223.0
2022-06-02 04:41:58.117654+00:00,None,1.0,44.92,0.0025,power,44.92,0.0,0.0,None,255.0,None,0.55,7.0,None,measurement,26.0,None,{'state': None},0.72,223.0
2022-06-02 04:41:58.125062+00:00,None,1.0,44.92,0.0025,power,44.92,0.0,0.0,None,255.0,None,0.55,7.0,None,measurement,26.0,None,{'state': None},0.55,223.0
2022-06-02 04:47:04.868565+00:00,None,1.0,44.92,0.0029,power,44.92,0.0,0.0,None,255.0,None,0.65,7.0,None,measurement,26.0,None,{'state': None},0.55,223.0
2022-06-02 04:47:04.873195+00:00,None,1.0,44.92,0.0029,power,44.92,0.0,0.0,None,255.0,None,0.65,7.0,None,measurement,26.0,None,{'state': None},0.65,223.0
2022-06-02 04:54:17.802277+00:00,None,1.0,44.92,0.0043,power,44.92,0.0,0.0,None,255.0,None,0.96,7.0,None,measurement,26.0,None,{'state': None},0.65,223.0
2022-06-02 04:54:17.812987+00:00,None,1.0,44.92,0.0043,power,44.92,0.0,0.0,None,255.0,None,0.96,7.0,None,measurement,26.0,None,{'state': None},0.96,223.0
2022-06-02 04:59:59.546764+00:00,None,1.0,44.92,0.0029,power,44.92,0.0,0.0,None,255.0,None,0.64,7.0,None,measurement,26.0,None,{'state': None},0.96,223.0
2022-06-02 04:59:59.552405+00:00,None,1.0,44.92,0.0029,power,44.92,0.0,0.0,None,255.0,None,0.64,7.0,None,measurement,26.0,None,{'state': None},0.64,223.0
2022-06-02 05:06:52.267751+00:00,None,1.0,44.92,0.0038,power,44.92,0.0,0.0,None,255.0,None,0.85,7.0,None,measurement,26.0,None,{'state': None},0.64,223.0
2022-06-02 05:06:52.274671+00:00,None,1.0,44.92,0.0038,power,44.92,0.0,0.0,None,255.0,None,0.85,7.0,None,measurement,26.0,None,{'state': None},0.85,223.0
2022-06-02 05:13:59.416565+00:00,None,1.0,44.92,0.0025,power,44.92,0.0,0.0,None,255.0,None,0.56,7.0,None,measurement,26.0,None,{'state': None},0.85,223.0
2022-06-02 05:13:59.423449+00:00,None,1.0,44.92,0.0025,power,44.92,0.0,0.0,None,255.0,None,0.56,7.0,None,measurement,26.0,None,{'state': None},0.56,223.0
2022-06-02 05:21:17.865491+00:00,None,1.0,44.92,0.0026,power,44.92,0.0,0.0,None,255.0,None,0.6,7.0,None,measurement,26.0,None,{'state': None},0.56,230.0
2022-06-02 05:21:17.873390+00:00,None,1.0,44.92,0.0026,power,44.92,0.0,0.0,None,255.0,None,0.6,7.0,None,measurement,26.0,None,{'state': None},0.6,230.0
2022-06-02 05:28:10.471507+00:00,None,1.0,44.92,0.004,power,44.92,0.0,0.0,None,255.0,None,0.92,7.0,None,measurement,26.0,None,{'state': None},0.6,230.0
2022-06-02 05:28:10.476162+00:00,None,1.0,44.92,0.004,power,44.92,0.0,0.0,None,255.0,None,0.92,7.0,None,measurement,26.0,None,{'state': None},0.92,230.0
2022-06-02 05:35:26.799245+00:00,None,1.0,44.92,0.0026,power,44.92,0.0,0.0,None,255.0,None,0.6,7.0,None,measurement,26.0,None,{'state': None},0.92,230.0
2022-06-02 05:35:26.803635+00:00,None,1.0,44.92,0.0026,power,44.92,0.0,0.0,None,255.0,None,0.6,7.0,None,measurement,26.0,None,{'state': None},0.6,230.0
2022-06-02 05:41:57.135543+00:00,None,1.0,44.92,0.0025,power,44.92,0.0,0.0,None,255.0,None,0.57,7.0,None,measurement,26.0,None,{'state': None},0.6,230.0
2022-06-02 05:41:57.142395+00:00,None,1.0,44.92,0.0025,power,44.92,0.0,0.0,None,255.0,None,0.57,7.0,None,measurement,26.0,None,{'state': None},0.57,230.0
2022-06-02 05:49:49.764996+00:00,None,1.0,44.92,0.004,power,44.92,0.0,0.0,None,255.0,None,0.92,7.0,None,measurement,26.0,None,{'state': None},0.57,230.0
2022-06-02 05:49:49.770637+00:00,None,1.0,44.92,0.004,power,44.92,0.0,0.0,None,255.0,None,0.92,7.0,None,measurement,26.0,None,{'state': None},0.92,230.0
2022-06-02 05:57:46.071195+00:00,None,1.0,44.92,0.0028,power,44.92,0.0,0.0,None,255.0,None,0.64,7.0,None,measurement,26.0,None,{'state': None},0.92,230.0
2022-06-02 05:57:46.076393+00:00,None,1.0,44.92,0.0028,power,44.92,0.0,0.0,None,255.0,None,0.64,7.0,None,measurement,26.0,None,{'state': None},0.64,230.0
2022-06-02 06:03:00.427480+00:00,None,1.0,44.92,0.0029,power,44.92,0.0,0.0,None,255.0,None,0.67,7.0,None,measurement,26.0,None,{'state': None},0.64,230.0
2022-06-02 06:03:00.434757+00:00,None,1.0,44.92,0.0029,power,44.92,0.0,0.0,None,255.0,None,0.67,7.0,None,measurement,26.0,None,{'state': None},0.67,230.0
2022-06-02 06:09:08.391935+00:00,None,1.0,44.92,0.0028,power,44.92,0.0,0.0,None,255.0,None,0.64,7.0,None,measurement,26.0,None,{'state': None},0.67,230.0
2022-06-02 06:09:08.398643+00:00,None,1.0,44.92,0.0028,power,44.92,0.0,0.0,None,255.0,None,0.64,7.0,None,measurement,26.0,None,{'state': None},0.64,230.0
2022-06-02 06:15:07.882866+00:00,None,1.0,44.92,0.0037,power,44.92,0.0,0.0,None,255.0,None,0.82,7.0,None,measurement,26.0,None,{'state': None},0.64,223.0
2022-06-02 06:15:07.887892+00:00,None,1.0,44.92,0.0037,power,44.92,0.0,0.0,None,255.0,None,0.82,7.0,None,measurement,26.0,None,{'state': None},0.82,223.0
2022-06-02 06:20:47.622780+00:00,None,1.0,44.92,0.0038,power,44.92,0.0,0.0,None,255.0,None,0.84,7.0,None,measurement,26.0,None,{'state': None},0.82,223.0
2022-06-02 06:20:47.629752+00:00,None,1.0,44.92,0.0038,power,44.92,0.0,0.0,None,255.0,None,0.84,7.0,None,measurement,26.0,None,{'state': None},0.84,223.0
2022-06-02 06:28:19.480978+00:00,None,1.0,44.92,0.0024,power,44.92,0.0,0.0,None,255.0,None,0.53,7.0,None,measurement,26.0,None,{'state': None},0.84,223.0
2022-06-02 06:28:19.488562+00:00,None,1.0,44.92,0.0024,power,44.92,0.0,0.0,None,255.0,None,0.53,7.0,None,measurement,26.0,None,{'state': None},0.53,223.0
2022-06-02 06:33:44.504224+00:00,None,1.0,44.92,0.0027,power,44.92,0.0,0.0,None,255.0,None,0.61,7.0,None,measurement,26.0,None,{'state': None},0.53,223.0
2022-06-02 06:33:44.511253+00:00,None,1.0,44.92,0.0027,power,44.92,0.0,0.0,None,255.0,None,0.61,7.0,None,measurement,26.0,None,{'state': None},0.61,223.0
2022-06-02 06:39:21.834855+00:00,None,1.0,44.92,0.0041,power,44.92,0.0,0.0,None,255.0,None,0.92,7.0,None,measurement,26.0,None,{'state': None},0.61,223.0
2022-06-02 06:39:21.842071+00:00,None,1.0,44.92,0.0041,power,44.92,0.0,0.0,None,255.0,None,0.92,7.0,None,measurement,26.0,None,{'state': None},0.92,223.0
2022-06-02 06:45:03.276767+00:00,None,1.0,44.92,0.0028,power,44.92,0.0,0.0,None,255.0,None,0.63,7.0,None,measurement,26.0,None,{'state': None},0.92,223.0
2022-06-02 06:45:03.282794+00:00,None,1.0,44.92,0.0028,power,44.92,0.0,0.0,None,255.0,None,0.63,7.0,None,measurement,26.0,None,{'state': None},0.63,223.0
2022-06-02 06:51:09.623785+00:00,None,1.0,44.92,0.004,power,44.92,0.0,0.0,None,255.0,None,0.89,7.0,None,measurement,26.0,None,{'state': None},0.63,223.0
2022-06-02 06:51:09.629408+00:00,None,1.0,44.92,0.004,power,44.92,0.0,0.0,None,255.0,None,0.89,7.0,None,measurement,26.0,None,{'state': None},0.89,223.0
2022-06-02 06:57:09.131347+00:00,None,1.0,44.92,0.0051,power,44.92,0.0,0.0,None,255.0,None,1.14,7.0,None,measurement,26.0,None,{'state': None},0.89,223.0
2022-06-02 06:57:09.137925+00:00,None,1.0,44.92,0.0051,power,44.92,0.0,0.0,None,255.0,None,1.14,7.0,None,measurement,26.0,None,{'state': None},1.14,223.0
2022-06-02 07:02:40.003487+00:00,None,1.0,44.92,0.0028,power,44.92,0.0,0.0,None,255.0,None,0.63,7.0,None,measurement,26.0,None,{'state': None},1.14,223.0
2022-06-02 07:02:40.008252+00:00,None,1.0,44.92,0.0028,power,44.92,0.0,0.0,None,255.0,None,0.63,7.0,None,measurement,26.0,None,{'state': None},0.63,223.0
2022-06-02 07:09:43.920834+00:00,None,1.0,44.92,0.0029,power,44.92,0.0,0.0,None,255.0,None,0.64,7.0,None,measurement,26.0,None,{'state': None},0.63,223.0
2022-06-02 07:09:43.926820+00:00,None,1.0,44.92,0.0029,power,44.92,0.0,0.0,None,255.0,None,0.64,7.0,None,measurement,26.0,None,{'state': None},0.64,223.0
2022-06-02 07:23:03.978517+00:00,None,1.0,44.92,0.0036,power,44.92,0.0,0.0,None,255.0,None,0.8,7.0,None,measurement,26.0,None,{'state': None},0.64,223.0
2022-06-02 07:23:03.984359+00:00,None,1.0,44.92,0.0036,power,44.92,0.0,0.0,None,255.0,None,0.8,7.0,None,measurement,26.0,None,{'state': None},0.8,223.0
2022-06-02 07:31:00.100961+00:00,None,1.0,44.92,0.0033,power,44.92,0.0,0.0,None,255.0,None,0.73,7.0,None,measurement,26.0,None,{'state': None},0.8,223.0
2022-06-02 07:31:00.105778+00:00,None,1.0,44.92,0.0033,power,44.92,0.0,0.0,None,255.0,None,0.73,7.0,None,measurement,26.0,None,{'state': None},0.73,223.0
2022-06-02 07:37:01.014434+00:00,None,1.0,44.92,0.0043,power,44.92,0.0,0.0,None,255.0,None,0.96,7.0,None,measurement,26.0,None,{'state': None},0.73,223.0
2022-06-02 07:37:01.020152+00:00,None,1.0,44.92,0.0043,power,44.92,0.0,0.0,None,255.0,None,0.96,7.0,None,measurement,26.0,None,{'state': None},0.96,223.0
2022-06-02 07:41:32.188822+00:00,None,1.0,44.92,0.0043,power,44.92,0.0,0.0,None,255.0,None,55.33,7.0,None,measurement,26.0,None,{'state': None},0.96,223.0
2022-06-02 07:41:32.196096+00:00,None,1.0,44.92,0.0043,power,44.92,0.0,0.0,None,255.0,None,55.33,7.0,None,measurement,26.0,None,{'state': None},55.33,223.0
2022-06-02 07:41:42.245951+00:00,None,1.0,44.92,0.0043,power,44.92,0.0,0.0,None,255.0,None,59.35,7.0,None,measurement,26.0,None,{'state': None},55.33,223.0
2022-06-02 07:41:42.252190+00:00,None,1.0,44.92,0.0043,power,44.92,0.0,0.0,None,255.0,None,59.35,7.0,None,measurement,26.0,None,{'state': None},59.35,223.0
2022-06-02 07:42:02.426471+00:00,None,1.0,44.92,0.0043,power,44.92,0.0,0.0,None,255.0,None,55.33,7.0,None,measurement,26.0,None,{'state': None},59.35,223.0
2022-06-02 07:42:02.434083+00:00,None,1.0,44.92,0.0043,power,44.92,0.0,0.0,None,255.0,None,55.33,7.0,None,measurement,26.0,None,{'state': None},55.33,223.0
2022-06-02 07:44:28.612630+00:00,None,1.0,44.93,0.2594,power,44.93,0.0,0.0,None,255.0,None,57.85,7.0,None,measurement,26.0,None,{'state': None},55.33,223.0
2022-06-02 07:44:28.619058+00:00,None,1.0,44.93,0.2594,power,44.93,0.0,0.0,None,255.0,None,57.85,7.0,None,measurement,26.0,None,{'state': None},57.85,223.0
2022-06-02 07:50:02.630593+00:00,None,1.0,44.93,0.2571,power,44.93,0.0,0.0,None,255.0,None,57.34,7.0,None,measurement,26.0,None,{'state': None},57.85,223.0
2022-06-02 07:50:02.635755+00:00,None,1.0,44.93,0.2571,power,44.93,0.0,0.0,None,255.0,None,57.34,7.0,None,measurement,26.0,None,{'state': None},57.34,223.0
2022-06-02 07:56:42.743658+00:00,None,1.0,44.94,0.2571,power,44.94,0.0,0.0,None,255.0,None,57.34,7.0,None,measurement,26.0,None,{'state': None},57.34,223.0
2022-06-02 08:01:57.685075+00:00,None,1.0,44.94,0.2594,power,44.94,0.0,0.0,None,255.0,None,57.85,7.0,None,measurement,26.0,None,{'state': None},57.34,223.0
2022-06-02 08:01:57.692564+00:00,None,1.0,44.94,0.2594,power,44.94,0.0,0.0,None,255.0,None,57.85,7.0,None,measurement,26.0,None,{'state': None},57.85,223.0
2022-06-02 08:08:21.585685+00:00,None,1.0,44.95,0.2571,power,44.95,0.0,0.0,None,255.0,None,57.34,7.0,None,measurement,26.0,None,{'state': None},57.85,223.0
2022-06-02 08:08:21.591085+00:00,None,1.0,44.95,0.2571,power,44.95,0.0,0.0,None,255.0,None,57.34,7.0,None,measurement,26.0,None,{'state': None},57.34,223.0
2022-06-02 08:15:19.656149+00:00,None,1.0,44.96,0.2594,power,44.96,0.0,0.0,None,255.0,None,57.85,7.0,None,measurement,26.0,None,{'state': None},57.34,223.0
2022-06-02 08:15:19.665067+00:00,None,1.0,44.96,0.2594,power,44.96,0.0,0.0,None,255.0,None,57.85,7.0,None,measurement,26.0,None,{'state': None},57.85,223.0
2022-06-02 08:20:53.258157+00:00,None,1.0,44.96,0.2549,power,44.96,0.0,0.0,None,255.0,None,56.84,7.0,None,measurement,26.0,None,{'state': None},57.85,223.0
2022-06-02 08:20:53.261817+00:00,None,1.0,44.96,0.2549,power,44.96,0.0,0.0,None,255.0,None,56.84,7.0,None,measurement,26.0,None,{'state': None},56.84,223.0
2022-06-02 08:26:15.155976+00:00,None,1.0,44.97,0.2594,power,44.97,0.0,0.0,None,255.0,None,57.85,7.0,None,measurement,26.0,None,{'state': None},56.84,223.0
2022-06-02 08:26:15.161344+00:00,None,1.0,44.97,0.2594,power,44.97,0.0,0.0,None,255.0,None,57.85,7.0,None,measurement,26.0,None,{'state': None},57.85,223.0
2022-06-02 08:32:58.578350+00:00,None,1.0,44.97,0.2549,power,44.97,0.0,0.0,None,255.0,None,56.84,7.0,None,measurement,26.0,None,{'state': None},57.85,223.0
2022-06-02 08:32:58.586268+00:00,None,1.0,44.97,0.2549,power,44.97,0.0,0.0,None,255.0,None,56.84,7.0,None,measurement,26.0,None,{'state': None},56.84,223.0
2022-06-02 08:35:18.213781+00:00,None,1.0,44.97,0.2549,power,44.97,0.0,0.0,None,255.0,None,59.86,7.0,None,measurement,26.0,None,{'state': None},56.84,223.0
2022-06-02 08:35:18.219541+00:00,None,1.0,44.97,0.2549,power,44.97,0.0,0.0,None,255.0,None,59.86,7.0,None,measurement,26.0,None,{'state': None},59.86,223.0
2022-06-02 08:38:03.544909+00:00,None,1.0,44.98,0.2774,power,44.98,0.0,0.0,None,255.0,None,61.87,7.0,None,measurement,26.0,None,{'state': None},59.86,223.0
2022-06-02 08:38:03.551103+00:00,None,1.0,44.98,0.2774,power,44.98,0.0,0.0,None,255.0,None,61.87,7.0,None,measurement,26.0,None,{'state': None},61.87,223.0
2022-06-02 08:44:56.871999+00:00,None,1.0,44.98,0.2752,power,44.98,0.0,0.0,None,255.0,None,61.37,7.0,None,measurement,26.0,None,{'state': None},61.87,223.0
2022-06-02 08:44:56.877995+00:00,None,1.0,44.98,0.2752,power,44.98,0.0,0.0,None,255.0,None,61.37,7.0,None,measurement,26.0,None,{'state': None},61.37,223.0
2022-06-02 08:50:39.933461+00:00,None,1.0,44.99,0.2774,power,44.99,0.0,0.0,None,255.0,None,61.87,7.0,None,measurement,26.0,None,{'state': None},61.37,223.0
2022-06-02 08:50:39.940582+00:00,None,1.0,44.99,0.2774,power,44.99,0.0,0.0,None,255.0,None,61.87,7.0,None,measurement,26.0,None,{'state': None},61.87,223.0
2022-06-02 08:56:45.560566+00:00,None,1.0,45.0,0.2774,power,45.0,0.0,0.0,None,255.0,None,61.87,7.0,None,measurement,26.0,None,{'state': None},61.87,223.0
2022-06-02 09:01:00.598650+00:00,None,1.0,45.0,0.2774,power,45.0,0.0,0.0,None,255.0,None,46.28,7.0,None,measurement,26.0,None,{'state': None},61.87,223.0
2022-06-02 09:01:00.603617+00:00,None,1.0,45.0,0.2774,power,45.0,0.0,0.0,None,255.0,None,46.28,7.0,None,measurement,26.0,None,{'state': None},46.28,223.0
2022-06-02 09:01:57.373946+00:00,None,1.0,45.0,0.2774,power,45.0,0.0,0.0,None,255.0,None,0.99,7.0,None,measurement,26.0,None,{'state': None},46.28,223.0
2022-06-02 09:01:57.381086+00:00,None,1.0,45.0,0.2774,power,45.0,0.0,0.0,None,255.0,None,0.99,7.0,None,measurement,26.0,None,{'state': None},0.99,223.0
2022-06-02 09:03:03.705890+00:00,None,1.0,45.0,0.0044,power,45.0,0.0,0.0,None,255.0,None,0.99,7.0,None,measurement,27.0,None,{'state': None},0.99,223.0
2022-06-02 09:09:12.067364+00:00,None,1.0,45.0,0.0041,power,45.0,0.0,0.0,None,255.0,None,0.92,7.0,None,measurement,26.0,None,{'state': None},0.99,223.0
2022-06-02 09:09:12.072955+00:00,None,1.0,45.0,0.0041,power,45.0,0.0,0.0,None,255.0,None,0.92,7.0,None,measurement,26.0,None,{'state': None},0.92,223.0
2022-06-02 09:15:21.652798+00:00,None,1.0,45.0,0.0028,power,45.0,0.0,0.0,None,255.0,None,0.63,7.0,None,measurement,26.0,None,{'state': None},0.92,223.0
2022-06-02 09:15:21.657874+00:00,None,1.0,45.0,0.0028,power,45.0,0.0,0.0,None,255.0,None,0.63,7.0,None,measurement,26.0,None,{'state': None},0.63,223.0
2022-06-02 09:22:32.940432+00:00,None,1.0,45.0,0.0037,power,45.0,0.0,0.0,None,255.0,None,0.82,7.0,None,measurement,26.0,None,{'state': None},0.63,223.0
2022-06-02 09:22:32.947982+00:00,None,1.0,45.0,0.0037,power,45.0,0.0,0.0,None,255.0,None,0.82,7.0,None,measurement,26.0,None,{'state': None},0.82,223.0
2022-06-02 09:28:33.544558+00:00,None,1.0,45.0,0.0038,power,45.0,0.0,0.0,None,255.0,None,0.85,7.0,None,measurement,26.0,None,{'state': None},0.82,223.0
2022-06-02 09:28:33.549556+00:00,None,1.0,45.0,0.0038,power,45.0,0.0,0.0,None,255.0,None,0.85,7.0,None,measurement,26.0,None,{'state': None},0.85,223.0
2022-06-02 09:34:01.474866+00:00,None,1.0,45.0,0.0029,power,45.0,0.0,0.0,None,255.0,None,0.65,7.0,None,measurement,26.0,None,{'state': None},0.85,223.0
2022-06-02 09:34:01.479480+00:00,None,1.0,45.0,0.0029,power,45.0,0.0,0.0,None,255.0,None,0.65,7.0,None,measurement,26.0,None,{'state': None},0.65,223.0
2022-06-02 09:40:31.744927+00:00,None,1.0,45.0,0.003,power,45.0,0.0,0.0,None,255.0,None,0.67,7.0,None,measurement,26.0,None,{'state': None},0.65,223.0
2022-06-02 09:40:31.750066+00:00,None,1.0,45.0,0.003,power,45.0,0.0,0.0,None,255.0,None,0.67,7.0,None,measurement,26.0,None,{'state': None},0.67,223.0
2022-06-02 09:45:52.025065+00:00,None,1.0,45.0,0.0028,power,45.0,0.0,0.0,None,255.0,None,0.62,7.0,None,measurement,26.0,None,{'state': None},0.67,223.0
2022-06-02 09:45:52.030308+00:00,None,1.0,45.0,0.0028,power,45.0,0.0,0.0,None,255.0,None,0.62,7.0,None,measurement,26.0,None,{'state': None},0.62,223.0
2022-06-02 09:51:56.871747+00:00,None,1.0,45.0,0.003,power,45.0,0.0,0.0,None,255.0,None,0.66,7.0,None,measurement,26.0,None,{'state': None},0.62,223.0
2022-06-02 09:51:56.878939+00:00,None,1.0,45.0,0.003,power,45.0,0.0,0.0,None,255.0,None,0.66,7.0,None,measurement,26.0,None,{'state': None},0.66,223.0
2022-06-02 09:59:59.666546+00:00,None,1.0,45.0,0.0027,power,45.0,0.0,0.0,None,255.0,None,0.61,7.0,None,measurement,26.0,None,{'state': None},0.66,223.0
2022-06-02 09:59:59.673779+00:00,None,1.0,45.0,0.0027,power,45.0,0.0,0.0,None,255.0,None,0.61,7.0,None,measurement,26.0,None,{'state': None},0.61,223.0
2022-06-02 10:13:23.436673+00:00,None,1.0,45.0,0.0025,power,45.0,0.0,0.0,None,255.0,None,0.55,7.0,None,measurement,26.0,None,{'state': None},0.61,223.0
2022-06-02 10:13:23.440323+00:00,None,1.0,45.0,0.0025,power,45.0,0.0,0.0,None,255.0,None,0.55,7.0,None,measurement,26.0,None,{'state': None},0.55,223.0
2022-06-02 10:19:57.823937+00:00,None,1.0,45.0,0.0027,power,45.0,0.0,0.0,None,255.0,None,0.61,7.0,None,measurement,26.0,None,{'state': None},0.55,223.0
2022-06-02 10:19:57.830101+00:00,None,1.0,45.0,0.0027,power,45.0,0.0,0.0,None,255.0,None,0.61,7.0,None,measurement,26.0,None,{'state': None},0.61,223.0
2022-06-02 10:26:41.893859+00:00,None,1.0,45.0,0.003,power,45.0,0.0,0.0,None,255.0,None,0.66,7.0,None,measurement,26.0,None,{'state': None},0.61,223.0
2022-06-02 10:26:41.899054+00:00,None,1.0,45.0,0.003,power,45.0,0.0,0.0,None,255.0,None,0.66,7.0,None,measurement,26.0,None,{'state': None},0.66,223.0
2022-06-02 10:32:43.906594+00:00,None,1.0,45.0,0.0035,power,45.0,0.0,0.0,None,255.0,None,0.79,7.0,None,measurement,26.0,None,{'state': None},0.66,223.0
2022-06-02 10:32:43.911983+00:00,None,1.0,45.0,0.0035,power,45.0,0.0,0.0,None,255.0,None,0.79,7.0,None,measurement,26.0,None,{'state': None},0.79,223.0
2022-06-02 10:39:17.950292+00:00,None,1.0,45.0,0.0035,power,45.0,0.0,0.0,None,255.0,None,0.78,7.0,None,measurement,26.0,None,{'state': None},0.79,223.0
2022-06-02 10:39:17.954789+00:00,None,1.0,45.0,0.0035,power,45.0,0.0,0.0,None,255.0,None,0.78,7.0,None,measurement,26.0,None,{'state': None},0.78,223.0
2022-06-02 10:46:03.056480+00:00,None,1.0,45.0,0.003,power,45.0,0.0,0.0,None,255.0,None,0.68,7.0,None,measurement,26.0,None,{'state': None},0.78,223.0
2022-06-02 10:46:03.064519+00:00,None,1.0,45.0,0.003,power,45.0,0.0,0.0,None,255.0,None,0.68,7.0,None,measurement,26.0,None,{'state': None},0.68,223.0
2022-06-02 10:59:29.751531+00:00,None,1.0,45.0,0.003,power,45.0,0.0,0.0,None,255.0,None,0.66,7.0,None,measurement,26.0,None,{'state': None},0.68,223.0
2022-06-02 10:59:29.757179+00:00,None,1.0,45.0,0.003,power,45.0,0.0,0.0,None,255.0,None,0.66,7.0,None,measurement,26.0,None,{'state': None},0.66,223.0
2022-06-02 11:04:33.478305+00:00,None,1.0,45.0,0.0025,power,45.0,0.0,0.0,None,255.0,None,0.56,7.0,None,measurement,26.0,None,{'state': None},0.66,223.0
2022-06-02 11:04:33.482438+00:00,None,1.0,45.0,0.0025,power,45.0,0.0,0.0,None,255.0,None,0.56,7.0,None,measurement,26.0,None,{'state': None},0.56,223.0
2022-06-02 11:12:03.839649+00:00,None,1.0,45.0,0.0034,power,45.0,0.0,0.0,None,255.0,None,0.76,7.0,None,measurement,26.0,None,{'state': None},0.56,223.0
2022-06-02 11:12:03.843381+00:00,None,1.0,45.0,0.0034,power,45.0,0.0,0.0,None,255.0,None,0.76,7.0,None,measurement,26.0,None,{'state': None},0.76,223.0
2022-06-02 11:18:29.136208+00:00,None,1.0,45.0,0.0027,power,45.0,0.0,0.0,None,255.0,None,0.6,7.0,None,measurement,26.0,None,{'state': None},0.76,223.0
2022-06-02 11:18:29.142437+00:00,None,1.0,45.0,0.0027,power,45.0,0.0,0.0,None,255.0,None,0.6,7.0,None,measurement,26.0,None,{'state': None},0.6,223.0
2022-06-02 11:24:24.608185+00:00,None,1.0,45.0,0.0027,power,45.0,0.0,0.0,None,255.0,None,0.61,7.0,None,measurement,26.0,None,{'state': None},0.6,223.0
2022-06-02 11:24:24.614046+00:00,None,1.0,45.0,0.0027,power,45.0,0.0,0.0,None,255.0,None,0.61,7.0,None,measurement,26.0,None,{'state': None},0.61,223.0
2022-06-02 11:32:05.515828+00:00,None,1.0,45.0,0.0028,power,45.0,0.0,0.0,None,255.0,None,0.61,7.0,None,measurement,26.0,None,{'state': None},0.61,223.0
2022-06-02 11:33:37.639615+00:00,None,1.0,45.0,0.0028,power,45.0,0.0,0.0,None,255.0,None,4.53,7.0,None,measurement,26.0,None,{'state': None},0.61,223.0
2022-06-02 11:33:37.644333+00:00,None,1.0,45.0,0.0028,power,45.0,0.0,0.0,None,255.0,None,4.53,7.0,None,measurement,26.0,None,{'state': None},4.53,223.0
2022-06-02 11:36:14.211094+00:00,None,1.0,45.0,0.0028,power,45.0,0.0,0.0,None,255.0,None,0.63,7.0,None,measurement,26.0,None,{'state': None},4.53,223.0
2022-06-02 11:36:14.218839+00:00,None,1.0,45.0,0.0028,power,45.0,0.0,0.0,None,255.0,None,0.63,7.0,None,measurement,26.0,None,{'state': None},0.63,223.0
2022-06-02 11:38:04.504915+00:00,None,1.0,45.0,0.003,power,45.0,0.0,0.0,None,255.0,None,0.67,7.0,None,measurement,26.0,None,{'state': None},0.63,223.0
2022-06-02 11:38:04.511739+00:00,None,1.0,45.0,0.003,power,45.0,0.0,0.0,None,255.0,None,0.67,7.0,None,measurement,26.0,None,{'state': None},0.67,223.0
2022-06-02 11:43:27.004385+00:00,None,1.0,45.0,0.0034,power,45.0,0.0,0.0,None,255.0,None,0.77,7.0,None,measurement,26.0,None,{'state': None},0.67,223.0
2022-06-02 11:43:27.009903+00:00,None,1.0,45.0,0.0034,power,45.0,0.0,0.0,None,255.0,None,0.77,7.0,None,measurement,26.0,None,{'state': None},0.77,223.0
2022-06-02 11:50:38.476208+00:00,None,1.0,45.0,0.0028,power,45.0,0.0,0.0,None,255.0,None,0.62,7.0,None,measurement,26.0,None,{'state': None},0.77,223.0
2022-06-02 11:50:38.482622+00:00,None,1.0,45.0,0.0028,power,45.0,0.0,0.0,None,255.0,None,0.62,7.0,None,measurement,26.0,None,{'state': None},0.62,223.0
2022-06-02 11:54:04.933079+00:00,None,1.0,45.0,0.0028,power,45.0,0.0,0.0,None,255.0,None,55.33,7.0,None,measurement,26.0,None,{'state': None},0.62,223.0
2022-06-02 11:54:04.938963+00:00,None,1.0,45.0,0.0028,power,45.0,0.0,0.0,None,255.0,None,55.33,7.0,None,measurement,26.0,None,{'state': None},55.33,223.0
2022-06-02 11:54:15.008553+00:00,None,1.0,45.0,0.0028,power,45.0,0.0,0.0,None,255.0,None,61.87,7.0,None,measurement,26.0,None,{'state': None},55.33,223.0
2022-06-02 11:54:15.014746+00:00,None,1.0,45.0,0.0028,power,45.0,0.0,0.0,None,255.0,None,61.87,7.0,None,measurement,26.0,None,{'state': None},61.87,223.0
2022-06-02 11:57:33.329193+00:00,None,1.0,45.01,0.2774,power,45.01,0.0,0.0,None,255.0,None,61.87,7.0,None,measurement,26.0,None,{'state': None},61.87,223.0
2022-06-02 12:10:37.849321+00:00,None,1.0,45.02,0.2752,power,45.02,0.0,0.0,None,255.0,None,61.37,7.0,None,measurement,26.0,None,{'state': None},61.87,223.0
2022-06-02 12:10:37.857047+00:00,None,1.0,45.02,0.2752,power,45.02,0.0,0.0,None,255.0,None,61.37,7.0,None,measurement,26.0,None,{'state': None},61.37,223.0
2022-06-02 12:17:19.165677+00:00,None,1.0,45.03,0.2729,power,45.03,0.0,0.0,None,255.0,None,60.86,7.0,None,measurement,27.0,None,{'state': None},61.37,223.0
2022-06-02 12:17:19.170757+00:00,None,1.0,45.03,0.2729,power,45.03,0.0,0.0,None,255.0,None,60.86,7.0,None,measurement,27.0,None,{'state': None},60.86,223.0
2022-06-02 12:22:59.007674+00:00,None,1.0,45.03,0.2752,power,45.03,0.0,0.0,None,255.0,None,61.37,7.0,None,measurement,27.0,None,{'state': None},60.86,223.0
2022-06-02 12:22:59.014344+00:00,None,1.0,45.03,0.2752,power,45.03,0.0,0.0,None,255.0,None,61.37,7.0,None,measurement,27.0,None,{'state': None},61.37,223.0
2022-06-02 12:28:29.875148+00:00,None,1.0,45.04,0.2668,power,45.04,0.0,0.0,None,255.0,None,61.37,7.0,None,measurement,27.0,None,{'state': None},61.37,230.0
2022-06-02 12:33:39.315441+00:00,None,1.0,45.04,0.2729,power,45.04,0.0,0.0,None,255.0,None,60.86,7.0,None,measurement,27.0,None,{'state': None},61.37,223.0
2022-06-02 12:33:39.323102+00:00,None,1.0,45.04,0.2729,power,45.04,0.0,0.0,None,255.0,None,60.86,7.0,None,measurement,27.0,None,{'state': None},60.86,223.0
2022-06-02 12:39:41.366697+00:00,None,1.0,45.05,0.2774,power,45.05,0.0,0.0,None,255.0,None,61.87,7.0,None,measurement,27.0,None,{'state': None},60.86,223.0
2022-06-02 12:39:41.370177+00:00,None,1.0,45.05,0.2774,power,45.05,0.0,0.0,None,255.0,None,61.87,7.0,None,measurement,27.0,None,{'state': None},61.87,223.0
2022-06-02 12:47:14.231387+00:00,None,1.0,45.06,0.2774,power,45.06,0.0,0.0,None,255.0,None,61.87,7.0,None,measurement,27.0,None,{'state': None},61.87,223.0
2022-06-02 12:53:19.878328+00:00,None,1.0,45.06,0.2752,power,45.06,0.0,0.0,None,255.0,None,61.37,7.0,None,measurement,27.0,None,{'state': None},61.87,223.0
2022-06-02 12:53:19.883404+00:00,None,1.0,45.06,0.2752,power,45.06,0.0,0.0,None,255.0,None,61.37,7.0,None,measurement,27.0,None,{'state': None},61.37,223.0
2022-06-02 12:56:26.663564+00:00,None,1.0,45.06,0.2752,power,45.06,0.0,0.0,None,255.0,None,41.92,7.0,None,measurement,27.0,None,{'state': None},61.37,223.0
2022-06-02 12:56:26.670646+00:00,None,1.0,45.06,0.2752,power,45.06,0.0,0.0,None,255.0,None,41.92,7.0,None,measurement,27.0,None,{'state': None},41.92,223.0
2022-06-02 12:56:33.012667+00:00,None,1.0,45.06,0.2752,power,45.06,0.0,0.0,None,255.0,None,9.49,7.0,None,measurement,27.0,None,{'state': None},41.92,223.0
2022-06-02 12:56:33.018289+00:00,None,1.0,45.06,0.2752,power,45.06,0.0,0.0,None,255.0,None,9.49,7.0,None,measurement,27.0,None,{'state': None},9.49,223.0
2022-06-02 12:58:06.157265+00:00,None,1.0,45.06,0.2752,power,45.06,0.0,0.0,None,255.0,None,1.01,7.0,None,measurement,27.0,None,{'state': None},9.49,223.0
2022-06-02 12:58:06.161433+00:00,None,1.0,45.06,0.2752,power,45.06,0.0,0.0,None,255.0,None,1.01,7.0,None,measurement,27.0,None,{'state': None},1.01,223.0
2022-06-02 13:00:15.918676+00:00,None,1.0,45.07,0.0037,power,45.07,0.0,0.0,None,255.0,None,0.82,7.0,None,measurement,27.0,None,{'state': None},1.01,223.0
2022-06-02 13:00:15.924236+00:00,None,1.0,45.07,0.0037,power,45.07,0.0,0.0,None,255.0,None,0.82,7.0,None,measurement,27.0,None,{'state': None},0.82,223.0
2022-06-02 13:08:14.969355+00:00,None,1.0,45.07,0.0032,power,45.07,0.0,0.0,None,255.0,None,0.72,7.0,None,measurement,27.0,None,{'state': None},0.82,223.0
2022-06-02 13:08:14.975315+00:00,None,1.0,45.07,0.0032,power,45.07,0.0,0.0,None,255.0,None,0.72,7.0,None,measurement,27.0,None,{'state': None},0.72,223.0
2022-06-02 13:16:07.298119+00:00,None,1.0,45.07,0.003,power,45.07,0.0,0.0,None,255.0,None,0.67,7.0,None,measurement,27.0,None,{'state': None},0.72,223.0
2022-06-02 13:16:07.305112+00:00,None,1.0,45.07,0.003,power,45.07,0.0,0.0,None,255.0,None,0.67,7.0,None,measurement,27.0,None,{'state': None},0.67,223.0
2022-06-02 13:23:01.428916+00:00,None,1.0,45.07,0.0028,power,45.07,0.0,0.0,None,255.0,None,0.63,7.0,None,measurement,27.0,None,{'state': None},0.67,223.0
2022-06-02 13:23:01.436699+00:00,None,1.0,45.07,0.0028,power,45.07,0.0,0.0,None,255.0,None,0.63,7.0,None,measurement,27.0,None,{'state': None},0.63,223.0
2022-06-02 13:30:36.313403+00:00,None,1.0,45.07,0.0033,power,45.07,0.0,0.0,None,255.0,None,0.74,7.0,None,measurement,27.0,None,{'state': None},0.63,223.0
2022-06-02 13:30:36.319807+00:00,None,1.0,45.07,0.0033,power,45.07,0.0,0.0,None,255.0,None,0.74,7.0,None,measurement,27.0,None,{'state': None},0.74,223.0
2022-06-02 13:35:46.888874+00:00,None,1.0,45.07,0.004,power,45.07,0.0,0.0,None,255.0,None,0.89,7.0,None,measurement,27.0,None,{'state': None},0.74,223.0
2022-06-02 13:35:46.894084+00:00,None,1.0,45.07,0.004,power,45.07,0.0,0.0,None,255.0,None,0.89,7.0,None,measurement,27.0,None,{'state': None},0.89,223.0
2022-06-02 13:42:56.371979+00:00,None,1.0,45.07,0.0027,power,45.07,0.0,0.0,None,255.0,None,0.61,7.0,None,measurement,27.0,None,{'state': None},0.89,223.0
2022-06-02 13:42:56.378901+00:00,None,1.0,45.07,0.0027,power,45.07,0.0,0.0,None,255.0,None,0.61,7.0,None,measurement,27.0,None,{'state': None},0.61,223.0
2022-06-02 13:48:11.895615+00:00,None,1.0,45.07,0.0028,power,45.07,0.0,0.0,None,255.0,None,0.63,7.0,None,measurement,27.0,None,{'state': None},0.61,223.0
2022-06-02 13:48:11.899627+00:00,None,1.0,45.07,0.0028,power,45.07,0.0,0.0,None,255.0,None,0.63,7.0,None,measurement,27.0,None,{'state': None},0.63,223.0
2022-06-02 13:54:53.352264+00:00,None,1.0,45.07,0.0029,power,45.07,0.0,0.0,None,255.0,None,0.65,7.0,None,measurement,27.0,None,{'state': None},0.63,223.0
2022-06-02 13:54:53.356156+00:00,None,1.0,45.07,0.0029,power,45.07,0.0,0.0,None,255.0,None,0.65,7.0,None,measurement,27.0,None,{'state': None},0.65,223.0
2022-06-02 14:02:20.853789+00:00,None,1.0,45.07,0.0024,power,45.07,0.0,0.0,None,255.0,None,0.54,7.0,None,measurement,27.0,None,{'state': None},0.65,223.0
2022-06-02 14:02:20.860713+00:00,None,1.0,45.07,0.0024,power,45.07,0.0,0.0,None,255.0,None,0.54,7.0,None,measurement,27.0,None,{'state': None},0.54,223.0
2022-06-02 14:08:36.382819+00:00,None,1.0,45.07,0.0029,power,45.07,0.0,0.0,None,247.0,None,0.64,7.0,None,measurement,27.0,None,{'state': None},0.54,223.0
2022-06-02 14:08:36.387815+00:00,None,1.0,45.07,0.0029,power,45.07,0.0,0.0,None,247.0,None,0.64,7.0,None,measurement,27.0,None,{'state': None},0.64,223.0
2022-06-02 14:15:14.081856+00:00,None,1.0,45.07,0.004,power,45.07,0.0,0.0,None,255.0,None,0.89,7.0,None,measurement,27.0,None,{'state': None},0.64,223.0
2022-06-02 14:15:14.086371+00:00,None,1.0,45.07,0.004,power,45.07,0.0,0.0,None,255.0,None,0.89,7.0,None,measurement,27.0,None,{'state': None},0.89,223.0
2022-06-02 14:21:40.080516+00:00,None,1.0,45.07,0.0037,power,45.07,0.0,0.0,None,255.0,None,0.83,7.0,None,measurement,27.0,None,{'state': None},0.89,223.0
2022-06-02 14:21:40.085680+00:00,None,1.0,45.07,0.0037,power,45.07,0.0,0.0,None,255.0,None,0.83,7.0,None,measurement,27.0,None,{'state': None},0.83,223.0
2022-06-02 14:28:22.419582+00:00,None,1.0,45.07,0.003,power,45.07,0.0,0.0,None,255.0,None,0.67,7.0,None,measurement,27.0,None,{'state': None},0.83,223.0
2022-06-02 14:28:22.425391+00:00,None,1.0,45.07,0.003,power,45.07,0.0,0.0,None,255.0,None,0.67,7.0,None,measurement,27.0,None,{'state': None},0.67,223.0
2022-06-02 14:34:27.977331+00:00,None,1.0,45.07,0.0026,power,45.07,0.0,0.0,None,255.0,None,0.57,7.0,None,measurement,27.0,None,{'state': None},0.67,223.0
2022-06-02 14:34:27.982591+00:00,None,1.0,45.07,0.0026,power,45.07,0.0,0.0,None,255.0,None,0.57,7.0,None,measurement,27.0,None,{'state': None},0.57,223.0
2022-06-02 14:39:34.258979+00:00,None,1.0,45.07,0.0029,power,45.07,0.0,0.0,None,255.0,None,0.64,7.0,None,measurement,27.0,None,{'state': None},0.57,223.0
2022-06-02 14:39:34.264085+00:00,None,1.0,45.07,0.0029,power,45.07,0.0,0.0,None,255.0,None,0.64,7.0,None,measurement,27.0,None,{'state': None},0.64,223.0
2022-06-02 14:47:03.387862+00:00,None,1.0,45.07,0.0032,power,45.07,0.0,0.0,None,255.0,None,0.72,7.0,None,measurement,27.0,None,{'state': None},0.64,223.0
2022-06-02 14:47:03.394717+00:00,None,1.0,45.07,0.0032,power,45.07,0.0,0.0,None,255.0,None,0.72,7.0,None,measurement,27.0,None,{'state': None},0.72,223.0
2022-06-02 14:54:49.223883+00:00,None,1.0,45.07,0.0032,power,45.07,0.0,0.0,None,255.0,None,0.72,7.0,None,measurement,26.0,None,{'state': None},0.72,223.0
2022-06-02 15:01:42.765327+00:00,None,1.0,45.07,0.0031,power,45.07,0.0,0.0,None,255.0,None,0.7,7.0,None,measurement,26.0,None,{'state': None},0.72,223.0
2022-06-02 15:01:42.773659+00:00,None,1.0,45.07,0.0031,power,45.07,0.0,0.0,None,255.0,None,0.7,7.0,None,measurement,26.0,None,{'state': None},0.7,223.0
2022-06-02 15:07:05.882834+00:00,None,1.0,45.07,0.0025,power,45.07,0.0,0.0,None,255.0,None,0.55,7.0,None,measurement,26.0,None,{'state': None},0.7,223.0
2022-06-02 15:07:05.888368+00:00,None,1.0,45.07,0.0025,power,45.07,0.0,0.0,None,255.0,None,0.55,7.0,None,measurement,26.0,None,{'state': None},0.55,223.0
2022-06-02 15:12:58.919026+00:00,None,1.0,45.07,0.0027,power,45.07,0.0,0.0,None,255.0,None,0.61,7.0,None,measurement,26.0,None,{'state': None},0.55,223.0
2022-06-02 15:12:58.925029+00:00,None,1.0,45.07,0.0027,power,45.07,0.0,0.0,None,255.0,None,0.61,7.0,None,measurement,26.0,None,{'state': None},0.61,223.0
2022-06-02 15:20:19.676470+00:00,None,1.0,45.07,0.0028,power,45.07,0.0,0.0,None,255.0,None,0.63,7.0,None,measurement,26.0,None,{'state': None},0.61,223.0
2022-06-02 15:20:19.682792+00:00,None,1.0,45.07,0.0028,power,45.07,0.0,0.0,None,255.0,None,0.63,7.0,None,measurement,26.0,None,{'state': None},0.63,223.0
2022-06-02 15:26:45.909797+00:00,None,1.0,45.07,0.0036,power,45.07,0.0,0.0,None,255.0,None,0.79,7.0,None,measurement,26.0,None,{'state': None},0.63,223.0
2022-06-02 15:26:45.914921+00:00,None,1.0,45.07,0.0036,power,45.07,0.0,0.0,None,255.0,None,0.79,7.0,None,measurement,26.0,None,{'state': None},0.79,223.0
2022-06-02 15:33:25.512671+00:00,None,1.0,45.07,0.003,power,45.07,0.0,0.0,None,255.0,None,0.66,7.0,None,measurement,26.0,None,{'state': None},0.79,223.0
2022-06-02 15:33:25.519461+00:00,None,1.0,45.07,0.003,power,45.07,0.0,0.0,None,255.0,None,0.66,7.0,None,measurement,26.0,None,{'state': None},0.66,223.0
2022-06-02 15:41:08.146733+00:00,None,1.0,45.07,0.0027,power,45.07,0.0,0.0,None,255.0,None,0.59,7.0,None,measurement,26.0,None,{'state': None},0.66,223.0
2022-06-02 15:41:08.151123+00:00,None,1.0,45.07,0.0027,power,45.07,0.0,0.0,None,255.0,None,0.59,7.0,None,measurement,26.0,None,{'state': None},0.59,223.0
2022-06-02 15:47:55.218089+00:00,None,1.0,45.07,0.0035,power,45.07,0.0,0.0,None,255.0,None,0.79,7.0,None,measurement,26.0,None,{'state': None},0.59,223.0
2022-06-02 15:47:55.221903+00:00,None,1.0,45.07,0.0035,power,45.07,0.0,0.0,None,255.0,None,0.79,7.0,None,measurement,26.0,None,{'state': None},0.79,223.0
2022-06-02 15:54:34.054985+00:00,None,1.0,45.07,0.0033,power,45.07,0.0,0.0,None,255.0,None,0.74,7.0,None,measurement,26.0,None,{'state': None},0.79,223.0
2022-06-02 15:54:34.059795+00:00,None,1.0,45.07,0.0033,power,45.07,0.0,0.0,None,255.0,None,0.74,7.0,None,measurement,26.0,None,{'state': None},0.74,223.0
2022-06-02 16:02:28.484217+00:00,None,1.0,45.07,0.0028,power,45.07,0.0,0.0,None,255.0,None,0.63,7.0,None,measurement,26.0,None,{'state': None},0.74,223.0
2022-06-02 16:02:28.493051+00:00,None,1.0,45.07,0.0028,power,45.07,0.0,0.0,None,255.0,None,0.63,7.0,None,measurement,26.0,None,{'state': None},0.63,223.0
2022-06-02 16:08:53.782974+00:00,None,1.0,45.07,0.0027,power,45.07,0.0,0.0,None,255.0,None,0.61,7.0,None,measurement,26.0,None,{'state': None},0.63,223.0
2022-06-02 16:08:53.789233+00:00,None,1.0,45.07,0.0027,power,45.07,0.0,0.0,None,255.0,None,0.61,7.0,None,measurement,26.0,None,{'state': None},0.61,223.0
2022-06-02 16:15:20.777661+00:00,None,1.0,45.07,0.0028,power,45.07,0.0,0.0,None,255.0,None,0.63,7.0,None,measurement,26.0,None,{'state': None},0.61,223.0
2022-06-02 16:15:20.783432+00:00,None,1.0,45.07,0.0028,power,45.07,0.0,0.0,None,255.0,None,0.63,7.0,None,measurement,26.0,None,{'state': None},0.63,223.0
2022-06-02 16:21:31.370801+00:00,None,1.0,45.07,0.0029,power,45.07,0.0,0.0,None,255.0,None,0.64,7.0,None,measurement,26.0,None,{'state': None},0.63,223.0
2022-06-02 16:21:31.374803+00:00,None,1.0,45.07,0.0029,power,45.07,0.0,0.0,None,255.0,None,0.64,7.0,None,measurement,26.0,None,{'state': None},0.64,223.0
2022-06-02 16:28:09.797223+00:00,None,1.0,45.07,0.0025,power,45.07,0.0,0.0,None,255.0,None,0.55,7.0,None,measurement,26.0,None,{'state': None},0.64,223.0
2022-06-02 16:28:09.803691+00:00,None,1.0,45.07,0.0025,power,45.07,0.0,0.0,None,255.0,None,0.55,7.0,None,measurement,26.0,None,{'state': None},0.55,223.0
2022-06-02 16:34:11.898556+00:00,None,1.0,45.07,0.0027,power,45.07,0.0,0.0,None,255.0,None,0.6,7.0,None,measurement,26.0,None,{'state': None},0.55,223.0
2022-06-02 16:34:11.904643+00:00,None,1.0,45.07,0.0027,power,45.07,0.0,0.0,None,255.0,None,0.6,7.0,None,measurement,26.0,None,{'state': None},0.6,223.0
2022-06-02 16:41:35.090722+00:00,None,1.0,45.07,0.0031,power,45.07,0.0,0.0,None,255.0,None,0.69,7.0,None,measurement,26.0,None,{'state': None},0.6,223.0
2022-06-02 16:41:35.097129+00:00,None,1.0,45.07,0.0031,power,45.07,0.0,0.0,None,255.0,None,0.69,7.0,None,measurement,26.0,None,{'state': None},0.69,223.0
2022-06-02 16:47:12.519781+00:00,None,1.0,45.07,0.0027,power,45.07,0.0,0.0,None,255.0,None,0.59,7.0,None,measurement,26.0,None,{'state': None},0.69,223.0
2022-06-02 16:47:12.526350+00:00,None,1.0,45.07,0.0027,power,45.07,0.0,0.0,None,255.0,None,0.59,7.0,None,measurement,26.0,None,{'state': None},0.59,223.0
2022-06-02 16:52:54.152507+00:00,None,1.0,45.07,0.0027,power,45.07,0.0,0.0,None,255.0,None,4.06,7.0,None,measurement,26.0,None,{'state': None},0.59,223.0
2022-06-02 16:52:54.156509+00:00,None,1.0,45.07,0.0027,power,45.07,0.0,0.0,None,255.0,None,4.06,7.0,None,measurement,26.0,None,{'state': None},4.06,223.0
2022-06-02 16:52:55.564887+00:00,None,1.0,45.07,0.0027,power,45.07,0.0,0.0,None,255.0,None,60.36,7.0,None,measurement,26.0,None,{'state': None},4.06,223.0
2022-06-02 16:52:55.570217+00:00,None,1.0,45.07,0.0027,power,45.07,0.0,0.0,None,255.0,None,60.36,7.0,None,measurement,26.0,None,{'state': None},60.36,223.0
2022-06-02 16:55:02.082773+00:00,None,1.0,45.07,0.2797,power,45.07,0.0,0.0,None,255.0,None,62.37,7.0,None,measurement,26.0,None,{'state': None},60.36,223.0
2022-06-02 16:55:02.087580+00:00,None,1.0,45.07,0.2797,power,45.07,0.0,0.0,None,255.0,None,62.37,7.0,None,measurement,26.0,None,{'state': None},62.37,223.0
2022-06-02 16:55:57.024783+00:00,None,1.0,45.07,0.2797,power,45.07,0.0,0.0,None,255.0,None,49.29,7.0,None,measurement,26.0,None,{'state': None},62.37,223.0
2022-06-02 16:55:57.031405+00:00,None,1.0,45.07,0.2797,power,45.07,0.0,0.0,None,255.0,None,49.29,7.0,None,measurement,26.0,None,{'state': None},49.29,223.0
2022-06-02 16:56:07.097083+00:00,None,1.0,45.07,0.2797,power,45.07,0.0,0.0,None,255.0,None,91.55,7.0,None,measurement,26.0,None,{'state': None},49.29,223.0
2022-06-02 16:56:07.101621+00:00,None,1.0,45.07,0.2797,power,45.07,0.0,0.0,None,255.0,None,91.55,7.0,None,measurement,26.0,None,{'state': None},91.55,223.0
2022-06-02 16:56:17.188955+00:00,None,1.0,45.07,0.2797,power,45.07,0.0,0.0,None,255.0,None,97.08,7.0,None,measurement,26.0,None,{'state': None},91.55,223.0
2022-06-02 16:56:17.197268+00:00,None,1.0,45.07,0.2797,power,45.07,0.0,0.0,None,255.0,None,97.08,7.0,None,measurement,26.0,None,{'state': None},97.08,223.0
2022-06-02 16:56:57.533850+00:00,None,1.0,45.07,0.2797,power,45.07,0.0,0.0,None,255.0,None,50.3,7.0,None,measurement,26.0,None,{'state': None},97.08,223.0
2022-06-02 16:56:57.541262+00:00,None,1.0,45.07,0.2797,power,45.07,0.0,0.0,None,255.0,None,50.3,7.0,None,measurement,26.0,None,{'state': None},50.3,223.0
2022-06-02 16:57:09.816035+00:00,None,1.0,45.07,0.2797,power,45.07,0.0,0.0,None,255.0,None,95.57,7.0,None,measurement,26.0,None,{'state': None},50.3,223.0
2022-06-02 16:57:09.822560+00:00,None,1.0,45.07,0.2797,power,45.07,0.0,0.0,None,255.0,None,95.57,7.0,None,measurement,26.0,None,{'state': None},95.57,223.0
2022-06-02 16:57:29.985329+00:00,None,1.0,45.07,0.2797,power,45.07,0.0,0.0,None,255.0,None,86.01,7.0,None,measurement,26.0,None,{'state': None},95.57,223.0
2022-06-02 16:57:29.999476+00:00,None,1.0,45.07,0.2797,power,45.07,0.0,0.0,None,255.0,None,86.01,7.0,None,measurement,26.0,None,{'state': None},86.01,223.0
2022-06-02 16:57:40.051347+00:00,None,1.0,45.07,0.2797,power,45.07,0.0,0.0,None,255.0,None,96.07,7.0,None,measurement,26.0,None,{'state': None},86.01,223.0
2022-06-02 16:57:40.056853+00:00,None,1.0,45.07,0.2797,power,45.07,0.0,0.0,None,255.0,None,96.07,7.0,None,measurement,26.0,None,{'state': None},96.07,223.0
2022-06-02 16:58:30.463328+00:00,None,1.0,45.07,0.2797,power,45.07,0.0,0.0,None,255.0,None,87.52,7.0,None,measurement,26.0,None,{'state': None},96.07,223.0
2022-06-02 16:58:30.469858+00:00,None,1.0,45.07,0.2797,power,45.07,0.0,0.0,None,255.0,None,87.52,7.0,None,measurement,26.0,None,{'state': None},87.52,223.0
2022-06-02 16:58:40.543816+00:00,None,1.0,45.07,0.2797,power,45.07,0.0,0.0,None,255.0,None,96.58,7.0,None,measurement,26.0,None,{'state': None},87.52,223.0
2022-06-02 16:58:40.551069+00:00,None,1.0,45.07,0.2797,power,45.07,0.0,0.0,None,255.0,None,96.58,7.0,None,measurement,26.0,None,{'state': None},96.58,223.0
2022-06-02 16:59:41.023969+00:00,None,1.0,45.07,0.2797,power,45.07,0.0,0.0,None,255.0,None,76.46,7.0,None,measurement,26.0,None,{'state': None},96.58,223.0
2022-06-02 16:59:41.029993+00:00,None,1.0,45.07,0.2797,power,45.07,0.0,0.0,None,255.0,None,76.46,7.0,None,measurement,26.0,None,{'state': None},76.46,223.0
2022-06-02 16:59:51.098818+00:00,None,1.0,45.07,0.2797,power,45.07,0.0,0.0,None,255.0,None,92.55,7.0,None,measurement,26.0,None,{'state': None},76.46,223.0
2022-06-02 16:59:51.105109+00:00,None,1.0,45.07,0.2797,power,45.07,0.0,0.0,None,255.0,None,92.55,7.0,None,measurement,26.0,None,{'state': None},92.55,223.0
2022-06-02 17:00:10.064081+00:00,None,1.0,45.08,0.4331,power,45.08,0.0,0.0,None,255.0,None,96.58,7.0,None,measurement,26.0,None,{'state': None},92.55,223.0
2022-06-02 17:00:10.067561+00:00,None,1.0,45.08,0.4331,power,45.08,0.0,0.0,None,255.0,None,96.58,7.0,None,measurement,26.0,None,{'state': None},96.58,223.0
2022-06-02 17:07:14.778491+00:00,None,1.0,45.09,0.4331,power,45.09,0.0,0.0,None,255.0,None,96.58,7.0,None,measurement,27.0,None,{'state': None},96.58,223.0
2022-06-02 17:12:17.127084+00:00,None,1.0,45.09,0.4331,power,45.09,0.0,0.0,None,255.0,None,85.51,7.0,None,measurement,27.0,None,{'state': None},96.58,223.0
2022-06-02 17:12:17.133716+00:00,None,1.0,45.09,0.4331,power,45.09,0.0,0.0,None,255.0,None,85.51,7.0,None,measurement,27.0,None,{'state': None},85.51,223.0
2022-06-02 17:12:27.193964+00:00,None,1.0,45.09,0.4331,power,45.09,0.0,0.0,None,255.0,None,96.07,7.0,None,measurement,27.0,None,{'state': None},85.51,223.0
2022-06-02 17:12:27.198783+00:00,None,1.0,45.09,0.4331,power,45.09,0.0,0.0,None,255.0,None,96.07,7.0,None,measurement,27.0,None,{'state': None},96.07,223.0
2022-06-02 17:12:57.432709+00:00,None,1.0,45.09,0.4331,power,45.09,0.0,0.0,None,255.0,None,88.53,7.0,None,measurement,27.0,None,{'state': None},96.07,223.0
2022-06-02 17:12:57.438721+00:00,None,1.0,45.09,0.4331,power,45.09,0.0,0.0,None,255.0,None,88.53,7.0,None,measurement,27.0,None,{'state': None},88.53,223.0
2022-06-02 17:13:07.511882+00:00,None,1.0,45.09,0.4331,power,45.09,0.0,0.0,None,255.0,None,59.35,7.0,None,measurement,27.0,None,{'state': None},88.53,223.0
2022-06-02 17:13:07.518577+00:00,None,1.0,45.09,0.4331,power,45.09,0.0,0.0,None,255.0,None,59.35,7.0,None,measurement,27.0,None,{'state': None},59.35,223.0
2022-06-02 17:13:17.603295+00:00,None,1.0,45.09,0.4331,power,45.09,0.0,0.0,None,255.0,None,94.56,7.0,None,measurement,27.0,None,{'state': None},59.35,223.0
2022-06-02 17:13:17.608646+00:00,None,1.0,45.09,0.4331,power,45.09,0.0,0.0,None,255.0,None,94.56,7.0,None,measurement,27.0,None,{'state': None},94.56,223.0
2022-06-02 17:13:51.488908+00:00,None,1.0,45.1,0.4286,power,45.1,0.0,0.0,None,255.0,None,95.57,7.0,None,measurement,27.0,None,{'state': None},94.56,223.0
2022-06-02 17:13:51.496014+00:00,None,1.0,45.1,0.4286,power,45.1,0.0,0.0,None,255.0,None,95.57,7.0,None,measurement,27.0,None,{'state': None},95.57,223.0
2022-06-02 17:20:10.953765+00:00,None,1.0,45.1,0.4286,power,45.1,0.0,0.0,None,255.0,None,87.52,7.0,None,measurement,27.0,None,{'state': None},95.57,223.0
2022-06-02 17:20:10.959342+00:00,None,1.0,45.1,0.4286,power,45.1,0.0,0.0,None,255.0,None,87.52,7.0,None,measurement,27.0,None,{'state': None},87.52,223.0
2022-06-02 17:20:21.011358+00:00,None,1.0,45.1,0.4286,power,45.1,0.0,0.0,None,255.0,None,97.08,7.0,None,measurement,27.0,None,{'state': None},87.52,223.0
2022-06-02 17:20:21.016220+00:00,None,1.0,45.1,0.4286,power,45.1,0.0,0.0,None,255.0,None,97.08,7.0,None,measurement,27.0,None,{'state': None},97.08,223.0
2022-06-02 17:21:54.981418+00:00,None,1.0,45.11,0.4286,power,45.11,0.0,0.0,None,255.0,None,95.57,7.0,None,measurement,27.0,None,{'state': None},97.08,223.0
2022-06-02 17:21:54.986026+00:00,None,1.0,45.11,0.4286,power,45.11,0.0,0.0,None,255.0,None,95.57,7.0,None,measurement,27.0,None,{'state': None},95.57,223.0
2022-06-02 17:27:35.224572+00:00,None,1.0,45.12,0.4331,power,45.12,0.0,0.0,None,255.0,None,96.58,7.0,None,measurement,27.0,None,{'state': None},95.57,223.0
2022-06-02 17:27:35.232103+00:00,None,1.0,45.12,0.4331,power,45.12,0.0,0.0,None,255.0,None,96.58,7.0,None,measurement,27.0,None,{'state': None},96.58,223.0
2022-06-02 17:29:15.318731+00:00,None,1.0,45.12,0.4331,power,45.12,0.0,0.0,None,255.0,None,88.53,7.0,None,measurement,27.0,None,{'state': None},96.58,223.0
2022-06-02 17:29:15.328571+00:00,None,1.0,45.12,0.4331,power,45.12,0.0,0.0,None,255.0,None,88.53,7.0,None,measurement,27.0,None,{'state': None},88.53,223.0
2022-06-02 17:29:25.384356+00:00,None,1.0,45.12,0.4331,power,45.12,0.0,0.0,None,255.0,None,97.08,7.0,None,measurement,27.0,None,{'state': None},88.53,223.0
2022-06-02 17:29:25.390843+00:00,None,1.0,45.12,0.4331,power,45.12,0.0,0.0,None,255.0,None,97.08,7.0,None,measurement,27.0,None,{'state': None},97.08,223.0
2022-06-02 17:35:15.324701+00:00,None,1.0,45.13,0.4308,power,45.13,0.0,0.0,None,255.0,None,96.07,7.0,None,measurement,27.0,None,{'state': None},97.08,223.0
2022-06-02 17:35:15.328460+00:00,None,1.0,45.13,0.4308,power,45.13,0.0,0.0,None,255.0,None,96.07,7.0,None,measurement,27.0,None,{'state': None},96.07,223.0
2022-06-02 17:38:39.867595+00:00,None,1.0,45.13,0.4308,power,45.13,0.0,0.0,None,255.0,None,88.53,7.0,None,measurement,27.0,None,{'state': None},96.07,223.0
2022-06-02 17:38:39.873630+00:00,None,1.0,45.13,0.4308,power,45.13,0.0,0.0,None,255.0,None,88.53,7.0,None,measurement,27.0,None,{'state': None},88.53,223.0
2022-06-02 17:38:49.921934+00:00,None,1.0,45.13,0.4308,power,45.13,0.0,0.0,None,255.0,None,95.57,7.0,None,measurement,27.0,None,{'state': None},88.53,223.0
2022-06-02 17:38:49.933922+00:00,None,1.0,45.13,0.4308,power,45.13,0.0,0.0,None,255.0,None,95.57,7.0,None,measurement,27.0,None,{'state': None},95.57,223.0
2022-06-02 17:40:54.860164+00:00,None,1.0,45.14,0.4331,power,45.14,0.0,0.0,None,255.0,None,96.58,7.0,None,measurement,28.0,None,{'state': None},95.57,223.0
2022-06-02 17:40:54.866244+00:00,None,1.0,45.14,0.4331,power,45.14,0.0,0.0,None,255.0,None,96.58,7.0,None,measurement,28.0,None,{'state': None},96.58,223.0
2022-06-02 17:46:22.303127+00:00,None,1.0,45.15,0.4331,power,45.15,0.0,0.0,None,255.0,None,96.58,7.0,None,measurement,28.0,None,{'state': None},96.58,223.0
2022-06-02 17:52:17.351160+00:00,None,1.0,45.16,0.4331,power,45.16,0.0,0.0,None,255.0,None,96.58,7.0,None,measurement,28.0,None,{'state': None},96.58,223.0
2022-06-02 17:55:07.803120+00:00,None,1.0,45.16,0.4331,power,45.16,0.0,0.0,None,255.0,None,82.49,7.0,None,measurement,28.0,None,{'state': None},96.58,223.0
2022-06-02 17:55:07.808244+00:00,None,1.0,45.16,0.4331,power,45.16,0.0,0.0,None,255.0,None,82.49,7.0,None,measurement,28.0,None,{'state': None},82.49,223.0
2022-06-02 17:55:17.870442+00:00,None,1.0,45.16,0.4331,power,45.16,0.0,0.0,None,255.0,None,47.78,7.0,None,measurement,28.0,None,{'state': None},82.49,223.0
2022-06-02 17:55:17.875314+00:00,None,1.0,45.16,0.4331,power,45.16,0.0,0.0,None,255.0,None,47.78,7.0,None,measurement,28.0,None,{'state': None},47.78,223.0
2022-06-02 17:55:27.973295+00:00,None,1.0,45.16,0.4331,power,45.16,0.0,0.0,None,255.0,None,61.87,7.0,None,measurement,28.0,None,{'state': None},47.78,223.0
2022-06-02 17:55:27.982712+00:00,None,1.0,45.16,0.4331,power,45.16,0.0,0.0,None,255.0,None,61.87,7.0,None,measurement,28.0,None,{'state': None},61.87,223.0
2022-06-02 17:59:07.032492+00:00,None,1.0,45.17,0.2729,power,45.17,0.0,0.0,None,255.0,None,60.86,7.0,None,measurement,28.0,None,{'state': None},61.87,223.0
2022-06-02 17:59:07.036398+00:00,None,1.0,45.17,0.2729,power,45.17,0.0,0.0,None,255.0,None,60.86,7.0,None,measurement,28.0,None,{'state': None},60.86,223.0
2022-06-02 17:59:09.748329+00:00,None,1.0,45.17,0.2729,power,45.17,0.0,0.0,None,255.0,None,46.28,7.0,None,measurement,28.0,None,{'state': None},60.86,223.0
2022-06-02 17:59:09.754329+00:00,None,1.0,45.17,0.2729,power,45.17,0.0,0.0,None,255.0,None,46.28,7.0,None,measurement,28.0,None,{'state': None},46.28,223.0
2022-06-02 17:59:23.660261+00:00,None,1.0,45.17,0.2729,power,45.17,0.0,0.0,None,255.0,None,10.7,7.0,None,measurement,28.0,None,{'state': None},46.28,223.0
2022-06-02 17:59:23.664838+00:00,None,1.0,45.17,0.2729,power,45.17,0.0,0.0,None,255.0,None,10.7,7.0,None,measurement,28.0,None,{'state': None},10.7,223.0
2022-06-02 18:00:12.456561+00:00,None,1.0,45.17,0.2729,power,45.17,0.0,0.0,None,255.0,None,1.1,7.0,None,measurement,28.0,None,{'state': None},10.7,223.0
2022-06-02 18:00:12.460961+00:00,None,1.0,45.17,0.2729,power,45.17,0.0,0.0,None,255.0,None,1.1,7.0,None,measurement,28.0,None,{'state': None},1.1,223.0
2022-06-02 18:06:23.867894+00:00,None,1.0,45.17,0.003,power,45.17,0.0,0.0,None,255.0,None,0.66,7.0,None,measurement,27.0,None,{'state': None},1.1,223.0
2022-06-02 18:06:23.875122+00:00,None,1.0,45.17,0.003,power,45.17,0.0,0.0,None,255.0,None,0.66,7.0,None,measurement,27.0,None,{'state': None},0.66,223.0
2022-06-02 18:11:56.660903+00:00,None,1.0,45.17,0.0026,power,45.17,0.0,0.0,None,255.0,None,0.58,7.0,None,measurement,27.0,None,{'state': None},0.66,223.0
2022-06-02 18:11:56.666221+00:00,None,1.0,45.17,0.0026,power,45.17,0.0,0.0,None,255.0,None,0.58,7.0,None,measurement,27.0,None,{'state': None},0.58,223.0
2022-06-02 18:19:59.354978+00:00,None,1.0,45.17,0.004,power,45.17,0.0,0.0,None,255.0,None,0.9,7.0,None,measurement,27.0,None,{'state': None},0.58,223.0
2022-06-02 18:19:59.360278+00:00,None,1.0,45.17,0.004,power,45.17,0.0,0.0,None,255.0,None,0.9,7.0,None,measurement,27.0,None,{'state': None},0.9,223.0
2022-06-02 18:26:08.628018+00:00,None,1.0,45.17,0.0032,power,45.17,0.0,0.0,None,255.0,None,0.7,7.0,None,measurement,27.0,None,{'state': None},0.9,223.0
2022-06-02 18:26:08.634406+00:00,None,1.0,45.17,0.0032,power,45.17,0.0,0.0,None,255.0,None,0.7,7.0,None,measurement,27.0,None,{'state': None},0.7,223.0
2022-06-02 18:31:50.088501+00:00,None,1.0,45.17,0.0034,power,45.17,0.0,0.0,None,255.0,None,0.76,7.0,None,measurement,27.0,None,{'state': None},0.7,223.0
2022-06-02 18:31:50.095217+00:00,None,1.0,45.17,0.0034,power,45.17,0.0,0.0,None,255.0,None,0.76,7.0,None,measurement,27.0,None,{'state': None},0.76,223.0
2022-06-02 18:39:47.843804+00:00,None,1.0,45.17,0.0033,power,45.17,0.0,0.0,None,255.0,None,0.74,7.0,None,measurement,27.0,None,{'state': None},0.76,223.0
2022-06-02 18:39:47.849704+00:00,None,1.0,45.17,0.0033,power,45.17,0.0,0.0,None,255.0,None,0.74,7.0,None,measurement,27.0,None,{'state': None},0.74,223.0
2022-06-02 18:47:22.079403+00:00,None,1.0,45.17,0.0035,power,45.17,0.0,0.0,None,255.0,None,0.77,7.0,None,measurement,27.0,None,{'state': None},0.74,223.0
2022-06-02 18:47:22.088636+00:00,None,1.0,45.17,0.0035,power,45.17,0.0,0.0,None,255.0,None,0.77,7.0,None,measurement,27.0,None,{'state': None},0.77,223.0
2022-06-02 18:52:51.964324+00:00,None,1.0,45.17,0.0028,power,45.17,0.0,0.0,None,255.0,None,0.62,7.0,None,measurement,27.0,None,{'state': None},0.77,223.0
2022-06-02 18:52:51.971303+00:00,None,1.0,45.17,0.0028,power,45.17,0.0,0.0,None,255.0,None,0.62,7.0,None,measurement,27.0,None,{'state': None},0.62,223.0
2022-06-02 18:58:09.731386+00:00,None,1.0,45.17,0.0041,power,45.17,0.0,0.0,None,255.0,None,0.91,7.0,None,measurement,27.0,None,{'state': None},0.62,223.0
2022-06-02 18:58:09.739042+00:00,None,1.0,45.17,0.0041,power,45.17,0.0,0.0,None,255.0,None,0.91,7.0,None,measurement,27.0,None,{'state': None},0.91,223.0
2022-06-02 19:03:35.355007+00:00,None,1.0,45.17,0.0037,power,45.17,0.0,0.0,None,255.0,None,0.82,7.0,None,measurement,27.0,None,{'state': None},0.91,223.0
2022-06-02 19:03:35.362096+00:00,None,1.0,45.17,0.0037,power,45.17,0.0,0.0,None,255.0,None,0.82,7.0,None,measurement,27.0,None,{'state': None},0.82,223.0
2022-06-02 19:08:58.263625+00:00,None,1.0,45.17,0.004,power,45.17,0.0,0.0,None,255.0,None,0.89,7.0,None,measurement,27.0,None,{'state': None},0.82,223.0
2022-06-02 19:08:58.272684+00:00,None,1.0,45.17,0.004,power,45.17,0.0,0.0,None,255.0,None,0.89,7.0,None,measurement,27.0,None,{'state': None},0.89,223.0
2022-06-02 19:15:56.192326+00:00,None,1.0,45.17,0.0035,power,45.17,0.0,0.0,None,255.0,None,0.79,7.0,None,measurement,26.0,None,{'state': None},0.89,223.0
2022-06-02 19:15:56.196614+00:00,None,1.0,45.17,0.0035,power,45.17,0.0,0.0,None,255.0,None,0.79,7.0,None,measurement,26.0,None,{'state': None},0.79,223.0
2022-06-02 19:23:45.707683+00:00,None,1.0,45.17,0.0031,power,45.17,0.0,0.0,None,255.0,None,0.69,7.0,None,measurement,26.0,None,{'state': None},0.79,223.0
2022-06-02 19:23:45.714311+00:00,None,1.0,45.17,0.0031,power,45.17,0.0,0.0,None,255.0,None,0.69,7.0,None,measurement,26.0,None,{'state': None},0.69,223.0
2022-06-02 19:29:59.320121+00:00,None,1.0,45.17,0.0028,power,45.17,0.0,0.0,None,255.0,None,0.62,7.0,None,measurement,27.0,None,{'state': None},0.69,223.0
2022-06-02 19:29:59.326096+00:00,None,1.0,45.17,0.0028,power,45.17,0.0,0.0,None,255.0,None,0.62,7.0,None,measurement,27.0,None,{'state': None},0.62,223.0
2022-06-02 19:35:05.460160+00:00,None,1.0,45.17,0.0029,power,45.17,0.0,0.0,None,255.0,None,0.64,7.0,None,measurement,26.0,None,{'state': None},0.62,223.0
2022-06-02 19:35:05.467698+00:00,None,1.0,45.17,0.0029,power,45.17,0.0,0.0,None,255.0,None,0.64,7.0,None,measurement,26.0,None,{'state': None},0.64,223.0
2022-06-02 19:41:20.489757+00:00,None,1.0,45.17,0.0027,power,45.17,0.0,0.0,None,255.0,None,0.6,7.0,None,measurement,26.0,None,{'state': None},0.64,223.0
2022-06-02 19:41:20.494872+00:00,None,1.0,45.17,0.0027,power,45.17,0.0,0.0,None,255.0,None,0.6,7.0,None,measurement,26.0,None,{'state': None},0.6,223.0
2022-06-02 19:46:28.995560+00:00,None,1.0,45.17,0.0027,power,45.17,0.0,0.0,None,255.0,None,0.61,7.0,None,measurement,26.0,None,{'state': None},0.6,223.0
2022-06-02 19:46:28.999424+00:00,None,1.0,45.17,0.0027,power,45.17,0.0,0.0,None,255.0,None,0.61,7.0,None,measurement,26.0,None,{'state': None},0.61,223.0
2022-06-02 19:54:17.656156+00:00,None,1.0,45.17,0.0028,power,45.17,0.0,0.0,None,255.0,None,0.63,7.0,None,measurement,26.0,None,{'state': None},0.61,223.0
2022-06-02 19:54:17.661715+00:00,None,1.0,45.17,0.0028,power,45.17,0.0,0.0,None,255.0,None,0.63,7.0,None,measurement,26.0,None,{'state': None},0.63,223.0
2022-06-02 20:01:34.175760+00:00,None,1.0,45.17,0.0029,power,45.17,0.0,0.0,None,255.0,None,0.65,7.0,None,measurement,26.0,None,{'state': None},0.63,223.0
2022-06-02 20:01:34.183536+00:00,None,1.0,45.17,0.0029,power,45.17,0.0,0.0,None,255.0,None,0.65,7.0,None,measurement,26.0,None,{'state': None},0.65,223.0
2022-06-02 20:09:23.266708+00:00,None,1.0,45.17,0.0034,power,45.17,0.0,0.0,None,255.0,None,0.75,7.0,None,measurement,26.0,None,{'state': None},0.65,223.0
2022-06-02 20:09:23.272590+00:00,None,1.0,45.17,0.0034,power,45.17,0.0,0.0,None,255.0,None,0.75,7.0,None,measurement,26.0,None,{'state': None},0.75,223.0
2022-06-02 20:16:52.275811+00:00,None,1.0,45.17,0.0035,power,45.17,0.0,0.0,None,255.0,None,0.78,7.0,None,measurement,26.0,None,{'state': None},0.75,223.0
2022-06-02 20:16:52.282241+00:00,None,1.0,45.17,0.0035,power,45.17,0.0,0.0,None,255.0,None,0.78,7.0,None,measurement,26.0,None,{'state': None},0.78,223.0
2022-06-02 20:23:19.789212+00:00,None,1.0,45.17,0.0034,power,45.17,0.0,0.0,None,255.0,None,0.76,7.0,None,measurement,26.0,None,{'state': None},0.78,223.0
2022-06-02 20:23:19.793608+00:00,None,1.0,45.17,0.0034,power,45.17,0.0,0.0,None,255.0,None,0.76,7.0,None,measurement,26.0,None,{'state': None},0.76,223.0
2022-06-02 20:29:37.731371+00:00,None,1.0,45.17,0.0034,power,45.17,0.0,0.0,None,255.0,None,55.33,7.0,None,measurement,26.0,None,{'state': None},0.76,223.0
2022-06-02 20:29:37.738444+00:00,None,1.0,45.17,0.0034,power,45.17,0.0,0.0,None,255.0,None,55.33,7.0,None,measurement,26.0,None,{'state': None},55.33,223.0
2022-06-02 20:29:41.164268+00:00,None,1.0,45.17,0.2481,power,45.17,0.0,0.0,None,255.0,None,55.33,7.0,None,measurement,26.0,None,{'state': None},55.33,223.0
2022-06-02 20:29:47.808232+00:00,None,1.0,45.17,0.2481,power,45.17,0.0,0.0,None,255.0,None,62.88,7.0,None,measurement,26.0,None,{'state': None},55.33,223.0
2022-06-02 20:29:47.814206+00:00,None,1.0,45.17,0.2481,power,45.17,0.0,0.0,None,255.0,None,62.88,7.0,None,measurement,26.0,None,{'state': None},62.88,223.0
2022-06-02 20:29:57.884864+00:00,None,1.0,45.17,0.2481,power,45.17,0.0,0.0,None,255.0,None,56.34,7.0,None,measurement,26.0,None,{'state': None},62.88,223.0
2022-06-02 20:29:57.889316+00:00,None,1.0,45.17,0.2481,power,45.17,0.0,0.0,None,255.0,None,56.34,7.0,None,measurement,26.0,None,{'state': None},56.34,223.0
2022-06-02 20:30:08.375507+00:00,None,1.0,45.17,0.2481,power,45.17,0.0,0.0,None,255.0,None,50.3,7.0,None,measurement,26.0,None,{'state': None},56.34,223.0
2022-06-02 20:30:08.382350+00:00,None,1.0,45.17,0.2481,power,45.17,0.0,0.0,None,255.0,None,50.3,7.0,None,measurement,26.0,None,{'state': None},50.3,223.0
2022-06-02 20:30:10.169766+00:00,None,1.0,45.17,0.2481,power,45.17,0.0,0.0,None,255.0,None,31.44,7.0,None,measurement,26.0,None,{'state': None},50.3,223.0
2022-06-02 20:30:10.173645+00:00,None,1.0,45.17,0.2481,power,45.17,0.0,0.0,None,255.0,None,31.44,7.0,None,measurement,26.0,None,{'state': None},31.44,223.0
2022-06-02 20:30:13.413803+00:00,None,1.0,45.17,0.2481,power,45.17,0.0,0.0,None,255.0,None,50.3,7.0,None,measurement,26.0,None,{'state': None},31.44,223.0
2022-06-02 20:30:13.418145+00:00,None,1.0,45.17,0.2481,power,45.17,0.0,0.0,None,255.0,None,50.3,7.0,None,measurement,26.0,None,{'state': None},50.3,223.0
2022-06-02 20:30:14.931922+00:00,None,1.0,45.17,0.2481,power,45.17,0.0,0.0,None,255.0,None,41.92,7.0,None,measurement,26.0,None,{'state': None},50.3,223.0
2022-06-02 20:30:14.937876+00:00,None,1.0,45.17,0.2481,power,45.17,0.0,0.0,None,255.0,None,41.92,7.0,None,measurement,26.0,None,{'state': None},41.92,223.0
2022-06-02 20:30:16.843739+00:00,None,1.0,45.17,0.2481,power,45.17,0.0,0.0,None,255.0,None,31.44,7.0,None,measurement,26.0,None,{'state': None},41.92,223.0
2022-06-02 20:30:16.849925+00:00,None,1.0,45.17,0.2481,power,45.17,0.0,0.0,None,255.0,None,31.44,7.0,None,measurement,26.0,None,{'state': None},31.44,223.0
2022-06-02 20:30:18.151380+00:00,None,1.0,45.17,0.2481,power,45.17,0.0,0.0,None,255.0,None,45.73,7.0,None,measurement,26.0,None,{'state': None},31.44,223.0
2022-06-02 20:30:18.156955+00:00,None,1.0,45.17,0.2481,power,45.17,0.0,0.0,None,255.0,None,45.73,7.0,None,measurement,26.0,None,{'state': None},45.73,223.0
2022-06-02 20:30:22.191202+00:00,None,1.0,45.17,0.2481,power,45.17,0.0,0.0,None,255.0,None,50.3,7.0,None,measurement,26.0,None,{'state': None},45.73,223.0
2022-06-02 20:30:22.198099+00:00,None,1.0,45.17,0.2481,power,45.17,0.0,0.0,None,255.0,None,50.3,7.0,None,measurement,26.0,None,{'state': None},50.3,223.0
2022-06-02 20:30:23.402329+00:00,None,1.0,45.17,0.2481,power,45.17,0.0,0.0,None,255.0,None,45.73,7.0,None,measurement,26.0,None,{'state': None},50.3,223.0
2022-06-02 20:30:23.408327+00:00,None,1.0,45.17,0.2481,power,45.17,0.0,0.0,None,255.0,None,45.73,7.0,None,measurement,26.0,None,{'state': None},45.73,223.0
2022-06-02 20:30:24.696707+00:00,None,1.0,45.17,0.2481,power,45.17,0.0,0.0,None,255.0,None,50.3,7.0,None,measurement,26.0,None,{'state': None},45.73,223.0
2022-06-02 20:30:24.700285+00:00,None,1.0,45.17,0.2481,power,45.17,0.0,0.0,None,255.0,None,50.3,7.0,None,measurement,26.0,None,{'state': None},50.3,223.0
2022-06-02 20:30:29.652201+00:00,None,1.0,45.17,0.2481,power,45.17,0.0,0.0,None,255.0,None,45.73,7.0,None,measurement,26.0,None,{'state': None},50.3,223.0
2022-06-02 20:30:29.657493+00:00,None,1.0,45.17,0.2481,power,45.17,0.0,0.0,None,255.0,None,45.73,7.0,None,measurement,26.0,None,{'state': None},45.73,223.0
2022-06-02 20:30:30.969134+00:00,None,1.0,45.17,0.2481,power,45.17,0.0,0.0,None,255.0,None,50.3,7.0,None,measurement,26.0,None,{'state': None},45.73,223.0
2022-06-02 20:30:30.975295+00:00,None,1.0,45.17,0.2481,power,45.17,0.0,0.0,None,255.0,None,50.3,7.0,None,measurement,26.0,None,{'state': None},50.3,223.0
2022-06-02 20:30:37.522953+00:00,None,1.0,45.17,0.2481,power,45.17,0.0,0.0,None,255.0,None,45.73,7.0,None,measurement,26.0,None,{'state': None},50.3,223.0
2022-06-02 20:30:37.533390+00:00,None,1.0,45.17,0.2481,power,45.17,0.0,0.0,None,255.0,None,45.73,7.0,None,measurement,26.0,None,{'state': None},45.73,223.0
2022-06-02 20:30:38.726280+00:00,None,1.0,45.17,0.2481,power,45.17,0.0,0.0,None,255.0,None,50.3,7.0,None,measurement,26.0,None,{'state': None},45.73,223.0
2022-06-02 20:30:38.738245+00:00,None,1.0,45.17,0.2481,power,45.17,0.0,0.0,None,255.0,None,50.3,7.0,None,measurement,26.0,None,{'state': None},50.3,223.0
2022-06-02 20:30:42.438364+00:00,None,1.0,45.17,0.2481,power,45.17,0.0,0.0,None,255.0,None,45.73,7.0,None,measurement,26.0,None,{'state': None},50.3,223.0
2022-06-02 20:30:42.442691+00:00,None,1.0,45.17,0.2481,power,45.17,0.0,0.0,None,255.0,None,45.73,7.0,None,measurement,26.0,None,{'state': None},45.73,223.0
2022-06-02 20:30:43.667211+00:00,None,1.0,45.17,0.2481,power,45.17,0.0,0.0,None,255.0,None,50.3,7.0,None,measurement,26.0,None,{'state': None},45.73,223.0
2022-06-02 20:30:43.672401+00:00,None,1.0,45.17,0.2481,power,45.17,0.0,0.0,None,255.0,None,50.3,7.0,None,measurement,26.0,None,{'state': None},50.3,223.0
2022-06-02 20:30:46.179505+00:00,None,1.0,45.17,0.2481,power,45.17,0.0,0.0,None,255.0,None,45.73,7.0,None,measurement,26.0,None,{'state': None},50.3,223.0
2022-06-02 20:30:46.185685+00:00,None,1.0,45.17,0.2481,power,45.17,0.0,0.0,None,255.0,None,45.73,7.0,None,measurement,26.0,None,{'state': None},45.73,223.0
2022-06-02 20:30:48.901984+00:00,None,1.0,45.17,0.2481,power,45.17,0.0,0.0,None,255.0,None,50.3,7.0,None,measurement,26.0,None,{'state': None},45.73,223.0
2022-06-02 20:30:48.908571+00:00,None,1.0,45.17,0.2481,power,45.17,0.0,0.0,None,255.0,None,50.3,7.0,None,measurement,26.0,None,{'state': None},50.3,223.0
2022-06-02 20:34:44.207963+00:00,None,1.0,45.17,0.2481,power,45.17,0.0,0.0,None,255.0,None,55.33,7.0,None,measurement,26.0,None,{'state': None},50.3,223.0
2022-06-02 20:34:44.215536+00:00,None,1.0,45.17,0.2481,power,45.17,0.0,0.0,None,255.0,None,55.33,7.0,None,measurement,26.0,None,{'state': None},55.33,223.0
2022-06-02 20:35:54.768553+00:00,None,1.0,45.17,0.2481,power,45.17,0.0,0.0,None,255.0,None,46.28,7.0,None,measurement,26.0,None,{'state': None},55.33,223.0
2022-06-02 20:35:54.774635+00:00,None,1.0,45.17,0.2481,power,45.17,0.0,0.0,None,255.0,None,46.28,7.0,None,measurement,26.0,None,{'state': None},46.28,223.0
2022-06-02 20:36:04.843644+00:00,None,1.0,45.17,0.2481,power,45.17,0.0,0.0,None,255.0,None,49.29,7.0,None,measurement,26.0,None,{'state': None},46.28,223.0
2022-06-02 20:36:04.847451+00:00,None,1.0,45.17,0.2481,power,45.17,0.0,0.0,None,255.0,None,49.29,7.0,None,measurement,26.0,None,{'state': None},49.29,223.0
2022-06-02 20:36:14.935339+00:00,None,1.0,45.17,0.2481,power,45.17,0.0,0.0,None,255.0,None,57.34,7.0,None,measurement,26.0,None,{'state': None},49.29,223.0
2022-06-02 20:36:14.941277+00:00,None,1.0,45.17,0.2481,power,45.17,0.0,0.0,None,255.0,None,57.34,7.0,None,measurement,26.0,None,{'state': None},57.34,223.0
2022-06-02 20:36:26.936593+00:00,None,1.0,45.17,0.2684,power,45.17,0.0,0.0,None,255.0,None,59.86,7.0,None,measurement,26.0,None,{'state': None},57.34,223.0
2022-06-02 20:36:26.942209+00:00,None,1.0,45.17,0.2684,power,45.17,0.0,0.0,None,255.0,None,59.86,7.0,None,measurement,26.0,None,{'state': None},59.86,223.0
2022-06-02 20:36:35.092348+00:00,None,1.0,45.17,0.2684,power,45.17,0.0,0.0,None,255.0,None,60.86,7.0,None,measurement,26.0,None,{'state': None},59.86,223.0
2022-06-02 20:36:35.097107+00:00,None,1.0,45.17,0.2684,power,45.17,0.0,0.0,None,255.0,None,60.86,7.0,None,measurement,26.0,None,{'state': None},60.86,223.0
2022-06-02 20:44:06.350772+00:00,None,1.0,45.18,0.2662,power,45.18,0.0,0.0,None,255.0,None,59.35,7.0,None,measurement,27.0,None,{'state': None},60.86,223.0
2022-06-02 20:44:06.359312+00:00,None,1.0,45.18,0.2662,power,45.18,0.0,0.0,None,255.0,None,59.35,7.0,None,measurement,27.0,None,{'state': None},59.35,223.0
2022-06-02 20:50:39.339542+00:00,None,1.0,45.19,0.2684,power,45.19,0.0,0.0,None,255.0,None,59.86,7.0,None,measurement,27.0,None,{'state': None},59.35,223.0
2022-06-02 20:50:39.346051+00:00,None,1.0,45.19,0.2684,power,45.19,0.0,0.0,None,255.0,None,59.86,7.0,None,measurement,27.0,None,{'state': None},59.86,223.0
2022-06-02 20:57:55.432005+00:00,None,1.0,45.19,0.2684,power,45.19,0.0,0.0,None,255.0,None,56.84,7.0,None,measurement,27.0,None,{'state': None},59.86,223.0
2022-06-02 20:57:55.435994+00:00,None,1.0,45.19,0.2684,power,45.19,0.0,0.0,None,255.0,None,56.84,7.0,None,measurement,27.0,None,{'state': None},56.84,223.0
2022-06-02 20:58:55.923061+00:00,None,1.0,45.19,0.2684,power,45.19,0.0,0.0,None,255.0,None,60.36,7.0,None,measurement,27.0,None,{'state': None},56.84,223.0
2022-06-02 20:58:55.929286+00:00,None,1.0,45.19,0.2684,power,45.19,0.0,0.0,None,255.0,None,60.36,7.0,None,measurement,27.0,None,{'state': None},60.36,223.0
2022-06-02 21:03:58.380930+00:00,None,1.0,45.2,0.2684,power,45.2,0.0,0.0,None,255.0,None,59.86,7.0,None,measurement,27.0,None,{'state': None},60.36,223.0
2022-06-02 21:03:58.384754+00:00,None,1.0,45.2,0.2684,power,45.2,0.0,0.0,None,255.0,None,59.86,7.0,None,measurement,27.0,None,{'state': None},59.86,223.0
2022-06-02 21:09:16.043371+00:00,None,1.0,45.21,0.2639,power,45.21,0.0,0.0,None,255.0,None,58.85,7.0,None,measurement,27.0,None,{'state': None},59.86,223.0
2022-06-02 21:09:16.050092+00:00,None,1.0,45.21,0.2639,power,45.21,0.0,0.0,None,255.0,None,58.85,7.0,None,measurement,27.0,None,{'state': None},58.85,223.0
2022-06-02 21:14:58.191409+00:00,None,1.0,45.21,0.2684,power,45.21,0.0,0.0,None,255.0,None,59.86,7.0,None,measurement,27.0,None,{'state': None},58.85,223.0
2022-06-02 21:14:58.195639+00:00,None,1.0,45.21,0.2684,power,45.21,0.0,0.0,None,255.0,None,59.86,7.0,None,measurement,27.0,None,{'state': None},59.86,223.0
2022-06-02 21:21:07.552642+00:00,None,1.0,45.22,0.2684,power,45.22,0.0,0.0,None,255.0,None,59.86,7.0,None,measurement,27.0,None,{'state': None},59.86,223.0
2022-06-02 21:27:03.617183+00:00,None,1.0,45.22,0.2662,power,45.22,0.0,0.0,None,255.0,None,59.35,7.0,None,measurement,27.0,None,{'state': None},59.86,223.0
2022-06-02 21:27:03.624694+00:00,None,1.0,45.22,0.2662,power,45.22,0.0,0.0,None,255.0,None,59.35,7.0,None,measurement,27.0,None,{'state': None},59.35,223.0
2022-06-02 21:29:00.492682+00:00,None,1.0,45.22,0.2662,power,45.22,0.0,0.0,None,255.0,None,55.83,7.0,None,measurement,27.0,None,{'state': None},59.35,223.0
2022-06-02 21:29:00.499807+00:00,None,1.0,45.22,0.2662,power,45.22,0.0,0.0,None,255.0,None,55.83,7.0,None,measurement,27.0,None,{'state': None},55.83,223.0
2022-06-02 21:29:20.615478+00:00,None,1.0,45.22,0.2662,power,45.22,0.0,0.0,None,255.0,None,59.86,7.0,None,measurement,27.0,None,{'state': None},55.83,223.0
2022-06-02 21:29:20.622035+00:00,None,1.0,45.22,0.2662,power,45.22,0.0,0.0,None,255.0,None,59.86,7.0,None,measurement,27.0,None,{'state': None},59.86,223.0
2022-06-02 21:32:23.985477+00:00,None,1.0,45.23,0.2639,power,45.23,0.0,0.0,None,255.0,None,58.85,7.0,None,measurement,27.0,None,{'state': None},59.86,223.0
2022-06-02 21:32:23.989042+00:00,None,1.0,45.23,0.2639,power,45.23,0.0,0.0,None,255.0,None,58.85,7.0,None,measurement,27.0,None,{'state': None},58.85,223.0
2022-06-02 21:38:49.097386+00:00,None,1.0,45.24,0.2707,power,45.24,0.0,0.0,None,255.0,None,60.36,7.0,None,measurement,27.0,None,{'state': None},58.85,223.0
2022-06-02 21:38:49.103667+00:00,None,1.0,45.24,0.2707,power,45.24,0.0,0.0,None,255.0,None,60.36,7.0,None,measurement,27.0,None,{'state': None},60.36,223.0
2022-06-02 21:45:34.372093+00:00,None,1.0,45.24,0.2639,power,45.24,0.0,0.0,None,255.0,None,58.85,7.0,None,measurement,27.0,None,{'state': None},60.36,223.0
2022-06-02 21:45:34.376291+00:00,None,1.0,45.24,0.2639,power,45.24,0.0,0.0,None,255.0,None,58.85,7.0,None,measurement,27.0,None,{'state': None},58.85,223.0
2022-06-02 21:45:48.557393+00:00,None,1.0,45.24,0.2639,power,45.24,0.0,0.0,None,255.0,None,48.29,7.0,None,measurement,27.0,None,{'state': None},58.85,223.0
2022-06-02 21:45:48.562066+00:00,None,1.0,45.24,0.2639,power,45.24,0.0,0.0,None,255.0,None,48.29,7.0,None,measurement,27.0,None,{'state': None},48.29,223.0
2022-06-02 21:46:31.012255+00:00,None,1.0,45.24,0.2639,power,45.24,0.0,0.0,None,255.0,None,1.85,7.0,None,measurement,27.0,None,{'state': None},48.29,223.0
2022-06-02 21:46:31.021678+00:00,None,1.0,45.24,0.2639,power,45.24,0.0,0.0,None,255.0,None,1.85,7.0,None,measurement,27.0,None,{'state': None},1.85,223.0
2022-06-02 21:51:29.413154+00:00,None,1.0,45.24,0.0029,power,45.24,0.0,0.0,None,255.0,None,0.65,7.0,None,measurement,27.0,None,{'state': None},1.85,223.0
2022-06-02 21:51:29.419185+00:00,None,1.0,45.24,0.0029,power,45.24,0.0,0.0,None,255.0,None,0.65,7.0,None,measurement,27.0,None,{'state': None},0.65,223.0
2022-06-02 21:57:15.424831+00:00,None,1.0,45.24,0.0034,power,45.24,0.0,0.0,None,255.0,None,0.75,7.0,None,measurement,27.0,None,{'state': None},0.65,223.0
2022-06-02 21:57:15.431703+00:00,None,1.0,45.24,0.0034,power,45.24,0.0,0.0,None,255.0,None,0.75,7.0,None,measurement,27.0,None,{'state': None},0.75,223.0
2022-06-02 22:04:14.585478+00:00,None,1.0,45.24,0.0029,power,45.24,0.0,0.0,None,255.0,None,0.65,7.0,None,measurement,27.0,None,{'state': None},0.75,223.0
2022-06-02 22:04:14.590694+00:00,None,1.0,45.24,0.0029,power,45.24,0.0,0.0,None,255.0,None,0.65,7.0,None,measurement,27.0,None,{'state': None},0.65,223.0
2022-06-02 22:10:01.379842+00:00,None,1.0,45.24,0.003,power,45.24,0.0,0.0,None,255.0,None,0.67,7.0,None,measurement,27.0,None,{'state': None},0.65,223.0
2022-06-02 22:10:01.386817+00:00,None,1.0,45.24,0.003,power,45.24,0.0,0.0,None,255.0,None,0.67,7.0,None,measurement,27.0,None,{'state': None},0.67,223.0
2022-06-02 22:16:11.783164+00:00,None,1.0,45.24,0.0034,power,45.24,0.0,0.0,None,255.0,None,0.76,7.0,None,measurement,27.0,None,{'state': None},0.67,223.0
2022-06-02 22:16:11.788657+00:00,None,1.0,45.24,0.0034,power,45.24,0.0,0.0,None,255.0,None,0.76,7.0,None,measurement,27.0,None,{'state': None},0.76,223.0
2022-06-02 22:22:36.675261+00:00,None,1.0,45.24,0.0035,power,45.24,0.0,0.0,None,255.0,None,0.77,7.0,None,measurement,27.0,None,{'state': None},0.76,223.0
2022-06-02 22:22:36.681168+00:00,None,1.0,45.24,0.0035,power,45.24,0.0,0.0,None,255.0,None,0.77,7.0,None,measurement,27.0,None,{'state': None},0.77,223.0
2022-06-02 22:28:48.876417+00:00,None,1.0,45.24,0.0028,power,45.24,0.0,0.0,None,255.0,None,0.62,7.0,None,measurement,27.0,None,{'state': None},0.77,223.0
2022-06-02 22:28:48.882787+00:00,None,1.0,45.24,0.0028,power,45.24,0.0,0.0,None,255.0,None,0.62,7.0,None,measurement,27.0,None,{'state': None},0.62,223.0
2022-06-02 22:35:15.094017+00:00,None,1.0,45.24,0.0025,power,45.24,0.0,0.0,None,255.0,None,0.57,7.0,None,measurement,27.0,None,{'state': None},0.62,223.0
2022-06-02 22:35:15.099094+00:00,None,1.0,45.24,0.0025,power,45.24,0.0,0.0,None,255.0,None,0.57,7.0,None,measurement,27.0,None,{'state': None},0.57,223.0
2022-06-02 22:42:19.711835+00:00,None,1.0,45.24,0.0032,power,45.24,0.0,0.0,None,255.0,None,0.71,7.0,None,measurement,26.0,None,{'state': None},0.57,223.0
2022-06-02 22:42:19.715721+00:00,None,1.0,45.24,0.0032,power,45.24,0.0,0.0,None,255.0,None,0.71,7.0,None,measurement,26.0,None,{'state': None},0.71,223.0
2022-06-02 22:48:22.427501+00:00,None,1.0,45.24,0.0026,power,45.24,0.0,0.0,None,255.0,None,0.58,7.0,None,measurement,26.0,None,{'state': None},0.71,223.0
2022-06-02 22:48:22.434090+00:00,None,1.0,45.24,0.0026,power,45.24,0.0,0.0,None,255.0,None,0.58,7.0,None,measurement,26.0,None,{'state': None},0.58,223.0
2022-06-02 22:55:04.268214+00:00,None,1.0,45.24,0.0028,power,45.24,0.0,0.0,None,255.0,None,0.63,7.0,None,measurement,26.0,None,{'state': None},0.58,223.0
2022-06-02 22:55:04.274411+00:00,None,1.0,45.24,0.0028,power,45.24,0.0,0.0,None,255.0,None,0.63,7.0,None,measurement,26.0,None,{'state': None},0.63,223.0
2022-06-02 23:01:46.899352+00:00,None,1.0,45.24,0.0027,power,45.24,0.0,0.0,None,255.0,None,0.6,7.0,None,measurement,26.0,None,{'state': None},0.63,223.0
2022-06-02 23:01:46.905971+00:00,None,1.0,45.24,0.0027,power,45.24,0.0,0.0,None,255.0,None,0.6,7.0,None,measurement,26.0,None,{'state': None},0.6,223.0
2022-06-02 23:09:21.390973+00:00,None,1.0,45.24,0.0029,power,45.24,0.0,0.0,None,255.0,None,0.65,7.0,None,measurement,26.0,None,{'state': None},0.6,223.0
2022-06-02 23:09:21.396091+00:00,None,1.0,45.24,0.0029,power,45.24,0.0,0.0,None,255.0,None,0.65,7.0,None,measurement,26.0,None,{'state': None},0.65,223.0
2022-06-02 23:15:55.152802+00:00,None,1.0,45.24,0.0025,power,45.24,0.0,0.0,None,255.0,None,0.57,7.0,None,measurement,26.0,None,{'state': None},0.65,223.0
2022-06-02 23:15:55.160324+00:00,None,1.0,45.24,0.0025,power,45.24,0.0,0.0,None,255.0,None,0.57,7.0,None,measurement,26.0,None,{'state': None},0.57,223.0
2022-06-02 23:22:51.628064+00:00,None,1.0,45.24,0.0028,power,45.24,0.0,0.0,None,255.0,None,0.62,7.0,None,measurement,26.0,None,{'state': None},0.57,223.0
2022-06-02 23:22:51.637244+00:00,None,1.0,45.24,0.0028,power,45.24,0.0,0.0,None,255.0,None,0.62,7.0,None,measurement,26.0,None,{'state': None},0.62,223.0
2022-06-02 23:28:08.483456+00:00,None,1.0,45.24,0.0024,power,45.24,0.0,0.0,None,255.0,None,0.54,7.0,None,measurement,26.0,None,{'state': None},0.62,230.0
2022-06-02 23:28:08.490125+00:00,None,1.0,45.24,0.0024,power,45.24,0.0,0.0,None,255.0,None,0.54,7.0,None,measurement,26.0,None,{'state': None},0.54,230.0
2022-06-02 23:34:50.116061+00:00,None,1.0,45.24,0.0033,power,45.24,0.0,0.0,None,255.0,None,0.76,7.0,None,measurement,26.0,None,{'state': None},0.54,230.0
2022-06-02 23:34:50.123914+00:00,None,1.0,45.24,0.0033,power,45.24,0.0,0.0,None,255.0,None,0.76,7.0,None,measurement,26.0,None,{'state': None},0.76,230.0
2022-06-02 23:42:17.624767+00:00,None,1.0,45.24,0.0029,power,45.24,0.0,0.0,None,255.0,None,0.66,7.0,None,measurement,26.0,None,{'state': None},0.76,230.0
2022-06-02 23:42:17.632361+00:00,None,1.0,45.24,0.0029,power,45.24,0.0,0.0,None,255.0,None,0.66,7.0,None,measurement,26.0,None,{'state': None},0.66,230.0
2022-06-02 23:48:48.675213+00:00,None,1.0,45.24,0.0033,power,45.24,0.0,0.0,None,255.0,None,0.76,7.0,None,measurement,26.0,None,{'state': None},0.66,230.0
2022-06-02 23:48:48.681942+00:00,None,1.0,45.24,0.0033,power,45.24,0.0,0.0,None,255.0,None,0.76,7.0,None,measurement,26.0,None,{'state': None},0.76,230.0
2022-06-02 23:54:50.696493+00:00,None,1.0,45.24,0.0034,power,45.24,0.0,0.0,None,255.0,None,0.77,7.0,None,measurement,26.0,None,{'state': None},0.76,230.0
2022-06-02 23:54:50.702939+00:00,None,1.0,45.24,0.0034,power,45.24,0.0,0.0,None,255.0,None,0.77,7.0,None,measurement,26.0,None,{'state': None},0.77,230.0
