time,action_str,angle_x_str,angle_y_str,angle_z_str,battery,icon_str,linkquality,sensitivity_str,state,strength,temperature,vibration,voltage
2022-06-11 02:11:27.391166+00:00,None,None,None,None,100.0,mdi:gesture-double-tap,255.0,high,None,2.0,28.0,0.0,3035.0
2022-06-11 04:18:23.282548+00:00,None,None,None,None,100.0,mdi:gesture-double-tap,255.0,high,None,2.0,28.0,0.0,3045.0
2022-06-11 05:21:52.142329+00:00,None,None,None,None,100.0,mdi:gesture-double-tap,255.0,high,None,2.0,28.0,0.0,3035.0
2022-06-11 06:20:47.954450+00:00,None,None,None,None,100.0,mdi:gesture-double-tap,255.0,high,None,2.0,28.0,0.0,3045.0
2022-06-11 07:18:21.899473+00:00,None,None,None,None,100.0,mdi:gesture-double-tap,255.0,high,None,2.0,28.0,0.0,3035.0
2022-06-11 08:14:52.590561+00:00,None,None,None,None,100.0,mdi:gesture-double-tap,255.0,high,None,2.0,28.0,0.0,3045.0
2022-06-11 09:10:47.486712+00:00,None,None,None,None,100.0,mdi:gesture-double-tap,255.0,high,None,2.0,28.0,0.0,3035.0
2022-06-11 11:05:27.669907+00:00,vibration,None,None,None,100.0,mdi:gesture-double-tap,255.0,high,None,2.0,28.0,1.0,3035.0
2022-06-11 11:05:27.673300+00:00,vibration,None,None,None,100.0,mdi:gesture-double-tap,255.0,high,vibration,2.0,28.0,1.0,3035.0
2022-06-11 11:05:27.677834+00:00,,None,None,None,100.0,mdi:gesture-double-tap,255.0,high,vibration,2.0,28.0,1.0,3035.0
2022-06-11 11:05:27.872944+00:00,None,None,None,None,100.0,mdi:gesture-double-tap,255.0,high,None,2.0,28.0,1.0,3035.0
2022-06-11 11:06:57.684296+00:00,None,None,None,None,100.0,mdi:gesture-double-tap,255.0,high,None,2.0,28.0,0.0,3035.0
2022-06-11 11:08:08.347453+00:00,vibration,None,None,None,100.0,mdi:gesture-double-tap,255.0,high,None,2.0,28.0,1.0,3035.0
2022-06-11 11:08:08.350147+00:00,vibration,None,None,None,100.0,mdi:gesture-double-tap,255.0,high,vibration,2.0,28.0,1.0,3035.0
2022-06-11 11:08:08.352626+00:00,,None,None,None,100.0,mdi:gesture-double-tap,255.0,high,vibration,2.0,28.0,1.0,3035.0
2022-06-11 11:09:24.279925+00:00,None,None,None,None,100.0,mdi:gesture-double-tap,255.0,high,None,40.0,28.0,1.0,3035.0
2022-06-11 11:09:38.362862+00:00,None,None,None,None,100.0,mdi:gesture-double-tap,255.0,high,None,40.0,28.0,0.0,3035.0
2022-06-11 11:09:51.135099+00:00,vibration,None,None,None,100.0,mdi:gesture-double-tap,255.0,high,None,40.0,28.0,1.0,3035.0
2022-06-11 11:09:51.137745+00:00,vibration,None,None,None,100.0,mdi:gesture-double-tap,255.0,high,vibration,40.0,28.0,1.0,3035.0
2022-06-11 11:09:51.149014+00:00,,None,None,None,100.0,mdi:gesture-double-tap,255.0,high,vibration,40.0,28.0,1.0,3035.0
2022-06-11 11:10:51.498147+00:00,vibration,None,None,None,100.0,mdi:gesture-double-tap,255.0,high,vibration,40.0,28.0,1.0,3035.0
2022-06-11 11:10:51.500707+00:00,,None,None,None,100.0,mdi:gesture-double-tap,255.0,high,vibration,40.0,28.0,1.0,3035.0
2022-06-11 11:12:21.508724+00:00,None,None,None,None,100.0,mdi:gesture-double-tap,255.0,high,None,40.0,28.0,0.0,3035.0
2022-06-11 11:12:35.406871+00:00,vibration,None,None,None,100.0,mdi:gesture-double-tap,255.0,high,None,40.0,28.0,1.0,3035.0
2022-06-11 11:12:35.409627+00:00,vibration,None,None,None,100.0,mdi:gesture-double-tap,255.0,high,vibration,40.0,28.0,1.0,3035.0
2022-06-11 11:12:35.419558+00:00,,None,None,None,100.0,mdi:gesture-double-tap,255.0,high,vibration,40.0,28.0,1.0,3035.0
2022-06-11 11:14:05.423930+00:00,None,None,None,None,100.0,mdi:gesture-double-tap,255.0,high,None,40.0,28.0,0.0,3035.0
2022-06-11 11:14:17.737642+00:00,None,None,None,None,100.0,mdi:gesture-double-tap,255.0,high,None,70.0,28.0,0.0,3035.0
2022-06-11 11:40:25.359205+00:00,vibration,None,None,None,100.0,mdi:gesture-double-tap,239.0,high,None,70.0,28.0,1.0,3035.0
2022-06-11 11:40:25.362999+00:00,vibration,None,None,None,100.0,mdi:gesture-double-tap,239.0,high,vibration,70.0,28.0,1.0,3035.0
2022-06-11 11:40:25.374736+00:00,,None,None,None,100.0,mdi:gesture-double-tap,239.0,high,vibration,70.0,28.0,1.0,3035.0
2022-06-11 11:41:55.369878+00:00,None,None,None,None,100.0,mdi:gesture-double-tap,239.0,high,None,70.0,28.0,0.0,3035.0
2022-06-11 11:43:35.233945+00:00,None,None,None,None,100.0,mdi:gesture-double-tap,255.0,high,None,23.0,28.0,0.0,3035.0
2022-06-11 11:44:38.830975+00:00,vibration,None,None,None,100.0,mdi:gesture-double-tap,255.0,high,None,23.0,28.0,1.0,3035.0
2022-06-11 11:44:38.833648+00:00,vibration,None,None,None,100.0,mdi:gesture-double-tap,255.0,high,vibration,23.0,28.0,1.0,3035.0
2022-06-11 11:44:38.836207+00:00,,None,None,None,100.0,mdi:gesture-double-tap,255.0,high,vibration,23.0,28.0,1.0,3035.0
2022-06-11 11:46:01.182358+00:00,vibration,None,None,None,100.0,mdi:gesture-double-tap,255.0,high,vibration,23.0,28.0,1.0,3035.0
2022-06-11 11:46:01.184779+00:00,,None,None,None,100.0,mdi:gesture-double-tap,255.0,high,vibration,23.0,28.0,1.0,3035.0
2022-06-11 11:47:04.234943+00:00,vibration,None,None,None,100.0,mdi:gesture-double-tap,255.0,high,vibration,23.0,28.0,1.0,3035.0
2022-06-11 11:47:04.237831+00:00,,None,None,None,100.0,mdi:gesture-double-tap,255.0,high,vibration,23.0,28.0,1.0,3035.0
2022-06-11 11:48:34.254860+00:00,None,None,None,None,100.0,mdi:gesture-double-tap,255.0,high,None,23.0,28.0,0.0,3035.0
2022-06-11 11:48:35.322421+00:00,None,None,None,None,100.0,mdi:gesture-double-tap,255.0,high,None,67.0,28.0,0.0,3035.0
2022-06-11 14:49:17.995061+00:00,None,None,None,None,100.0,mdi:gesture-double-tap,255.0,high,None,67.0,28.0,0.0,3045.0
2022-06-11 15:20:44.614274+00:00,vibration,None,None,None,100.0,mdi:gesture-double-tap,255.0,high,None,67.0,28.0,1.0,3045.0
2022-06-11 15:20:44.618370+00:00,vibration,None,None,None,100.0,mdi:gesture-double-tap,255.0,high,vibration,67.0,28.0,1.0,3045.0
2022-06-11 15:20:44.621862+00:00,,None,None,None,100.0,mdi:gesture-double-tap,255.0,high,vibration,67.0,28.0,1.0,3045.0
2022-06-11 15:22:14.635332+00:00,None,None,None,None,100.0,mdi:gesture-double-tap,255.0,high,None,67.0,28.0,0.0,3045.0
2022-06-11 15:24:44.792863+00:00,None,None,None,None,100.0,mdi:gesture-double-tap,255.0,high,None,6.0,28.0,0.0,3045.0
2022-06-11 15:42:00.825680+00:00,None,None,None,None,100.0,mdi:gesture-double-tap,255.0,high,None,6.0,28.0,0.0,3035.0
2022-06-11 16:38:56.395905+00:00,vibration,None,None,None,100.0,mdi:gesture-double-tap,255.0,high,None,6.0,28.0,1.0,3035.0
2022-06-11 16:38:56.399078+00:00,vibration,None,None,None,100.0,mdi:gesture-double-tap,255.0,high,vibration,6.0,28.0,1.0,3035.0
2022-06-11 16:38:56.402516+00:00,,None,None,None,100.0,mdi:gesture-double-tap,255.0,high,vibration,6.0,28.0,1.0,3035.0
2022-06-11 16:40:26.413874+00:00,None,None,None,None,100.0,mdi:gesture-double-tap,255.0,high,None,6.0,28.0,0.0,3035.0
2022-06-11 16:42:56.617120+00:00,None,None,None,None,100.0,mdi:gesture-double-tap,255.0,high,None,4.0,28.0,0.0,3035.0
2022-06-11 17:37:19.674000+00:00,None,None,None,None,100.0,mdi:gesture-double-tap,255.0,high,None,4.0,29.0,0.0,3035.0
2022-06-11 18:38:35.657315+00:00,None,None,None,None,100.0,mdi:gesture-double-tap,255.0,high,None,4.0,28.0,0.0,3035.0
2022-06-11 18:42:37.561265+00:00,None,None,None,None,100.0,mdi:gesture-double-tap,255.0,high,None,2.0,28.0,0.0,3035.0
2022-06-11 21:34:43.454176+00:00,None,None,None,None,100.0,mdi:gesture-double-tap,255.0,high,None,2.0,28.0,0.0,3045.0
2022-06-11 22:35:46.485317+00:00,None,None,None,None,100.0,mdi:gesture-double-tap,255.0,high,None,2.0,28.0,0.0,3035.0
2022-06-11 23:32:25.633190+00:00,None,None,None,None,100.0,mdi:gesture-double-tap,255.0,high,None,2.0,28.0,0.0,3045.0
