time,auto_off_str,consumer_connected,consumption,current,device_class_str,energy,led_disabled_night_str,linkquality,overload_protection_str,power,power_outage_memory,state_class_str,temperature,update_available_str,update_str,value,voltage
2022-04-23 00:01:49.162158+00:00,None,1.0,26.74,0.0,power,26.74,None,239.0,None,0.36,1.0,measurement,22.0,None,{'state': None},0.0,231.0
2022-04-23 00:01:49.165218+00:00,None,1.0,26.74,0.0,power,26.74,None,239.0,None,0.36,1.0,measurement,22.0,None,{'state': None},0.36,231.0
2022-04-23 00:02:45.182109+00:00,None,1.0,26.74,0.0,power,26.74,None,239.0,None,0.0,1.0,measurement,22.0,None,{'state': None},0.36,231.0
2022-04-23 00:02:45.184956+00:00,None,1.0,26.74,0.0,power,26.74,None,239.0,None,0.0,1.0,measurement,22.0,None,{'state': None},0.0,231.0
2022-04-23 00:10:01.501801+00:00,None,1.0,26.74,0.0,power,26.74,None,239.0,None,0.41,1.0,measurement,22.0,None,{'state': None},0.0,231.0
2022-04-23 00:10:01.508536+00:00,None,1.0,26.74,0.0,power,26.74,None,239.0,None,0.41,1.0,measurement,22.0,None,{'state': None},0.41,231.0
2022-04-23 00:10:16.505444+00:00,None,1.0,26.74,0.0,power,26.74,None,239.0,None,0.0,1.0,measurement,22.0,None,{'state': None},0.41,231.0
2022-04-23 00:10:16.508239+00:00,None,1.0,26.74,0.0,power,26.74,None,239.0,None,0.0,1.0,measurement,22.0,None,{'state': None},0.0,231.0
2022-04-23 00:20:21.648509+00:00,None,1.0,26.74,0.0,power,26.74,None,231.0,None,0.37,1.0,measurement,22.0,None,{'state': None},0.0,231.0
2022-04-23 00:20:21.650531+00:00,None,1.0,26.74,0.0,power,26.74,None,231.0,None,0.37,1.0,measurement,22.0,None,{'state': None},0.37,231.0
2022-04-23 00:20:36.661215+00:00,None,1.0,26.74,0.0,power,26.74,None,239.0,None,0.0,1.0,measurement,22.0,None,{'state': None},0.37,231.0
2022-04-23 00:20:36.663554+00:00,None,1.0,26.74,0.0,power,26.74,None,239.0,None,0.0,1.0,measurement,22.0,None,{'state': None},0.0,231.0
2022-04-23 00:26:55.801457+00:00,None,1.0,26.74,0.0,power,26.74,None,239.0,None,0.43,1.0,measurement,22.0,None,{'state': None},0.0,231.0
2022-04-23 00:26:55.803811+00:00,None,1.0,26.74,0.0,power,26.74,None,239.0,None,0.43,1.0,measurement,22.0,None,{'state': None},0.43,231.0
2022-04-23 00:27:25.249753+00:00,None,1.0,26.74,0.0,power,26.74,None,239.0,None,0.0,1.0,measurement,22.0,None,{'state': None},0.43,231.0
2022-04-23 00:27:25.252800+00:00,None,1.0,26.74,0.0,power,26.74,None,239.0,None,0.0,1.0,measurement,22.0,None,{'state': None},0.0,231.0
2022-04-23 00:33:16.460608+00:00,None,1.0,26.74,0.0,power,26.74,None,239.0,None,0.36,1.0,measurement,22.0,None,{'state': None},0.0,231.0
2022-04-23 00:33:16.462545+00:00,None,1.0,26.74,0.0,power,26.74,None,239.0,None,0.36,1.0,measurement,22.0,None,{'state': None},0.36,231.0
2022-04-23 00:33:45.576388+00:00,None,1.0,26.74,0.0,power,26.74,None,239.0,None,0.0,1.0,measurement,22.0,None,{'state': None},0.36,231.0
2022-04-23 00:33:45.579053+00:00,None,1.0,26.74,0.0,power,26.74,None,239.0,None,0.0,1.0,measurement,22.0,None,{'state': None},0.0,231.0
2022-04-23 00:46:17.817739+00:00,None,1.0,26.74,0.0,power,26.74,None,239.0,None,0.36,1.0,measurement,22.0,None,{'state': None},0.0,231.0
2022-04-23 00:46:17.821402+00:00,None,1.0,26.74,0.0,power,26.74,None,239.0,None,0.36,1.0,measurement,22.0,None,{'state': None},0.36,231.0
2022-04-23 00:46:32.818376+00:00,None,1.0,26.74,0.0,power,26.74,None,255.0,None,0.0,1.0,measurement,22.0,None,{'state': None},0.36,231.0
2022-04-23 00:46:32.819653+00:00,None,1.0,26.74,0.0,power,26.74,None,255.0,None,0.0,1.0,measurement,22.0,None,{'state': None},0.0,231.0
2022-04-23 00:47:55.409890+00:00,None,1.0,26.74,0.0,power,26.74,None,239.0,None,0.0,1.0,measurement,22.0,None,{'state': None},0.0,231.0
2022-04-23 01:04:05.580080+00:00,None,1.0,26.74,0.0,power,26.74,None,231.0,None,0.43,1.0,measurement,22.0,None,{'state': None},0.0,231.0
2022-04-23 01:04:05.585012+00:00,None,1.0,26.74,0.0,power,26.74,None,231.0,None,0.43,1.0,measurement,22.0,None,{'state': None},0.43,231.0
2022-04-23 01:04:32.481433+00:00,None,1.0,26.74,0.0,power,26.74,None,239.0,None,0.0,1.0,measurement,22.0,None,{'state': None},0.43,231.0
2022-04-23 01:04:32.484153+00:00,None,1.0,26.74,0.0,power,26.74,None,239.0,None,0.0,1.0,measurement,22.0,None,{'state': None},0.0,231.0
2022-04-23 01:10:25.512567+00:00,None,1.0,26.74,0.0,power,26.74,None,239.0,None,0.38,1.0,measurement,22.0,None,{'state': None},0.0,231.0
2022-04-23 01:10:25.514381+00:00,None,1.0,26.74,0.0,power,26.74,None,239.0,None,0.38,1.0,measurement,22.0,None,{'state': None},0.38,231.0
2022-04-23 01:10:40.519801+00:00,None,1.0,26.74,0.0,power,26.74,None,239.0,None,0.0,1.0,measurement,22.0,None,{'state': None},0.38,231.0
2022-04-23 01:10:40.521530+00:00,None,1.0,26.74,0.0,power,26.74,None,239.0,None,0.0,1.0,measurement,22.0,None,{'state': None},0.0,231.0
2022-04-23 01:15:33.168435+00:00,None,1.0,26.74,0.0,power,26.74,None,239.0,None,0.38,1.0,measurement,22.0,None,{'state': None},0.0,231.0
2022-04-23 01:15:33.170446+00:00,None,1.0,26.74,0.0,power,26.74,None,239.0,None,0.38,1.0,measurement,22.0,None,{'state': None},0.38,231.0
2022-04-23 01:16:00.696252+00:00,None,1.0,26.74,0.0,power,26.74,None,239.0,None,0.0,1.0,measurement,22.0,None,{'state': None},0.38,231.0
2022-04-23 01:16:00.698177+00:00,None,1.0,26.74,0.0,power,26.74,None,239.0,None,0.0,1.0,measurement,22.0,None,{'state': None},0.0,231.0
2022-04-23 01:21:46.260078+00:00,None,1.0,26.74,0.0,power,26.74,None,239.0,None,0.4,1.0,measurement,22.0,None,{'state': None},0.0,231.0
2022-04-23 01:21:46.261957+00:00,None,1.0,26.74,0.0,power,26.74,None,239.0,None,0.4,1.0,measurement,22.0,None,{'state': None},0.4,231.0
2022-04-23 01:22:01.281613+00:00,None,1.0,26.74,0.0,power,26.74,None,239.0,None,0.0,1.0,measurement,22.0,None,{'state': None},0.4,231.0
2022-04-23 01:22:01.284492+00:00,None,1.0,26.74,0.0,power,26.74,None,239.0,None,0.0,1.0,measurement,22.0,None,{'state': None},0.0,231.0
2022-04-23 01:30:44.681019+00:00,None,1.0,26.74,0.0,power,26.74,None,239.0,None,0.39,1.0,measurement,22.0,None,{'state': None},0.0,231.0
2022-04-23 01:30:44.683849+00:00,None,1.0,26.74,0.0,power,26.74,None,239.0,None,0.39,1.0,measurement,22.0,None,{'state': None},0.39,231.0
2022-04-23 01:30:59.680595+00:00,None,1.0,26.74,0.0,power,26.74,None,239.0,None,0.0,1.0,measurement,22.0,None,{'state': None},0.39,231.0
2022-04-23 01:30:59.682882+00:00,None,1.0,26.74,0.0,power,26.74,None,239.0,None,0.0,1.0,measurement,22.0,None,{'state': None},0.0,231.0
2022-04-23 01:39:40.464537+00:00,None,1.0,26.74,0.0,power,26.74,None,239.0,None,0.38,1.0,measurement,22.0,None,{'state': None},0.0,231.0
2022-04-23 01:39:40.467200+00:00,None,1.0,26.74,0.0,power,26.74,None,239.0,None,0.38,1.0,measurement,22.0,None,{'state': None},0.38,231.0
2022-04-23 01:39:55.479619+00:00,None,1.0,26.74,0.0,power,26.74,None,239.0,None,0.0,1.0,measurement,22.0,None,{'state': None},0.38,231.0
2022-04-23 01:39:55.481536+00:00,None,1.0,26.74,0.0,power,26.74,None,239.0,None,0.0,1.0,measurement,22.0,None,{'state': None},0.0,231.0
2022-04-23 01:46:40.948184+00:00,None,1.0,26.74,0.0,power,26.74,None,239.0,None,0.37,1.0,measurement,22.0,None,{'state': None},0.0,231.0
2022-04-23 01:46:40.950536+00:00,None,1.0,26.74,0.0,power,26.74,None,239.0,None,0.37,1.0,measurement,22.0,None,{'state': None},0.37,231.0
2022-04-23 01:47:10.971481+00:00,None,1.0,26.74,0.0,power,26.74,None,239.0,None,0.0,1.0,measurement,22.0,None,{'state': None},0.37,231.0
2022-04-23 01:47:10.973670+00:00,None,1.0,26.74,0.0,power,26.74,None,239.0,None,0.0,1.0,measurement,22.0,None,{'state': None},0.0,231.0
2022-04-23 01:57:07.345633+00:00,None,1.0,26.74,0.0,power,26.74,None,239.0,None,0.38,1.0,measurement,22.0,None,{'state': None},0.0,231.0
2022-04-23 01:57:07.347904+00:00,None,1.0,26.74,0.0,power,26.74,None,239.0,None,0.38,1.0,measurement,22.0,None,{'state': None},0.38,231.0
2022-04-23 01:58:00.158997+00:00,None,1.0,26.74,0.0,power,26.74,None,239.0,None,0.0,1.0,measurement,22.0,None,{'state': None},0.38,231.0
2022-04-23 01:58:00.161202+00:00,None,1.0,26.74,0.0,power,26.74,None,239.0,None,0.0,1.0,measurement,22.0,None,{'state': None},0.0,231.0
2022-04-23 02:01:05.277609+00:00,None,1.0,26.74,0.0,power,26.74,None,247.0,None,0.0,1.0,measurement,22.0,None,{'state': None},0.0,231.0
2022-04-23 02:07:45.070510+00:00,None,1.0,26.74,0.0,power,26.74,None,247.0,None,0.37,1.0,measurement,22.0,None,{'state': None},0.0,231.0
2022-04-23 02:07:45.072215+00:00,None,1.0,26.74,0.0,power,26.74,None,247.0,None,0.37,1.0,measurement,22.0,None,{'state': None},0.37,231.0
2022-04-23 02:08:00.076537+00:00,None,1.0,26.74,0.0,power,26.74,None,223.0,None,0.0,1.0,measurement,22.0,None,{'state': None},0.37,231.0
2022-04-23 02:08:00.079110+00:00,None,1.0,26.74,0.0,power,26.74,None,223.0,None,0.0,1.0,measurement,22.0,None,{'state': None},0.0,231.0
2022-04-23 02:13:52.904480+00:00,None,1.0,26.74,0.0,power,26.74,None,247.0,None,0.0,1.0,measurement,22.0,None,{'state': None},0.0,231.0
2022-04-23 02:17:14.802832+00:00,None,1.0,26.74,0.0,power,26.74,None,247.0,None,0.37,1.0,measurement,22.0,None,{'state': None},0.0,231.0
2022-04-23 02:17:14.804343+00:00,None,1.0,26.74,0.0,power,26.74,None,247.0,None,0.37,1.0,measurement,22.0,None,{'state': None},0.37,231.0
2022-04-23 02:17:29.845730+00:00,None,1.0,26.74,0.0,power,26.74,None,247.0,None,0.0,1.0,measurement,22.0,None,{'state': None},0.37,231.0
2022-04-23 02:17:29.848009+00:00,None,1.0,26.74,0.0,power,26.74,None,247.0,None,0.0,1.0,measurement,22.0,None,{'state': None},0.0,231.0
2022-04-23 02:23:15.512644+00:00,None,1.0,26.74,0.0,power,26.74,None,247.0,None,0.37,1.0,measurement,22.0,None,{'state': None},0.0,231.0
2022-04-23 02:23:15.515535+00:00,None,1.0,26.74,0.0,power,26.74,None,247.0,None,0.37,1.0,measurement,22.0,None,{'state': None},0.37,231.0
2022-04-23 02:23:57.232384+00:00,None,1.0,26.74,0.0,power,26.74,None,247.0,None,0.0,1.0,measurement,22.0,None,{'state': None},0.37,231.0
2022-04-23 02:23:57.234589+00:00,None,1.0,26.74,0.0,power,26.74,None,247.0,None,0.0,1.0,measurement,22.0,None,{'state': None},0.0,231.0
2022-04-23 02:31:15.055215+00:00,None,1.0,26.74,0.0,power,26.74,None,239.0,None,0.39,1.0,measurement,22.0,None,{'state': None},0.0,231.0
2022-04-23 02:31:15.060229+00:00,None,1.0,26.74,0.0,power,26.74,None,239.0,None,0.39,1.0,measurement,22.0,None,{'state': None},0.39,231.0
2022-04-23 02:31:30.065451+00:00,None,1.0,26.74,0.0,power,26.74,None,239.0,None,0.0,1.0,measurement,22.0,None,{'state': None},0.39,231.0
2022-04-23 02:31:30.068128+00:00,None,1.0,26.74,0.0,power,26.74,None,239.0,None,0.0,1.0,measurement,22.0,None,{'state': None},0.0,231.0
2022-04-23 02:33:01.212996+00:00,None,1.0,26.74,0.0,power,26.74,None,247.0,None,0.0,1.0,measurement,22.0,None,{'state': None},0.0,231.0
2022-04-23 02:44:23.056544+00:00,None,1.0,26.74,0.0,power,26.74,None,247.0,None,0.4,1.0,measurement,22.0,None,{'state': None},0.0,231.0
2022-04-23 02:44:23.058009+00:00,None,1.0,26.74,0.0,power,26.74,None,247.0,None,0.4,1.0,measurement,22.0,None,{'state': None},0.4,231.0
2022-04-23 02:44:52.098584+00:00,None,1.0,26.74,0.0,power,26.74,None,247.0,None,0.0,1.0,measurement,22.0,None,{'state': None},0.4,231.0
2022-04-23 02:44:52.099899+00:00,None,1.0,26.74,0.0,power,26.74,None,247.0,None,0.0,1.0,measurement,22.0,None,{'state': None},0.0,231.0
2022-04-23 02:53:47.988846+00:00,None,1.0,26.74,0.0,power,26.74,None,247.0,None,0.41,1.0,measurement,22.0,None,{'state': None},0.0,231.0
2022-04-23 02:53:47.991619+00:00,None,1.0,26.74,0.0,power,26.74,None,247.0,None,0.41,1.0,measurement,22.0,None,{'state': None},0.41,231.0
2022-04-23 02:54:03.017862+00:00,None,1.0,26.74,0.0,power,26.74,None,247.0,None,0.0,1.0,measurement,22.0,None,{'state': None},0.41,231.0
2022-04-23 02:54:03.019340+00:00,None,1.0,26.74,0.0,power,26.74,None,247.0,None,0.0,1.0,measurement,22.0,None,{'state': None},0.0,231.0
2022-04-23 03:14:26.514708+00:00,None,1.0,26.74,0.0,power,26.74,None,247.0,None,0.35,1.0,measurement,22.0,None,{'state': None},0.0,231.0
2022-04-23 03:14:26.516483+00:00,None,1.0,26.74,0.0,power,26.74,None,247.0,None,0.35,1.0,measurement,22.0,None,{'state': None},0.35,231.0
2022-04-23 03:14:41.523109+00:00,None,1.0,26.74,0.0,power,26.74,None,247.0,None,0.0,1.0,measurement,22.0,None,{'state': None},0.35,231.0
2022-04-23 03:14:41.525329+00:00,None,1.0,26.74,0.0,power,26.74,None,247.0,None,0.0,1.0,measurement,22.0,None,{'state': None},0.0,231.0
2022-04-23 03:16:26.485695+00:00,None,1.0,26.74,0.0,power,26.74,None,239.0,None,0.0,1.0,measurement,22.0,None,{'state': None},0.0,231.0
2022-04-23 03:22:34.753125+00:00,None,1.0,26.74,0.0,power,26.74,None,247.0,None,0.0,1.0,measurement,22.0,None,{'state': None},0.0,231.0
2022-04-23 03:26:03.508523+00:00,None,1.0,26.74,0.0,power,26.74,None,239.0,None,0.38,1.0,measurement,22.0,None,{'state': None},0.0,231.0
2022-04-23 03:26:03.511134+00:00,None,1.0,26.74,0.0,power,26.74,None,239.0,None,0.38,1.0,measurement,22.0,None,{'state': None},0.38,231.0
2022-04-23 03:26:44.128285+00:00,None,1.0,26.74,0.0,power,26.74,None,247.0,None,0.0,1.0,measurement,22.0,None,{'state': None},0.38,231.0
2022-04-23 03:26:44.130521+00:00,None,1.0,26.74,0.0,power,26.74,None,247.0,None,0.0,1.0,measurement,22.0,None,{'state': None},0.0,231.0
2022-04-23 03:35:11.911920+00:00,None,1.0,26.74,0.0,power,26.74,None,247.0,None,0.37,1.0,measurement,22.0,None,{'state': None},0.0,231.0
2022-04-23 03:35:11.915255+00:00,None,1.0,26.74,0.0,power,26.74,None,247.0,None,0.37,1.0,measurement,22.0,None,{'state': None},0.37,231.0
2022-04-23 03:35:40.039959+00:00,None,1.0,26.74,0.0,power,26.74,None,239.0,None,0.0,1.0,measurement,22.0,None,{'state': None},0.37,231.0
2022-04-23 03:35:40.042702+00:00,None,1.0,26.74,0.0,power,26.74,None,239.0,None,0.0,1.0,measurement,22.0,None,{'state': None},0.0,231.0
2022-04-23 03:36:23.184831+00:00,None,1.0,26.74,0.0,power,26.74,None,247.0,None,0.0,1.0,measurement,22.0,None,{'state': None},0.0,231.0
2022-04-23 03:43:19.141580+00:00,None,1.0,26.74,0.0,power,26.74,None,239.0,None,0.0,1.0,measurement,22.0,None,{'state': None},0.0,231.0
2022-04-23 03:44:59.826523+00:00,None,1.0,26.74,0.0,power,26.74,None,239.0,None,0.4,1.0,measurement,22.0,None,{'state': None},0.0,231.0
2022-04-23 03:44:59.828641+00:00,None,1.0,26.74,0.0,power,26.74,None,239.0,None,0.4,1.0,measurement,22.0,None,{'state': None},0.4,231.0
2022-04-23 03:46:52.834351+00:00,None,1.0,26.74,0.0,power,26.74,None,247.0,None,0.0,1.0,measurement,22.0,None,{'state': None},0.4,231.0
2022-04-23 03:46:52.838133+00:00,None,1.0,26.74,0.0,power,26.74,None,247.0,None,0.0,1.0,measurement,22.0,None,{'state': None},0.0,231.0
2022-04-23 03:50:10.414756+00:00,None,1.0,26.74,0.0,power,26.74,None,239.0,None,0.36,1.0,measurement,22.0,None,{'state': None},0.0,231.0
2022-04-23 03:50:10.415946+00:00,None,1.0,26.74,0.0,power,26.74,None,239.0,None,0.36,1.0,measurement,22.0,None,{'state': None},0.36,231.0
2022-04-23 03:50:52.048978+00:00,None,1.0,26.74,0.0015,power,26.74,None,239.0,None,0.36,1.0,measurement,22.0,None,{'state': None},0.36,231.0
2022-04-23 03:51:06.550297+00:00,None,1.0,26.74,0.0015,power,26.74,None,239.0,None,0.0,1.0,measurement,22.0,None,{'state': None},0.36,231.0
2022-04-23 03:51:06.551788+00:00,None,1.0,26.74,0.0015,power,26.74,None,239.0,None,0.0,1.0,measurement,22.0,None,{'state': None},0.0,231.0
2022-04-23 03:57:50.104937+00:00,None,1.0,26.74,0.0,power,26.74,None,247.0,None,0.0,1.0,measurement,22.0,None,{'state': None},0.0,231.0
2022-04-23 03:58:04.884852+00:00,None,1.0,26.74,0.0,power,26.74,None,247.0,None,0.4,1.0,measurement,22.0,None,{'state': None},0.0,231.0
2022-04-23 03:58:04.886528+00:00,None,1.0,26.74,0.0,power,26.74,None,247.0,None,0.4,1.0,measurement,22.0,None,{'state': None},0.4,231.0
2022-04-23 03:58:32.225711+00:00,None,1.0,26.74,0.0,power,26.74,None,239.0,None,0.0,1.0,measurement,22.0,None,{'state': None},0.4,231.0
2022-04-23 03:58:32.228331+00:00,None,1.0,26.74,0.0,power,26.74,None,239.0,None,0.0,1.0,measurement,22.0,None,{'state': None},0.0,231.0
2022-04-23 04:03:52.718151+00:00,None,1.0,26.74,0.0,power,26.74,None,247.0,None,0.0,1.0,measurement,22.0,None,{'state': None},0.0,231.0
2022-04-23 04:08:48.063924+00:00,None,1.0,26.74,0.0,power,26.74,None,247.0,None,0.37,1.0,measurement,22.0,None,{'state': None},0.0,231.0
2022-04-23 04:08:48.066708+00:00,None,1.0,26.74,0.0,power,26.74,None,247.0,None,0.37,1.0,measurement,22.0,None,{'state': None},0.37,231.0
2022-04-23 04:09:29.205601+00:00,None,1.0,26.74,0.0,power,26.74,None,247.0,None,0.0,1.0,measurement,22.0,None,{'state': None},0.37,231.0
2022-04-23 04:09:29.208021+00:00,None,1.0,26.74,0.0,power,26.74,None,247.0,None,0.0,1.0,measurement,22.0,None,{'state': None},0.0,231.0
2022-04-23 04:17:52.511191+00:00,None,1.0,26.74,0.0,power,26.74,None,247.0,None,0.39,1.0,measurement,22.0,None,{'state': None},0.0,231.0
2022-04-23 04:17:52.513906+00:00,None,1.0,26.74,0.0,power,26.74,None,247.0,None,0.39,1.0,measurement,22.0,None,{'state': None},0.39,231.0
2022-04-23 04:18:21.944822+00:00,None,1.0,26.74,0.0,power,26.74,None,239.0,None,0.0,1.0,measurement,22.0,None,{'state': None},0.39,231.0
2022-04-23 04:18:21.946634+00:00,None,1.0,26.74,0.0,power,26.74,None,239.0,None,0.0,1.0,measurement,22.0,None,{'state': None},0.0,231.0
2022-04-23 04:21:15.959990+00:00,None,1.0,26.74,0.0,power,26.74,None,247.0,None,0.0,1.0,measurement,22.0,None,{'state': None},0.0,231.0
2022-04-23 04:27:01.545068+00:00,None,1.0,26.74,0.0,power,26.74,None,239.0,None,0.0,1.0,measurement,22.0,None,{'state': None},0.0,231.0
2022-04-23 04:27:18.751885+00:00,None,1.0,26.74,0.0,power,26.74,None,239.0,None,0.39,1.0,measurement,22.0,None,{'state': None},0.0,231.0
2022-04-23 04:27:18.753769+00:00,None,1.0,26.74,0.0,power,26.74,None,239.0,None,0.39,1.0,measurement,22.0,None,{'state': None},0.39,231.0
2022-04-23 04:27:33.776464+00:00,None,1.0,26.74,0.0,power,26.74,None,247.0,None,0.0,1.0,measurement,22.0,None,{'state': None},0.39,231.0
2022-04-23 04:27:33.779052+00:00,None,1.0,26.74,0.0,power,26.74,None,247.0,None,0.0,1.0,measurement,22.0,None,{'state': None},0.0,231.0
2022-04-23 04:31:45.379863+00:00,None,1.0,26.74,0.0,power,26.74,None,239.0,None,0.36,1.0,measurement,22.0,None,{'state': None},0.0,231.0
2022-04-23 04:31:45.381805+00:00,None,1.0,26.74,0.0,power,26.74,None,239.0,None,0.36,1.0,measurement,22.0,None,{'state': None},0.36,231.0
2022-04-23 04:32:00.407783+00:00,None,1.0,26.74,0.0,power,26.74,None,239.0,None,0.0,1.0,measurement,22.0,None,{'state': None},0.36,231.0
2022-04-23 04:32:00.410040+00:00,None,1.0,26.74,0.0,power,26.74,None,239.0,None,0.0,1.0,measurement,22.0,None,{'state': None},0.0,231.0
2022-04-23 04:40:33.604940+00:00,None,1.0,26.74,0.0,power,26.74,None,239.0,None,0.37,1.0,measurement,22.0,None,{'state': None},0.0,231.0
2022-04-23 04:40:33.606991+00:00,None,1.0,26.74,0.0,power,26.74,None,239.0,None,0.37,1.0,measurement,22.0,None,{'state': None},0.37,231.0
2022-04-23 04:40:48.627851+00:00,None,1.0,26.74,0.0,power,26.74,None,247.0,None,0.0,1.0,measurement,22.0,None,{'state': None},0.37,231.0
2022-04-23 04:40:48.630058+00:00,None,1.0,26.74,0.0,power,26.74,None,247.0,None,0.0,1.0,measurement,22.0,None,{'state': None},0.0,231.0
2022-04-23 04:41:20.789152+00:00,None,1.0,26.74,0.0,power,26.74,None,223.0,None,0.0,1.0,measurement,22.0,None,{'state': None},0.0,231.0
2022-04-23 04:48:39.412106+00:00,None,1.0,26.74,0.0,power,26.74,None,239.0,None,0.0,1.0,measurement,22.0,None,{'state': None},0.0,231.0
2022-04-23 04:52:05.151865+00:00,None,1.0,26.74,0.0,power,26.74,None,239.0,None,0.38,1.0,measurement,22.0,None,{'state': None},0.0,231.0
2022-04-23 04:52:05.153786+00:00,None,1.0,26.74,0.0,power,26.74,None,239.0,None,0.38,1.0,measurement,22.0,None,{'state': None},0.38,231.0
2022-04-23 04:52:32.076598+00:00,None,1.0,26.74,0.0,power,26.74,None,247.0,None,0.0,1.0,measurement,22.0,None,{'state': None},0.38,231.0
2022-04-23 04:52:32.079218+00:00,None,1.0,26.74,0.0,power,26.74,None,247.0,None,0.0,1.0,measurement,22.0,None,{'state': None},0.0,231.0
2022-04-23 04:58:40.919823+00:00,None,1.0,26.74,0.0,power,26.74,None,239.0,None,0.37,1.0,measurement,22.0,None,{'state': None},0.0,231.0
2022-04-23 04:58:40.922491+00:00,None,1.0,26.74,0.0,power,26.74,None,239.0,None,0.37,1.0,measurement,22.0,None,{'state': None},0.37,231.0
2022-04-23 04:58:55.937707+00:00,None,1.0,26.74,0.0,power,26.74,None,239.0,None,0.0,1.0,measurement,22.0,None,{'state': None},0.37,231.0
2022-04-23 04:58:55.940530+00:00,None,1.0,26.74,0.0,power,26.74,None,239.0,None,0.0,1.0,measurement,22.0,None,{'state': None},0.0,231.0
2022-04-23 05:00:21.140379+00:00,None,1.0,26.74,0.0,power,26.74,None,247.0,None,0.0,1.0,measurement,22.0,None,{'state': None},0.0,231.0
2022-04-23 05:16:30.383695+00:00,None,1.0,26.74,0.0,power,26.74,None,247.0,None,0.38,1.0,measurement,22.0,None,{'state': None},0.0,231.0
2022-04-23 05:16:30.385872+00:00,None,1.0,26.74,0.0,power,26.74,None,247.0,None,0.38,1.0,measurement,22.0,None,{'state': None},0.38,231.0
2022-04-23 05:17:10.897913+00:00,None,1.0,26.74,0.0,power,26.74,None,239.0,None,0.0,1.0,measurement,22.0,None,{'state': None},0.38,231.0
2022-04-23 05:17:10.900503+00:00,None,1.0,26.74,0.0,power,26.74,None,239.0,None,0.0,1.0,measurement,22.0,None,{'state': None},0.0,231.0
2022-04-23 05:20:39.616762+00:00,None,1.0,26.74,0.0,power,26.74,None,247.0,None,0.0,1.0,measurement,22.0,None,{'state': None},0.0,231.0
2022-04-23 05:25:13.682170+00:00,None,1.0,26.74,0.0,power,26.74,None,239.0,None,0.39,1.0,measurement,22.0,None,{'state': None},0.0,231.0
2022-04-23 05:25:13.684835+00:00,None,1.0,26.74,0.0,power,26.74,None,239.0,None,0.39,1.0,measurement,22.0,None,{'state': None},0.39,231.0
2022-04-23 05:25:56.945250+00:00,None,1.0,26.74,0.0,power,26.74,None,215.0,None,0.0,1.0,measurement,22.0,None,{'state': None},0.39,231.0
2022-04-23 05:25:56.949396+00:00,None,1.0,26.74,0.0,power,26.74,None,215.0,None,0.0,1.0,measurement,22.0,None,{'state': None},0.0,231.0
2022-04-23 05:26:13.445947+00:00,None,1.0,26.74,0.0,power,26.74,None,247.0,None,0.0,1.0,measurement,22.0,None,{'state': None},0.0,231.0
2022-04-23 05:31:58.407998+00:00,None,1.0,26.74,0.0,power,26.74,None,247.0,None,0.34,1.0,measurement,22.0,None,{'state': None},0.0,231.0
2022-04-23 05:31:58.410492+00:00,None,1.0,26.74,0.0,power,26.74,None,247.0,None,0.34,1.0,measurement,22.0,None,{'state': None},0.34,231.0
2022-04-23 05:32:16.356823+00:00,None,1.0,26.74,0.0015,power,26.74,None,247.0,None,0.34,1.0,measurement,22.0,None,{'state': None},0.34,231.0
2022-04-23 05:32:26.031601+00:00,None,1.0,26.74,0.0015,power,26.74,None,247.0,None,0.0,1.0,measurement,22.0,None,{'state': None},0.34,231.0
2022-04-23 05:32:26.033310+00:00,None,1.0,26.74,0.0015,power,26.74,None,247.0,None,0.0,1.0,measurement,22.0,None,{'state': None},0.0,231.0
2022-04-23 05:38:22.896280+00:00,None,1.0,26.74,0.0,power,26.74,None,239.0,None,0.0,1.0,measurement,22.0,None,{'state': None},0.0,231.0
2022-04-23 05:42:19.480234+00:00,None,1.0,26.74,0.0,power,26.74,None,247.0,None,0.4,1.0,measurement,22.0,None,{'state': None},0.0,231.0
2022-04-23 05:42:19.482139+00:00,None,1.0,26.74,0.0,power,26.74,None,247.0,None,0.4,1.0,measurement,22.0,None,{'state': None},0.4,231.0
2022-04-23 05:42:48.007137+00:00,None,1.0,26.74,0.0,power,26.74,None,247.0,None,0.0,1.0,measurement,22.0,None,{'state': None},0.4,231.0
2022-04-23 05:42:48.011417+00:00,None,1.0,26.74,0.0,power,26.74,None,247.0,None,0.0,1.0,measurement,22.0,None,{'state': None},0.0,231.0
2022-04-23 05:56:24.132462+00:00,None,1.0,26.74,0.0,power,26.74,None,239.0,None,0.37,1.0,measurement,22.0,None,{'state': None},0.0,231.0
2022-04-23 05:56:24.134919+00:00,None,1.0,26.74,0.0,power,26.74,None,239.0,None,0.37,1.0,measurement,22.0,None,{'state': None},0.37,231.0
2022-04-23 05:56:53.047902+00:00,None,1.0,26.74,0.0,power,26.74,None,239.0,None,0.0,1.0,measurement,22.0,None,{'state': None},0.37,231.0
2022-04-23 05:56:53.050061+00:00,None,1.0,26.74,0.0,power,26.74,None,239.0,None,0.0,1.0,measurement,22.0,None,{'state': None},0.0,231.0
2022-04-23 05:58:23.290443+00:00,None,1.0,26.74,0.0,power,26.74,None,247.0,None,0.0,1.0,measurement,22.0,None,{'state': None},0.0,231.0
2022-04-23 06:11:46.924783+00:00,None,1.0,26.74,0.0,power,26.74,None,247.0,None,0.35,1.0,measurement,22.0,None,{'state': None},0.0,231.0
2022-04-23 06:11:46.926749+00:00,None,1.0,26.74,0.0,power,26.74,None,247.0,None,0.35,1.0,measurement,22.0,None,{'state': None},0.35,231.0
2022-04-23 06:12:01.944548+00:00,None,1.0,26.74,0.0,power,26.74,None,239.0,None,0.0,1.0,measurement,22.0,None,{'state': None},0.35,231.0
2022-04-23 06:12:01.946584+00:00,None,1.0,26.74,0.0,power,26.74,None,239.0,None,0.0,1.0,measurement,22.0,None,{'state': None},0.0,231.0
2022-04-23 06:24:25.317552+00:00,None,1.0,26.74,0.0,power,26.74,None,247.0,None,0.37,1.0,measurement,22.0,None,{'state': None},0.0,231.0
2022-04-23 06:24:25.319716+00:00,None,1.0,26.74,0.0,power,26.74,None,247.0,None,0.37,1.0,measurement,22.0,None,{'state': None},0.37,231.0
2022-04-23 06:24:53.221839+00:00,None,1.0,26.74,0.0,power,26.74,None,247.0,None,0.0,1.0,measurement,22.0,None,{'state': None},0.37,231.0
2022-04-23 06:24:53.224941+00:00,None,1.0,26.74,0.0,power,26.74,None,247.0,None,0.0,1.0,measurement,22.0,None,{'state': None},0.0,231.0
2022-04-23 06:33:00.935952+00:00,None,1.0,26.74,0.0,power,26.74,None,239.0,None,0.35,1.0,measurement,22.0,None,{'state': None},0.0,231.0
2022-04-23 06:33:00.938125+00:00,None,1.0,26.74,0.0,power,26.74,None,239.0,None,0.35,1.0,measurement,22.0,None,{'state': None},0.35,231.0
2022-04-23 06:33:30.372209+00:00,None,1.0,26.74,0.0,power,26.74,None,247.0,None,0.0,1.0,measurement,22.0,None,{'state': None},0.35,231.0
2022-04-23 06:33:30.377757+00:00,None,1.0,26.74,0.0,power,26.74,None,247.0,None,0.0,1.0,measurement,22.0,None,{'state': None},0.0,231.0
2022-04-23 06:40:42.348775+00:00,None,1.0,26.74,0.0,power,26.74,None,239.0,None,0.0,1.0,measurement,22.0,None,{'state': None},0.0,231.0
2022-04-23 06:42:24.846821+00:00,None,1.0,26.74,0.0,power,26.74,None,247.0,None,0.34,1.0,measurement,22.0,None,{'state': None},0.0,231.0
2022-04-23 06:42:24.848724+00:00,None,1.0,26.74,0.0,power,26.74,None,247.0,None,0.34,1.0,measurement,22.0,None,{'state': None},0.34,231.0
2022-04-23 06:42:39.853317+00:00,None,1.0,26.74,0.0,power,26.74,None,247.0,None,0.0,1.0,measurement,22.0,None,{'state': None},0.34,231.0
2022-04-23 06:42:39.855599+00:00,None,1.0,26.74,0.0,power,26.74,None,247.0,None,0.0,1.0,measurement,22.0,None,{'state': None},0.0,231.0
2022-04-23 06:45:36.786951+00:00,None,1.0,26.74,0.0,power,26.74,None,247.0,None,0.37,1.0,measurement,22.0,None,{'state': None},0.0,231.0
2022-04-23 06:45:36.788949+00:00,None,1.0,26.74,0.0,power,26.74,None,247.0,None,0.37,1.0,measurement,22.0,None,{'state': None},0.37,231.0
2022-04-23 06:45:51.789279+00:00,None,1.0,26.74,0.0,power,26.74,None,247.0,None,0.0,1.0,measurement,22.0,None,{'state': None},0.37,231.0
2022-04-23 06:45:51.791292+00:00,None,1.0,26.74,0.0,power,26.74,None,247.0,None,0.0,1.0,measurement,22.0,None,{'state': None},0.0,231.0
2022-04-23 07:00:08.149097+00:00,None,1.0,26.74,0.0,power,26.74,None,247.0,None,0.39,1.0,measurement,22.0,None,{'state': None},0.0,231.0
2022-04-23 07:00:08.150959+00:00,None,1.0,26.74,0.0,power,26.74,None,247.0,None,0.39,1.0,measurement,22.0,None,{'state': None},0.39,231.0
2022-04-23 07:00:49.775571+00:00,None,1.0,26.74,0.0,power,26.74,None,247.0,None,0.0,1.0,measurement,22.0,None,{'state': None},0.39,231.0
2022-04-23 07:00:49.777764+00:00,None,1.0,26.74,0.0,power,26.74,None,247.0,None,0.0,1.0,measurement,22.0,None,{'state': None},0.0,231.0
2022-04-23 07:09:05.159978+00:00,None,1.0,26.74,0.0,power,26.74,None,247.0,None,0.36,1.0,measurement,22.0,None,{'state': None},0.0,231.0
2022-04-23 07:09:05.163286+00:00,None,1.0,26.74,0.0,power,26.74,None,247.0,None,0.36,1.0,measurement,22.0,None,{'state': None},0.36,231.0
2022-04-23 07:09:48.381840+00:00,None,1.0,26.74,0.0,power,26.74,None,247.0,None,0.0,1.0,measurement,22.0,None,{'state': None},0.36,231.0
2022-04-23 07:09:48.384954+00:00,None,1.0,26.74,0.0,power,26.74,None,247.0,None,0.0,1.0,measurement,22.0,None,{'state': None},0.0,231.0
2022-04-23 07:12:33.114154+00:00,None,1.0,26.74,0.0,power,26.74,None,239.0,None,0.0,1.0,measurement,22.0,None,{'state': None},0.0,231.0
2022-04-23 07:20:04.037932+00:00,None,1.0,26.74,0.0,power,26.74,None,247.0,None,0.0,1.0,measurement,22.0,None,{'state': None},0.0,231.0
2022-04-23 07:31:25.387577+00:00,None,1.0,26.74,0.0,power,26.74,None,239.0,None,0.0,1.0,measurement,22.0,None,{'state': None},0.0,231.0
2022-04-23 07:37:04.405597+00:00,None,1.0,26.74,0.0,power,26.74,None,239.0,None,0.37,1.0,measurement,22.0,None,{'state': None},0.0,231.0
2022-04-23 07:37:04.407526+00:00,None,1.0,26.74,0.0,power,26.74,None,239.0,None,0.37,1.0,measurement,22.0,None,{'state': None},0.37,231.0
2022-04-23 07:37:10.137937+00:00,None,1.0,26.74,0.0016,power,26.74,None,239.0,None,0.37,1.0,measurement,22.0,None,{'state': None},0.37,231.0
2022-04-23 07:37:45.817975+00:00,None,1.0,26.74,0.0016,power,26.74,None,239.0,None,0.0,1.0,measurement,22.0,None,{'state': None},0.37,231.0
2022-04-23 07:37:45.820298+00:00,None,1.0,26.74,0.0016,power,26.74,None,239.0,None,0.0,1.0,measurement,22.0,None,{'state': None},0.0,231.0
2022-04-23 07:44:41.370061+00:00,None,1.0,26.74,0.0,power,26.74,None,247.0,None,0.0,1.0,measurement,22.0,None,{'state': None},0.0,231.0
2022-04-23 07:50:23.505723+00:00,None,1.0,26.74,0.0,power,26.74,None,255.0,None,0.0,1.0,measurement,22.0,None,{'state': None},0.0,231.0
2022-04-23 07:53:38.143434+00:00,None,1.0,26.74,0.0,power,26.74,None,247.0,None,0.39,1.0,measurement,22.0,None,{'state': None},0.0,231.0
2022-04-23 07:53:38.145329+00:00,None,1.0,26.74,0.0,power,26.74,None,247.0,None,0.39,1.0,measurement,22.0,None,{'state': None},0.39,231.0
2022-04-23 07:54:07.286181+00:00,None,1.0,26.74,0.0,power,26.74,None,239.0,None,0.0,1.0,measurement,22.0,None,{'state': None},0.39,231.0
2022-04-23 07:54:07.289806+00:00,None,1.0,26.74,0.0,power,26.74,None,239.0,None,0.0,1.0,measurement,22.0,None,{'state': None},0.0,231.0
2022-04-23 08:04:08.096285+00:00,None,1.0,26.74,0.0,power,26.74,None,247.0,None,0.0,1.0,measurement,22.0,None,{'state': None},0.0,231.0
2022-04-23 08:07:45.833732+00:00,None,1.0,26.74,0.0,power,26.74,None,247.0,None,0.38,1.0,measurement,22.0,None,{'state': None},0.0,231.0
2022-04-23 08:07:45.836376+00:00,None,1.0,26.74,0.0,power,26.74,None,247.0,None,0.38,1.0,measurement,22.0,None,{'state': None},0.38,231.0
2022-04-23 08:08:13.260704+00:00,None,1.0,26.74,0.0,power,26.74,None,239.0,None,0.0,1.0,measurement,22.0,None,{'state': None},0.38,231.0
2022-04-23 08:08:13.262701+00:00,None,1.0,26.74,0.0,power,26.74,None,239.0,None,0.0,1.0,measurement,22.0,None,{'state': None},0.0,231.0
2022-04-23 08:11:27.329520+00:00,None,1.0,26.74,0.0,power,26.74,None,247.0,None,0.0,1.0,measurement,22.0,None,{'state': None},0.0,231.0
2022-04-23 08:17:14.421626+00:00,None,1.0,26.74,0.0,power,26.74,None,239.0,None,0.35,1.0,measurement,22.0,None,{'state': None},0.0,231.0
2022-04-23 08:17:14.424807+00:00,None,1.0,26.74,0.0,power,26.74,None,239.0,None,0.35,1.0,measurement,22.0,None,{'state': None},0.35,231.0
2022-04-23 08:17:29.410166+00:00,None,1.0,26.74,0.0,power,26.74,None,239.0,None,0.0,1.0,measurement,22.0,None,{'state': None},0.35,231.0
2022-04-23 08:17:29.411699+00:00,None,1.0,26.74,0.0,power,26.74,None,239.0,None,0.0,1.0,measurement,22.0,None,{'state': None},0.0,231.0
2022-04-23 08:25:32.600309+00:00,None,1.0,26.74,0.0,power,26.74,None,223.0,None,0.0,1.0,measurement,22.0,None,{'state': None},0.0,224.0
2022-04-23 08:31:32.389627+00:00,None,1.0,26.74,0.0,power,26.74,None,239.0,None,0.0,1.0,measurement,22.0,None,{'state': None},0.0,224.0
2022-04-23 08:36:39.037201+00:00,None,1.0,26.74,0.0,power,26.74,None,239.0,None,0.0,1.0,measurement,22.0,None,{'state': None},0.0,231.0
2022-04-23 08:43:21.138661+00:00,None,1.0,26.74,0.0,power,26.74,None,239.0,None,0.4,1.0,measurement,22.0,None,{'state': None},0.0,231.0
2022-04-23 08:43:21.141160+00:00,None,1.0,26.74,0.0,power,26.74,None,239.0,None,0.4,1.0,measurement,22.0,None,{'state': None},0.4,231.0
2022-04-23 08:43:36.155021+00:00,None,1.0,26.74,0.0,power,26.74,None,247.0,None,0.0,1.0,measurement,22.0,None,{'state': None},0.4,231.0
2022-04-23 08:43:36.157184+00:00,None,1.0,26.74,0.0,power,26.74,None,247.0,None,0.0,1.0,measurement,22.0,None,{'state': None},0.0,231.0
2022-04-23 08:51:24.002882+00:00,None,1.0,26.74,0.0,power,26.74,None,239.0,None,0.0,1.0,measurement,22.0,None,{'state': None},0.0,231.0
2022-04-23 09:03:30.157221+00:00,None,1.0,26.74,0.0,power,26.74,None,239.0,None,0.0,1.0,measurement,22.0,None,{'state': None},0.0,228.0
2022-04-23 09:08:26.000777+00:00,None,1.0,26.74,0.0,power,26.74,None,239.0,None,0.36,1.0,measurement,22.0,None,{'state': None},0.0,228.0
2022-04-23 09:08:26.003444+00:00,None,1.0,26.74,0.0,power,26.74,None,239.0,None,0.36,1.0,measurement,22.0,None,{'state': None},0.36,228.0
2022-04-23 09:08:41.020358+00:00,None,1.0,26.74,0.0,power,26.74,None,239.0,None,0.0,1.0,measurement,22.0,None,{'state': None},0.36,228.0
2022-04-23 09:08:41.022592+00:00,None,1.0,26.74,0.0,power,26.74,None,239.0,None,0.0,1.0,measurement,22.0,None,{'state': None},0.0,228.0
2022-04-23 09:34:40.084768+00:00,None,1.0,26.74,0.0,power,26.74,None,239.0,None,0.38,1.0,measurement,22.0,None,{'state': None},0.0,228.0
2022-04-23 09:34:40.086766+00:00,None,1.0,26.74,0.0,power,26.74,None,239.0,None,0.38,1.0,measurement,22.0,None,{'state': None},0.38,228.0
2022-04-23 09:35:21.211479+00:00,None,1.0,26.74,0.0,power,26.74,None,239.0,None,0.0,1.0,measurement,22.0,None,{'state': None},0.38,228.0
2022-04-23 09:35:21.214492+00:00,None,1.0,26.74,0.0,power,26.74,None,239.0,None,0.0,1.0,measurement,22.0,None,{'state': None},0.0,228.0
2022-04-23 09:51:23.521584+00:00,None,1.0,26.74,0.0,power,26.74,None,239.0,None,0.38,1.0,measurement,22.0,None,{'state': None},0.0,228.0
2022-04-23 09:51:23.523919+00:00,None,1.0,26.74,0.0,power,26.74,None,239.0,None,0.38,1.0,measurement,22.0,None,{'state': None},0.38,228.0
2022-04-23 09:51:38.533841+00:00,None,1.0,26.74,0.0,power,26.74,None,239.0,None,0.0,1.0,measurement,22.0,None,{'state': None},0.38,228.0
2022-04-23 09:51:38.535960+00:00,None,1.0,26.74,0.0,power,26.74,None,239.0,None,0.0,1.0,measurement,22.0,None,{'state': None},0.0,228.0
2022-04-23 10:03:46.156703+00:00,None,1.0,26.74,0.0,power,26.74,None,255.0,None,0.0,1.0,measurement,22.0,None,{'state': None},0.0,228.0
2022-04-23 10:08:14.599150+00:00,None,1.0,26.74,0.0,power,26.74,None,255.0,None,0.38,1.0,measurement,22.0,None,{'state': None},0.0,228.0
2022-04-23 10:08:14.601677+00:00,None,1.0,26.74,0.0,power,26.74,None,255.0,None,0.38,1.0,measurement,22.0,None,{'state': None},0.38,228.0
2022-04-23 10:08:29.627353+00:00,None,1.0,26.74,0.0,power,26.74,None,255.0,None,0.0,1.0,measurement,22.0,None,{'state': None},0.38,228.0
2022-04-23 10:08:29.629502+00:00,None,1.0,26.74,0.0,power,26.74,None,255.0,None,0.0,1.0,measurement,22.0,None,{'state': None},0.0,228.0
2022-04-23 10:11:24.429131+00:00,None,1.0,26.74,0.0,power,26.74,None,247.0,None,0.0,1.0,measurement,22.0,None,{'state': None},0.0,235.0
2022-04-23 10:17:11.295146+00:00,None,1.0,26.74,0.0,power,26.74,None,239.0,None,0.0,1.0,measurement,22.0,None,{'state': None},0.0,228.0
2022-04-23 10:28:37.006589+00:00,None,1.0,26.74,0.0,power,26.74,None,255.0,None,0.0,1.0,measurement,22.0,None,{'state': None},0.0,228.0
2022-04-23 10:33:34.663659+00:00,None,1.0,26.74,0.0,power,26.74,None,231.0,None,0.37,1.0,measurement,22.0,None,{'state': None},0.0,228.0
2022-04-23 10:33:34.666783+00:00,None,1.0,26.74,0.0,power,26.74,None,231.0,None,0.37,1.0,measurement,22.0,None,{'state': None},0.37,228.0
2022-04-23 10:33:49.687635+00:00,None,1.0,26.74,0.0,power,26.74,None,231.0,None,0.0,1.0,measurement,22.0,None,{'state': None},0.37,228.0
2022-04-23 10:33:49.689950+00:00,None,1.0,26.74,0.0,power,26.74,None,231.0,None,0.0,1.0,measurement,22.0,None,{'state': None},0.0,228.0
2022-04-23 10:36:21.600096+00:00,None,1.0,26.74,0.0,power,26.74,None,223.0,None,0.0,1.0,measurement,22.0,None,{'state': None},0.0,228.0
2022-04-23 10:42:37.822125+00:00,None,1.0,26.74,0.0,power,26.74,None,231.0,None,0.39,1.0,measurement,22.0,None,{'state': None},0.0,228.0
2022-04-23 10:42:37.825991+00:00,None,1.0,26.74,0.0,power,26.74,None,231.0,None,0.39,1.0,measurement,22.0,None,{'state': None},0.39,228.0
2022-04-23 10:43:06.149978+00:00,None,1.0,26.74,0.0017,power,26.74,None,231.0,None,0.39,1.0,measurement,22.0,None,{'state': None},0.39,228.0
2022-04-23 10:43:07.238301+00:00,None,1.0,26.74,0.0017,power,26.74,None,231.0,None,0.0,1.0,measurement,22.0,None,{'state': None},0.39,228.0
2022-04-23 10:43:07.239994+00:00,None,1.0,26.74,0.0017,power,26.74,None,231.0,None,0.0,1.0,measurement,22.0,None,{'state': None},0.0,228.0
2022-04-23 10:48:36.892361+00:00,None,1.0,26.74,0.0,power,26.74,None,87.0,None,0.0,1.0,measurement,22.0,None,{'state': None},0.0,228.0
2022-04-23 10:55:52.377787+00:00,None,1.0,26.74,0.0,power,26.74,None,255.0,None,0.0,1.0,measurement,22.0,None,{'state': None},0.0,228.0
2022-04-23 11:05:19.919655+00:00,None,1.0,26.74,0.0,power,26.74,None,255.0,None,0.39,1.0,measurement,22.0,None,{'state': None},0.0,228.0
2022-04-23 11:05:19.921017+00:00,None,1.0,26.74,0.0,power,26.74,None,255.0,None,0.39,1.0,measurement,22.0,None,{'state': None},0.39,228.0
2022-04-23 11:05:47.644255+00:00,None,1.0,26.74,0.0,power,26.74,None,255.0,None,0.0,1.0,measurement,22.0,None,{'state': None},0.39,228.0
2022-04-23 11:05:47.646554+00:00,None,1.0,26.74,0.0,power,26.74,None,255.0,None,0.0,1.0,measurement,22.0,None,{'state': None},0.0,228.0
2022-04-23 11:15:08.635778+00:00,None,1.0,26.74,0.0,power,26.74,None,255.0,None,0.36,1.0,measurement,22.0,None,{'state': None},0.0,228.0
2022-04-23 11:15:08.637524+00:00,None,1.0,26.74,0.0,power,26.74,None,255.0,None,0.36,1.0,measurement,22.0,None,{'state': None},0.36,228.0
2022-04-23 11:15:36.057085+00:00,None,1.0,26.74,0.0,power,26.74,None,255.0,None,0.0,1.0,measurement,22.0,None,{'state': None},0.36,228.0
2022-04-23 11:15:36.058702+00:00,None,1.0,26.74,0.0,power,26.74,None,255.0,None,0.0,1.0,measurement,22.0,None,{'state': None},0.0,228.0
2022-04-23 11:23:43.351932+00:00,None,1.0,26.74,0.0,power,26.74,None,255.0,None,0.35,1.0,measurement,22.0,None,{'state': None},0.0,228.0
2022-04-23 11:23:43.354086+00:00,None,1.0,26.74,0.0,power,26.74,None,255.0,None,0.35,1.0,measurement,22.0,None,{'state': None},0.35,228.0
2022-04-23 11:23:58.373169+00:00,None,1.0,26.74,0.0,power,26.74,None,255.0,None,0.0,1.0,measurement,22.0,None,{'state': None},0.35,228.0
2022-04-23 11:23:58.375407+00:00,None,1.0,26.74,0.0,power,26.74,None,255.0,None,0.0,1.0,measurement,22.0,None,{'state': None},0.0,228.0
2022-04-23 11:31:39.991790+00:00,None,1.0,26.74,0.0,power,26.74,None,255.0,None,0.36,1.0,measurement,22.0,None,{'state': None},0.0,228.0
2022-04-23 11:31:39.993981+00:00,None,1.0,26.74,0.0,power,26.74,None,255.0,None,0.36,1.0,measurement,22.0,None,{'state': None},0.36,228.0
2022-04-23 11:31:54.981641+00:00,None,1.0,26.74,0.0,power,26.74,None,255.0,None,0.0,1.0,measurement,22.0,None,{'state': None},0.36,228.0
2022-04-23 11:31:54.983019+00:00,None,1.0,26.74,0.0,power,26.74,None,255.0,None,0.0,1.0,measurement,22.0,None,{'state': None},0.0,228.0
2022-04-23 11:58:47.486121+00:00,None,1.0,26.74,0.0,power,26.74,None,255.0,None,0.4,1.0,measurement,22.0,None,{'state': None},0.0,228.0
2022-04-23 11:58:47.488182+00:00,None,1.0,26.74,0.0,power,26.74,None,255.0,None,0.4,1.0,measurement,22.0,None,{'state': None},0.4,228.0
2022-04-23 11:59:02.540588+00:00,None,1.0,26.74,0.0,power,26.74,None,175.0,None,0.0,1.0,measurement,22.0,None,{'state': None},0.4,228.0
2022-04-23 11:59:02.542558+00:00,None,1.0,26.74,0.0,power,26.74,None,175.0,None,0.0,1.0,measurement,22.0,None,{'state': None},0.0,228.0
2022-04-23 12:04:42.539303+00:00,None,1.0,26.74,0.0,power,26.74,None,255.0,None,0.0,1.0,measurement,22.0,None,{'state': None},0.0,228.0
2022-04-23 12:08:09.387366+00:00,None,1.0,26.74,0.0,power,26.74,None,255.0,None,0.35,1.0,measurement,22.0,None,{'state': None},0.0,228.0
2022-04-23 12:08:09.389533+00:00,None,1.0,26.74,0.0,power,26.74,None,255.0,None,0.35,1.0,measurement,22.0,None,{'state': None},0.35,228.0
2022-04-23 12:08:38.227391+00:00,None,1.0,26.74,0.0,power,26.74,None,255.0,None,0.0,1.0,measurement,22.0,None,{'state': None},0.35,228.0
2022-04-23 12:08:38.229322+00:00,None,1.0,26.74,0.0,power,26.74,None,255.0,None,0.0,1.0,measurement,22.0,None,{'state': None},0.0,228.0
2022-04-23 12:37:39.252760+00:00,None,1.0,26.74,0.0,power,26.74,None,255.0,None,0.37,1.0,measurement,22.0,None,{'state': None},0.0,228.0
2022-04-23 12:37:39.254860+00:00,None,1.0,26.74,0.0,power,26.74,None,255.0,None,0.37,1.0,measurement,22.0,None,{'state': None},0.37,228.0
2022-04-23 12:37:54.268150+00:00,None,1.0,26.74,0.0,power,26.74,None,255.0,None,0.0,1.0,measurement,22.0,None,{'state': None},0.37,228.0
2022-04-23 12:37:54.270456+00:00,None,1.0,26.74,0.0,power,26.74,None,255.0,None,0.0,1.0,measurement,22.0,None,{'state': None},0.0,228.0
2022-04-23 12:38:41.554400+00:00,None,1.0,26.74,0.0,power,26.74,None,239.0,None,0.0,1.0,measurement,22.0,None,{'state': None},0.0,228.0
2022-04-23 12:44:56.164606+00:00,None,1.0,26.74,0.0,power,26.74,None,255.0,None,0.0,1.0,measurement,22.0,None,{'state': None},0.0,228.0
2022-04-23 12:58:46.703168+00:00,None,1.0,26.74,0.0,power,26.74,None,255.0,None,0.36,1.0,measurement,22.0,None,{'state': None},0.0,228.0
2022-04-23 12:58:46.706074+00:00,None,1.0,26.74,0.0,power,26.74,None,255.0,None,0.36,1.0,measurement,22.0,None,{'state': None},0.36,228.0
2022-04-23 12:59:01.736551+00:00,None,1.0,26.74,0.0,power,26.74,None,255.0,None,0.0,1.0,measurement,22.0,None,{'state': None},0.36,228.0
2022-04-23 12:59:01.738406+00:00,None,1.0,26.74,0.0,power,26.74,None,255.0,None,0.0,1.0,measurement,22.0,None,{'state': None},0.0,228.0
2022-04-23 13:03:44.296140+00:00,None,1.0,26.74,0.0,power,26.74,None,255.0,None,0.0,1.0,measurement,22.0,None,{'state': None},0.0,235.0
2022-04-23 13:08:25.346928+00:00,None,1.0,26.74,0.0,power,26.74,None,255.0,None,0.38,1.0,measurement,22.0,None,{'state': None},0.0,235.0
2022-04-23 13:08:25.349692+00:00,None,1.0,26.74,0.0,power,26.74,None,255.0,None,0.38,1.0,measurement,22.0,None,{'state': None},0.38,235.0
2022-04-23 13:09:06.379122+00:00,None,1.0,26.74,0.0,power,26.74,None,255.0,None,0.0,1.0,measurement,22.0,None,{'state': None},0.38,235.0
2022-04-23 13:09:06.382099+00:00,None,1.0,26.74,0.0,power,26.74,None,255.0,None,0.0,1.0,measurement,22.0,None,{'state': None},0.0,235.0
2022-04-23 13:16:26.198103+00:00,None,1.0,26.74,0.0,power,26.74,None,255.0,None,0.38,1.0,measurement,22.0,None,{'state': None},0.0,235.0
2022-04-23 13:16:26.200064+00:00,None,1.0,26.74,0.0,power,26.74,None,255.0,None,0.38,1.0,measurement,22.0,None,{'state': None},0.38,235.0
2022-04-23 13:16:41.204003+00:00,None,1.0,26.74,0.0,power,26.74,None,255.0,None,0.0,1.0,measurement,22.0,None,{'state': None},0.38,235.0
2022-04-23 13:16:41.205587+00:00,None,1.0,26.74,0.0,power,26.74,None,255.0,None,0.0,1.0,measurement,22.0,None,{'state': None},0.0,235.0
2022-04-23 13:22:09.241294+00:00,None,1.0,26.74,0.0,power,26.74,None,255.0,None,0.0,1.0,measurement,22.0,None,{'state': None},0.0,228.0
2022-04-23 13:27:04.930024+00:00,None,1.0,26.74,0.0,power,26.74,None,85.0,None,0.42,1.0,measurement,22.0,None,{'state': None},0.0,228.0
2022-04-23 13:27:04.931885+00:00,None,1.0,26.74,0.0,power,26.74,None,85.0,None,0.42,1.0,measurement,22.0,None,{'state': None},0.42,228.0
2022-04-23 13:27:19.942778+00:00,None,1.0,26.74,0.0,power,26.74,None,255.0,None,0.0,1.0,measurement,22.0,None,{'state': None},0.42,228.0
2022-04-23 13:27:19.945038+00:00,None,1.0,26.74,0.0,power,26.74,None,255.0,None,0.0,1.0,measurement,22.0,None,{'state': None},0.0,228.0
2022-04-23 13:47:30.022002+00:00,None,1.0,26.74,0.0,power,26.74,None,255.0,None,0.36,1.0,measurement,22.0,None,{'state': None},0.0,228.0
2022-04-23 13:47:30.023913+00:00,None,1.0,26.74,0.0,power,26.74,None,255.0,None,0.36,1.0,measurement,22.0,None,{'state': None},0.36,228.0
2022-04-23 13:48:00.058682+00:00,None,1.0,26.74,0.0,power,26.74,None,255.0,None,0.0,1.0,measurement,22.0,None,{'state': None},0.36,228.0
2022-04-23 13:48:00.060643+00:00,None,1.0,26.74,0.0,power,26.74,None,255.0,None,0.0,1.0,measurement,22.0,None,{'state': None},0.0,228.0
2022-04-23 13:54:54.890544+00:00,None,1.0,26.74,0.0,power,26.74,None,255.0,None,0.0,1.0,measurement,22.0,None,{'state': None},0.0,235.0
2022-04-23 14:02:03.420688+00:00,None,1.0,26.74,0.0,power,26.74,None,255.0,None,0.0,1.0,measurement,22.0,None,{'state': None},0.0,228.0
2022-04-23 14:21:33.889836+00:00,None,1.0,26.74,0.0,power,26.74,None,255.0,None,0.38,1.0,measurement,22.0,None,{'state': None},0.0,228.0
2022-04-23 14:21:33.891929+00:00,None,1.0,26.74,0.0,power,26.74,None,255.0,None,0.38,1.0,measurement,22.0,None,{'state': None},0.38,228.0
2022-04-23 14:22:02.624249+00:00,None,1.0,26.74,0.0,power,26.74,None,255.0,None,0.0,1.0,measurement,22.0,None,{'state': None},0.38,228.0
2022-04-23 14:22:02.627005+00:00,None,1.0,26.74,0.0,power,26.74,None,255.0,None,0.0,1.0,measurement,22.0,None,{'state': None},0.0,228.0
2022-04-23 14:42:56.194322+00:00,None,1.0,26.74,0.0,power,26.74,None,255.0,None,0.0,1.0,measurement,22.0,None,{'state': None},0.0,235.0
2022-04-23 14:48:20.152350+00:00,None,1.0,26.74,0.0,power,26.74,None,255.0,None,0.38,1.0,measurement,22.0,None,{'state': None},0.0,235.0
2022-04-23 14:48:20.154902+00:00,None,1.0,26.74,0.0,power,26.74,None,255.0,None,0.38,1.0,measurement,22.0,None,{'state': None},0.38,235.0
2022-04-23 14:48:35.168631+00:00,None,1.0,26.74,0.0,power,26.74,None,255.0,None,0.0,1.0,measurement,22.0,None,{'state': None},0.38,235.0
2022-04-23 14:48:35.170792+00:00,None,1.0,26.74,0.0,power,26.74,None,255.0,None,0.0,1.0,measurement,22.0,None,{'state': None},0.0,235.0
2022-04-23 15:02:18.848146+00:00,None,1.0,26.74,0.0,power,26.74,None,255.0,None,0.35,1.0,measurement,22.0,None,{'state': None},0.0,235.0
2022-04-23 15:02:18.849728+00:00,None,1.0,26.74,0.0,power,26.74,None,255.0,None,0.35,1.0,measurement,22.0,None,{'state': None},0.35,235.0
2022-04-23 15:02:47.491280+00:00,None,1.0,26.74,0.0,power,26.74,None,255.0,None,0.0,1.0,measurement,22.0,None,{'state': None},0.35,235.0
2022-04-23 15:02:47.493248+00:00,None,1.0,26.74,0.0,power,26.74,None,255.0,None,0.0,1.0,measurement,22.0,None,{'state': None},0.0,235.0
2022-04-23 15:07:58.112004+00:00,None,1.0,26.74,0.0,power,26.74,None,255.0,None,0.0,1.0,measurement,22.0,None,{'state': None},0.0,228.0
2022-04-23 15:14:16.210193+00:00,None,1.0,26.74,0.0,power,26.74,None,255.0,None,0.34,1.0,measurement,22.0,None,{'state': None},0.0,228.0
2022-04-23 15:14:16.211968+00:00,None,1.0,26.74,0.0,power,26.74,None,255.0,None,0.34,1.0,measurement,22.0,None,{'state': None},0.34,228.0
2022-04-23 15:14:19.942820+00:00,None,1.0,26.74,0.0015,power,26.74,None,255.0,None,0.34,1.0,measurement,22.0,None,{'state': None},0.34,228.0
2022-04-23 15:14:44.532062+00:00,None,1.0,26.74,0.0015,power,26.74,None,255.0,None,0.0,1.0,measurement,22.0,None,{'state': None},0.34,228.0
2022-04-23 15:14:44.534335+00:00,None,1.0,26.74,0.0015,power,26.74,None,255.0,None,0.0,1.0,measurement,22.0,None,{'state': None},0.0,228.0
2022-04-23 15:21:06.993077+00:00,None,1.0,26.74,0.0,power,26.74,None,255.0,None,0.0,1.0,measurement,22.0,None,{'state': None},0.0,228.0
2022-04-23 15:27:22.830423+00:00,None,1.0,26.74,0.0,power,26.74,None,255.0,None,0.4,1.0,measurement,22.0,None,{'state': None},0.0,228.0
2022-04-23 15:27:22.832464+00:00,None,1.0,26.74,0.0,power,26.74,None,255.0,None,0.4,1.0,measurement,22.0,None,{'state': None},0.4,228.0
2022-04-23 15:27:37.821771+00:00,None,1.0,26.74,0.0,power,26.74,None,255.0,None,0.0,1.0,measurement,22.0,None,{'state': None},0.4,228.0
2022-04-23 15:27:37.824418+00:00,None,1.0,26.74,0.0,power,26.74,None,255.0,None,0.0,1.0,measurement,22.0,None,{'state': None},0.0,228.0
2022-04-23 15:42:24.022169+00:00,None,1.0,26.74,0.0,power,26.74,None,255.0,None,0.0,1.0,measurement,22.0,None,{'state': None},0.0,235.0
2022-04-23 15:46:56.497946+00:00,None,1.0,26.74,0.0,power,26.74,None,255.0,None,0.42,1.0,measurement,22.0,None,{'state': None},0.0,235.0
2022-04-23 15:46:56.502602+00:00,None,1.0,26.74,0.0,power,26.74,None,255.0,None,0.42,1.0,measurement,22.0,None,{'state': None},0.42,235.0
2022-04-23 15:47:25.951817+00:00,None,1.0,26.74,0.0,power,26.74,None,255.0,None,0.0,1.0,measurement,22.0,None,{'state': None},0.42,235.0
2022-04-23 15:47:25.953297+00:00,None,1.0,26.74,0.0,power,26.74,None,255.0,None,0.0,1.0,measurement,22.0,None,{'state': None},0.0,235.0
2022-04-23 15:56:44.708447+00:00,None,1.0,26.74,0.0,power,26.74,None,255.0,None,0.41,1.0,measurement,22.0,None,{'state': None},0.0,235.0
2022-04-23 15:56:44.713664+00:00,None,1.0,26.74,0.0,power,26.74,None,255.0,None,0.41,1.0,measurement,22.0,None,{'state': None},0.41,235.0
2022-04-23 15:57:13.827859+00:00,None,1.0,26.74,0.0,power,26.74,None,255.0,None,0.0,1.0,measurement,22.0,None,{'state': None},0.41,235.0
2022-04-23 15:57:13.829832+00:00,None,1.0,26.74,0.0,power,26.74,None,255.0,None,0.0,1.0,measurement,22.0,None,{'state': None},0.0,235.0
2022-04-23 16:05:35.755488+00:00,None,1.0,26.74,0.0,power,26.74,None,255.0,None,0.39,1.0,measurement,22.0,None,{'state': None},0.0,235.0
2022-04-23 16:05:35.757985+00:00,None,1.0,26.74,0.0,power,26.74,None,255.0,None,0.39,1.0,measurement,22.0,None,{'state': None},0.39,235.0
2022-04-23 16:06:03.860337+00:00,None,1.0,26.74,0.0,power,26.74,None,255.0,None,0.0,1.0,measurement,22.0,None,{'state': None},0.39,235.0
2022-04-23 16:06:03.861739+00:00,None,1.0,26.74,0.0,power,26.74,None,255.0,None,0.0,1.0,measurement,22.0,None,{'state': None},0.0,235.0
2022-04-23 16:09:35.660715+00:00,None,1.0,26.74,0.0,power,26.74,None,255.0,None,0.43,1.0,measurement,22.0,None,{'state': None},0.0,235.0
2022-04-23 16:09:35.662767+00:00,None,1.0,26.74,0.0,power,26.74,None,255.0,None,0.43,1.0,measurement,22.0,None,{'state': None},0.43,235.0
2022-04-23 16:09:50.669074+00:00,None,1.0,26.74,0.0,power,26.74,None,255.0,None,0.0,1.0,measurement,22.0,None,{'state': None},0.43,235.0
2022-04-23 16:09:50.671840+00:00,None,1.0,26.74,0.0,power,26.74,None,255.0,None,0.0,1.0,measurement,22.0,None,{'state': None},0.0,235.0
2022-04-23 16:17:55.671683+00:00,None,1.0,26.74,0.0,power,26.74,None,255.0,None,0.39,1.0,measurement,22.0,None,{'state': None},0.0,235.0
2022-04-23 16:17:55.673340+00:00,None,1.0,26.74,0.0,power,26.74,None,255.0,None,0.39,1.0,measurement,22.0,None,{'state': None},0.39,235.0
2022-04-23 16:18:10.716149+00:00,None,1.0,26.74,0.0,power,26.74,None,247.0,None,0.0,1.0,measurement,22.0,None,{'state': None},0.39,235.0
2022-04-23 16:18:10.720680+00:00,None,1.0,26.74,0.0,power,26.74,None,247.0,None,0.0,1.0,measurement,22.0,None,{'state': None},0.0,235.0
2022-04-23 16:20:15.794747+00:00,None,1.0,26.74,0.0,power,26.74,None,255.0,None,0.0,1.0,measurement,22.0,None,{'state': None},0.0,235.0
2022-04-23 16:24:03.519992+00:00,None,1.0,26.74,0.0,power,26.74,None,255.0,None,0.41,1.0,measurement,22.0,None,{'state': None},0.0,235.0
2022-04-23 16:24:03.522190+00:00,None,1.0,26.74,0.0,power,26.74,None,255.0,None,0.41,1.0,measurement,22.0,None,{'state': None},0.41,235.0
2022-04-23 16:25:23.768239+00:00,None,1.0,26.74,0.0,power,26.74,None,255.0,None,0.0,1.0,measurement,22.0,None,{'state': None},0.41,235.0
2022-04-23 16:25:23.770938+00:00,None,1.0,26.74,0.0,power,26.74,None,255.0,None,0.0,1.0,measurement,22.0,None,{'state': None},0.0,235.0
2022-04-23 16:27:32.813019+00:00,None,1.0,26.74,0.0,power,26.74,None,255.0,None,0.45,1.0,measurement,22.0,None,{'state': None},0.0,235.0
2022-04-23 16:27:32.815118+00:00,None,1.0,26.74,0.0,power,26.74,None,255.0,None,0.45,1.0,measurement,22.0,None,{'state': None},0.45,235.0
2022-04-23 16:27:47.808334+00:00,None,1.0,26.74,0.0,power,26.74,None,255.0,None,0.0,1.0,measurement,22.0,None,{'state': None},0.45,235.0
2022-04-23 16:27:47.810721+00:00,None,1.0,26.74,0.0,power,26.74,None,255.0,None,0.0,1.0,measurement,22.0,None,{'state': None},0.0,235.0
2022-04-23 16:52:20.521328+00:00,None,1.0,26.74,0.0,power,26.74,None,255.0,None,0.35,1.0,measurement,22.0,None,{'state': None},0.0,235.0
2022-04-23 16:52:20.523456+00:00,None,1.0,26.74,0.0,power,26.74,None,255.0,None,0.35,1.0,measurement,22.0,None,{'state': None},0.35,235.0
2022-04-23 16:52:35.515532+00:00,None,1.0,26.74,0.0,power,26.74,None,255.0,None,0.0,1.0,measurement,22.0,None,{'state': None},0.35,235.0
2022-04-23 16:52:35.517534+00:00,None,1.0,26.74,0.0,power,26.74,None,255.0,None,0.0,1.0,measurement,22.0,None,{'state': None},0.0,235.0
2022-04-23 17:01:33.633157+00:00,None,1.0,26.74,0.0,power,26.74,None,255.0,None,0.41,1.0,measurement,22.0,None,{'state': None},0.0,235.0
2022-04-23 17:01:33.635499+00:00,None,1.0,26.74,0.0,power,26.74,None,255.0,None,0.41,1.0,measurement,22.0,None,{'state': None},0.41,235.0
2022-04-23 17:02:01.952949+00:00,None,1.0,26.74,0.0,power,26.74,None,255.0,None,0.0,1.0,measurement,22.0,None,{'state': None},0.41,235.0
2022-04-23 17:02:01.955209+00:00,None,1.0,26.74,0.0,power,26.74,None,255.0,None,0.0,1.0,measurement,22.0,None,{'state': None},0.0,235.0
2022-04-23 17:04:14.436319+00:00,None,1.0,26.74,0.0,power,26.74,None,255.0,None,0.0,1.0,measurement,22.0,None,{'state': None},0.0,228.0
2022-04-23 17:18:44.185328+00:00,None,1.0,26.74,0.0,power,26.74,None,239.0,None,0.35,1.0,measurement,22.0,None,{'state': None},0.0,228.0
2022-04-23 17:18:44.187688+00:00,None,1.0,26.74,0.0,power,26.74,None,239.0,None,0.35,1.0,measurement,22.0,None,{'state': None},0.35,228.0
2022-04-23 17:18:59.193108+00:00,None,1.0,26.74,0.0,power,26.74,None,255.0,None,0.0,1.0,measurement,22.0,None,{'state': None},0.35,228.0
2022-04-23 17:18:59.195732+00:00,None,1.0,26.74,0.0,power,26.74,None,255.0,None,0.0,1.0,measurement,22.0,None,{'state': None},0.0,228.0
2022-04-23 17:29:52.136066+00:00,None,1.0,26.74,0.0,power,26.74,None,255.0,None,0.36,1.0,measurement,22.0,None,{'state': None},0.0,228.0
2022-04-23 17:29:52.138383+00:00,None,1.0,26.74,0.0,power,26.74,None,255.0,None,0.36,1.0,measurement,22.0,None,{'state': None},0.36,228.0
2022-04-23 17:30:33.349806+00:00,None,1.0,26.74,0.0,power,26.74,None,255.0,None,0.0,1.0,measurement,22.0,None,{'state': None},0.36,228.0
2022-04-23 17:30:33.352212+00:00,None,1.0,26.74,0.0,power,26.74,None,255.0,None,0.0,1.0,measurement,22.0,None,{'state': None},0.0,228.0
2022-04-23 17:41:32.433173+00:00,None,1.0,26.74,0.0,power,26.74,None,255.0,None,0.37,1.0,measurement,22.0,None,{'state': None},0.0,228.0
2022-04-23 17:41:32.436229+00:00,None,1.0,26.74,0.0,power,26.74,None,255.0,None,0.37,1.0,measurement,22.0,None,{'state': None},0.37,228.0
2022-04-23 17:41:47.456146+00:00,None,1.0,26.74,0.0,power,26.74,None,255.0,None,0.0,1.0,measurement,22.0,None,{'state': None},0.37,228.0
2022-04-23 17:41:47.458667+00:00,None,1.0,26.74,0.0,power,26.74,None,255.0,None,0.0,1.0,measurement,22.0,None,{'state': None},0.0,228.0
2022-04-23 17:45:59.274582+00:00,None,1.0,26.74,0.0,power,26.74,None,255.0,None,0.0,1.0,measurement,22.0,None,{'state': None},0.0,235.0
2022-04-23 17:46:21.936388+00:00,None,1.0,26.74,0.0,power,26.74,None,255.0,None,0.38,1.0,measurement,22.0,None,{'state': None},0.0,235.0
2022-04-23 17:46:21.938479+00:00,None,1.0,26.74,0.0,power,26.74,None,255.0,None,0.38,1.0,measurement,22.0,None,{'state': None},0.38,235.0
2022-04-23 17:46:36.947915+00:00,None,1.0,26.74,0.0,power,26.74,None,255.0,None,0.0,1.0,measurement,22.0,None,{'state': None},0.38,235.0
2022-04-23 17:46:36.949860+00:00,None,1.0,26.74,0.0,power,26.74,None,255.0,None,0.0,1.0,measurement,22.0,None,{'state': None},0.0,235.0
2022-04-23 17:52:04.894967+00:00,None,1.0,26.74,0.0,power,26.74,None,255.0,None,0.39,1.0,measurement,22.0,None,{'state': None},0.0,235.0
2022-04-23 17:52:04.896766+00:00,None,1.0,26.74,0.0,power,26.74,None,255.0,None,0.39,1.0,measurement,22.0,None,{'state': None},0.39,235.0
2022-04-23 17:52:19.907641+00:00,None,1.0,26.74,0.0,power,26.74,None,255.0,None,0.0,1.0,measurement,22.0,None,{'state': None},0.39,235.0
2022-04-23 17:52:19.909551+00:00,None,1.0,26.74,0.0,power,26.74,None,255.0,None,0.0,1.0,measurement,22.0,None,{'state': None},0.0,235.0
2022-04-23 17:59:22.284889+00:00,None,1.0,26.74,0.0,power,26.74,None,255.0,None,0.0,1.0,measurement,22.0,None,{'state': None},0.0,228.0
2022-04-23 18:04:27.540190+00:00,None,1.0,26.74,0.0,power,26.74,None,255.0,None,0.0,1.0,measurement,22.0,None,{'state': None},0.0,235.0
2022-04-23 18:06:12.775531+00:00,None,1.0,26.74,0.0,power,26.74,None,255.0,None,0.45,1.0,measurement,22.0,None,{'state': None},0.0,235.0
2022-04-23 18:06:12.778061+00:00,None,1.0,26.74,0.0,power,26.74,None,255.0,None,0.45,1.0,measurement,22.0,None,{'state': None},0.45,235.0
2022-04-23 18:07:34.522102+00:00,None,1.0,26.74,0.0,power,26.74,None,255.0,None,0.0,1.0,measurement,22.0,None,{'state': None},0.45,235.0
2022-04-23 18:07:34.527581+00:00,None,1.0,26.74,0.0,power,26.74,None,255.0,None,0.0,1.0,measurement,22.0,None,{'state': None},0.0,235.0
2022-04-23 18:16:02.185014+00:00,None,1.0,26.74,0.0,power,26.74,None,255.0,None,0.4,1.0,measurement,22.0,None,{'state': None},0.0,235.0
2022-04-23 18:16:02.187698+00:00,None,1.0,26.74,0.0,power,26.74,None,255.0,None,0.4,1.0,measurement,22.0,None,{'state': None},0.4,235.0
2022-04-23 18:16:17.215634+00:00,None,1.0,26.74,0.0,power,26.74,None,255.0,None,0.0,1.0,measurement,22.0,None,{'state': None},0.4,235.0
2022-04-23 18:16:17.217538+00:00,None,1.0,26.74,0.0,power,26.74,None,255.0,None,0.0,1.0,measurement,22.0,None,{'state': None},0.0,235.0
2022-04-23 18:30:29.644668+00:00,None,1.0,26.74,0.0,power,26.74,None,247.0,None,0.34,1.0,measurement,22.0,None,{'state': None},0.0,235.0
2022-04-23 18:30:29.646699+00:00,None,1.0,26.74,0.0,power,26.74,None,247.0,None,0.34,1.0,measurement,22.0,None,{'state': None},0.34,235.0
2022-04-23 18:30:30.235597+00:00,None,1.0,26.74,0.0015,power,26.74,None,255.0,None,0.34,1.0,measurement,22.0,None,{'state': None},0.34,235.0
2022-04-23 18:30:57.258582+00:00,None,1.0,26.74,0.0015,power,26.74,None,255.0,None,0.0,1.0,measurement,22.0,None,{'state': None},0.34,235.0
2022-04-23 18:30:57.261525+00:00,None,1.0,26.74,0.0015,power,26.74,None,255.0,None,0.0,1.0,measurement,22.0,None,{'state': None},0.0,235.0
2022-04-23 18:35:35.196093+00:00,None,1.0,26.74,0.0,power,26.74,None,255.0,None,0.0,1.0,measurement,22.0,None,{'state': None},0.0,235.0
2022-04-23 18:39:53.846042+00:00,None,1.0,26.74,0.0,power,26.74,None,255.0,None,0.38,1.0,measurement,22.0,None,{'state': None},0.0,235.0
2022-04-23 18:39:53.848628+00:00,None,1.0,26.74,0.0,power,26.74,None,255.0,None,0.38,1.0,measurement,22.0,None,{'state': None},0.38,235.0
2022-04-23 18:40:08.879017+00:00,None,1.0,26.74,0.0,power,26.74,None,255.0,None,0.0,1.0,measurement,22.0,None,{'state': None},0.38,235.0
2022-04-23 18:40:08.881994+00:00,None,1.0,26.74,0.0,power,26.74,None,255.0,None,0.0,1.0,measurement,22.0,None,{'state': None},0.0,235.0
2022-04-23 18:45:31.270143+00:00,None,1.0,26.74,0.0,power,26.74,None,255.0,None,0.41,1.0,measurement,22.0,None,{'state': None},0.0,235.0
2022-04-23 18:45:31.271932+00:00,None,1.0,26.74,0.0,power,26.74,None,255.0,None,0.41,1.0,measurement,22.0,None,{'state': None},0.41,235.0
2022-04-23 18:46:12.197981+00:00,None,1.0,26.74,0.0,power,26.74,None,255.0,None,0.0,1.0,measurement,22.0,None,{'state': None},0.41,235.0
2022-04-23 18:46:12.200308+00:00,None,1.0,26.74,0.0,power,26.74,None,255.0,None,0.0,1.0,measurement,22.0,None,{'state': None},0.0,235.0
2022-04-23 18:57:58.353762+00:00,None,1.0,26.74,0.0,power,26.74,None,255.0,None,0.4,1.0,measurement,22.0,None,{'state': None},0.0,235.0
2022-04-23 18:57:58.356425+00:00,None,1.0,26.74,0.0,power,26.74,None,255.0,None,0.4,1.0,measurement,22.0,None,{'state': None},0.4,235.0
2022-04-23 18:58:13.362727+00:00,None,1.0,26.74,0.0,power,26.74,None,255.0,None,0.0,1.0,measurement,22.0,None,{'state': None},0.4,235.0
2022-04-23 18:58:13.364658+00:00,None,1.0,26.74,0.0,power,26.74,None,255.0,None,0.0,1.0,measurement,22.0,None,{'state': None},0.0,235.0
2022-04-23 19:16:26.726854+00:00,None,1.0,26.74,0.0,power,26.74,None,255.0,None,0.0,1.0,measurement,22.0,None,{'state': None},0.0,228.0
2022-04-23 19:17:47.143434+00:00,None,1.0,26.74,0.0,power,26.74,None,255.0,None,0.37,1.0,measurement,22.0,None,{'state': None},0.0,228.0
2022-04-23 19:17:47.145330+00:00,None,1.0,26.74,0.0,power,26.74,None,255.0,None,0.37,1.0,measurement,22.0,None,{'state': None},0.37,228.0
2022-04-23 19:18:27.883887+00:00,None,1.0,26.74,0.0,power,26.74,None,255.0,None,0.0,1.0,measurement,22.0,None,{'state': None},0.37,228.0
2022-04-23 19:18:27.886111+00:00,None,1.0,26.74,0.0,power,26.74,None,255.0,None,0.0,1.0,measurement,22.0,None,{'state': None},0.0,228.0
2022-04-23 19:38:50.852160+00:00,None,1.0,26.74,0.0,power,26.74,None,255.0,None,0.4,1.0,measurement,22.0,None,{'state': None},0.0,228.0
2022-04-23 19:38:50.854411+00:00,None,1.0,26.74,0.0,power,26.74,None,255.0,None,0.4,1.0,measurement,22.0,None,{'state': None},0.4,228.0
2022-04-23 19:39:19.589167+00:00,None,1.0,26.74,0.0,power,26.74,None,247.0,None,0.0,1.0,measurement,22.0,None,{'state': None},0.4,228.0
2022-04-23 19:39:19.591218+00:00,None,1.0,26.74,0.0,power,26.74,None,247.0,None,0.0,1.0,measurement,22.0,None,{'state': None},0.0,228.0
2022-04-23 19:45:07.984464+00:00,None,1.0,26.74,0.0,power,26.74,None,255.0,None,0.0,1.0,measurement,22.0,None,{'state': None},0.0,228.0
2022-04-23 19:49:52.951970+00:00,None,1.0,26.74,0.0,power,26.74,None,255.0,None,0.36,1.0,measurement,22.0,None,{'state': None},0.0,228.0
2022-04-23 19:49:52.953430+00:00,None,1.0,26.74,0.0,power,26.74,None,255.0,None,0.36,1.0,measurement,22.0,None,{'state': None},0.36,228.0
2022-04-23 19:50:34.811869+00:00,None,1.0,26.74,0.0,power,26.74,None,255.0,None,0.0,1.0,measurement,22.0,None,{'state': None},0.36,228.0
2022-04-23 19:50:34.815346+00:00,None,1.0,26.74,0.0,power,26.74,None,255.0,None,0.0,1.0,measurement,22.0,None,{'state': None},0.0,228.0
2022-04-23 20:03:05.200776+00:00,None,1.0,26.74,0.0,power,26.74,None,255.0,None,0.4,1.0,measurement,22.0,None,{'state': None},0.0,228.0
2022-04-23 20:03:05.202810+00:00,None,1.0,26.74,0.0,power,26.74,None,255.0,None,0.4,1.0,measurement,22.0,None,{'state': None},0.4,228.0
2022-04-23 20:03:33.125242+00:00,None,1.0,26.74,0.0,power,26.74,None,255.0,None,0.0,1.0,measurement,22.0,None,{'state': None},0.4,228.0
2022-04-23 20:03:33.127563+00:00,None,1.0,26.74,0.0,power,26.74,None,255.0,None,0.0,1.0,measurement,22.0,None,{'state': None},0.0,228.0
2022-04-23 20:15:31.861600+00:00,None,1.0,26.74,0.0,power,26.74,None,255.0,None,0.35,1.0,measurement,22.0,None,{'state': None},0.0,228.0
2022-04-23 20:15:31.863100+00:00,None,1.0,26.74,0.0,power,26.74,None,255.0,None,0.35,1.0,measurement,22.0,None,{'state': None},0.35,228.0
2022-04-23 20:15:46.908596+00:00,None,1.0,26.74,0.0,power,26.74,None,255.0,None,0.0,1.0,measurement,22.0,None,{'state': None},0.35,228.0
2022-04-23 20:15:46.911144+00:00,None,1.0,26.74,0.0,power,26.74,None,255.0,None,0.0,1.0,measurement,22.0,None,{'state': None},0.0,228.0
2022-04-23 20:23:13.482079+00:00,None,1.0,26.74,0.0,power,26.74,None,255.0,None,0.0,1.0,measurement,22.0,None,{'state': None},0.0,235.0
2022-04-23 20:31:06.348384+00:00,None,1.0,26.74,0.0,power,26.74,None,255.0,None,0.35,1.0,measurement,22.0,None,{'state': None},0.0,235.0
2022-04-23 20:31:06.351077+00:00,None,1.0,26.74,0.0,power,26.74,None,255.0,None,0.35,1.0,measurement,22.0,None,{'state': None},0.35,235.0
2022-04-23 20:31:47.584267+00:00,None,1.0,26.74,0.0,power,26.74,None,247.0,None,0.0,1.0,measurement,22.0,None,{'state': None},0.35,235.0
2022-04-23 20:31:47.586570+00:00,None,1.0,26.74,0.0,power,26.74,None,247.0,None,0.0,1.0,measurement,22.0,None,{'state': None},0.0,235.0
2022-04-23 20:35:47.327731+00:00,None,1.0,26.74,0.0,power,26.74,None,255.0,None,0.0,1.0,measurement,22.0,None,{'state': None},0.0,235.0
2022-04-23 20:44:52.163206+00:00,None,1.0,26.74,0.0,power,26.74,None,255.0,None,0.38,1.0,measurement,22.0,None,{'state': None},0.0,235.0
2022-04-23 20:44:52.165415+00:00,None,1.0,26.74,0.0,power,26.74,None,255.0,None,0.38,1.0,measurement,22.0,None,{'state': None},0.38,235.0
2022-04-23 20:45:20.890003+00:00,None,1.0,26.74,0.0,power,26.74,None,255.0,None,0.0,1.0,measurement,22.0,None,{'state': None},0.38,235.0
2022-04-23 20:45:20.892001+00:00,None,1.0,26.74,0.0,power,26.74,None,255.0,None,0.0,1.0,measurement,22.0,None,{'state': None},0.0,235.0
2022-04-23 20:47:22.388773+00:00,None,1.0,26.74,0.0,power,26.74,None,255.0,None,0.0,1.0,measurement,22.0,None,{'state': None},0.0,228.0
2022-04-23 20:50:33.083730+00:00,None,1.0,26.74,0.0,power,26.74,None,255.0,None,0.38,1.0,measurement,22.0,None,{'state': None},0.0,228.0
2022-04-23 20:50:33.085483+00:00,None,1.0,26.74,0.0,power,26.74,None,255.0,None,0.38,1.0,measurement,22.0,None,{'state': None},0.38,228.0
2022-04-23 20:51:02.732991+00:00,None,1.0,26.74,0.0,power,26.74,None,85.0,None,0.0,1.0,measurement,22.0,None,{'state': None},0.38,228.0
2022-04-23 20:51:02.735284+00:00,None,1.0,26.74,0.0,power,26.74,None,85.0,None,0.0,1.0,measurement,22.0,None,{'state': None},0.0,228.0
2022-04-23 20:54:11.860109+00:00,None,1.0,26.74,0.0,power,26.74,None,255.0,None,0.0,1.0,measurement,22.0,None,{'state': None},0.0,228.0
2022-04-23 21:04:21.136550+00:00,None,1.0,26.74,0.0,power,26.74,None,255.0,None,0.37,1.0,measurement,22.0,None,{'state': None},0.0,228.0
2022-04-23 21:04:21.137713+00:00,None,1.0,26.74,0.0,power,26.74,None,255.0,None,0.37,1.0,measurement,22.0,None,{'state': None},0.37,228.0
2022-04-23 21:04:36.141750+00:00,None,1.0,26.74,0.0,power,26.74,None,255.0,None,0.0,1.0,measurement,22.0,None,{'state': None},0.37,228.0
2022-04-23 21:04:36.144256+00:00,None,1.0,26.74,0.0,power,26.74,None,255.0,None,0.0,1.0,measurement,22.0,None,{'state': None},0.0,228.0
2022-04-23 21:05:47.121182+00:00,None,1.0,26.74,0.0,power,26.74,None,255.0,None,0.0,1.0,measurement,22.0,None,{'state': None},0.0,235.0
2022-04-23 21:21:27.843849+00:00,None,1.0,26.74,0.0,power,26.74,None,255.0,None,0.37,1.0,measurement,22.0,None,{'state': None},0.0,235.0
2022-04-23 21:21:27.846657+00:00,None,1.0,26.74,0.0,power,26.74,None,255.0,None,0.37,1.0,measurement,22.0,None,{'state': None},0.37,235.0
2022-04-23 21:21:42.865473+00:00,None,1.0,26.74,0.0,power,26.74,None,255.0,None,0.0,1.0,measurement,22.0,None,{'state': None},0.37,235.0
2022-04-23 21:21:42.869720+00:00,None,1.0,26.74,0.0,power,26.74,None,255.0,None,0.0,1.0,measurement,22.0,None,{'state': None},0.0,235.0
2022-04-23 21:29:14.581828+00:00,None,1.0,26.74,0.0,power,26.74,None,255.0,None,0.4,1.0,measurement,22.0,None,{'state': None},0.0,235.0
2022-04-23 21:29:14.585068+00:00,None,1.0,26.74,0.0,power,26.74,None,255.0,None,0.4,1.0,measurement,22.0,None,{'state': None},0.4,235.0
2022-04-23 21:29:29.595676+00:00,None,1.0,26.74,0.0,power,26.74,None,255.0,None,0.0,1.0,measurement,22.0,None,{'state': None},0.4,235.0
2022-04-23 21:29:29.597873+00:00,None,1.0,26.74,0.0,power,26.74,None,255.0,None,0.0,1.0,measurement,22.0,None,{'state': None},0.0,235.0
2022-04-23 21:35:35.336817+00:00,None,1.0,26.74,0.0,power,26.74,None,255.0,None,0.38,1.0,measurement,22.0,None,{'state': None},0.0,235.0
2022-04-23 21:35:35.342135+00:00,None,1.0,26.74,0.0,power,26.74,None,255.0,None,0.38,1.0,measurement,22.0,None,{'state': None},0.38,235.0
2022-04-23 21:36:43.056828+00:00,None,1.0,26.74,0.0,power,26.74,None,255.0,None,0.0,1.0,measurement,22.0,None,{'state': None},0.38,235.0
2022-04-23 21:36:43.058683+00:00,None,1.0,26.74,0.0,power,26.74,None,255.0,None,0.0,1.0,measurement,22.0,None,{'state': None},0.0,235.0
2022-04-23 21:38:33.052829+00:00,None,1.0,26.74,0.0,power,26.74,None,255.0,None,0.0,1.0,measurement,22.0,None,{'state': None},0.0,228.0
2022-04-23 21:55:41.785118+00:00,None,1.0,26.74,0.0,power,26.74,None,255.0,None,0.39,1.0,measurement,22.0,None,{'state': None},0.0,228.0
2022-04-23 21:55:41.787505+00:00,None,1.0,26.74,0.0,power,26.74,None,255.0,None,0.39,1.0,measurement,22.0,None,{'state': None},0.39,228.0
2022-04-23 21:56:10.425419+00:00,None,1.0,26.74,0.0,power,26.74,None,255.0,None,0.0,1.0,measurement,22.0,None,{'state': None},0.39,228.0
2022-04-23 21:56:10.431642+00:00,None,1.0,26.74,0.0,power,26.74,None,255.0,None,0.0,1.0,measurement,22.0,None,{'state': None},0.0,228.0
2022-04-23 22:03:04.239085+00:00,None,1.0,26.74,0.0,power,26.74,None,239.0,None,0.0,1.0,measurement,22.0,None,{'state': None},0.0,228.0
2022-04-23 22:07:24.416427+00:00,None,1.0,26.74,0.0,power,26.74,None,255.0,None,0.34,1.0,measurement,22.0,None,{'state': None},0.0,228.0
2022-04-23 22:07:24.418602+00:00,None,1.0,26.74,0.0,power,26.74,None,255.0,None,0.34,1.0,measurement,22.0,None,{'state': None},0.34,228.0
2022-04-23 22:07:39.447866+00:00,None,1.0,26.74,0.0,power,26.74,None,239.0,None,0.0,1.0,measurement,22.0,None,{'state': None},0.34,228.0
2022-04-23 22:07:39.454112+00:00,None,1.0,26.74,0.0,power,26.74,None,239.0,None,0.0,1.0,measurement,22.0,None,{'state': None},0.0,228.0
2022-04-23 22:08:23.900529+00:00,None,1.0,26.74,0.0,power,26.74,None,255.0,None,0.0,1.0,measurement,22.0,None,{'state': None},0.0,228.0
2022-04-23 22:16:12.558638+00:00,None,1.0,26.74,0.0,power,26.74,None,255.0,None,0.42,1.0,measurement,22.0,None,{'state': None},0.0,228.0
2022-04-23 22:16:12.560617+00:00,None,1.0,26.74,0.0,power,26.74,None,255.0,None,0.42,1.0,measurement,22.0,None,{'state': None},0.42,228.0
2022-04-23 22:16:27.568498+00:00,None,1.0,26.74,0.0,power,26.74,None,255.0,None,0.0,1.0,measurement,22.0,None,{'state': None},0.42,228.0
2022-04-23 22:16:27.569993+00:00,None,1.0,26.74,0.0,power,26.74,None,255.0,None,0.0,1.0,measurement,22.0,None,{'state': None},0.0,228.0
2022-04-23 22:24:44.564190+00:00,None,1.0,26.74,0.0,power,26.74,None,247.0,None,0.0,1.0,measurement,22.0,None,{'state': None},0.0,228.0
2022-04-23 22:28:26.036821+00:00,None,1.0,26.74,0.0,power,26.74,None,255.0,None,0.35,1.0,measurement,22.0,None,{'state': None},0.0,228.0
2022-04-23 22:28:26.039542+00:00,None,1.0,26.74,0.0,power,26.74,None,255.0,None,0.35,1.0,measurement,22.0,None,{'state': None},0.35,228.0
2022-04-23 22:29:22.074077+00:00,None,1.0,26.74,0.0,power,26.74,None,247.0,None,0.0,1.0,measurement,22.0,None,{'state': None},0.35,228.0
2022-04-23 22:29:22.076708+00:00,None,1.0,26.74,0.0,power,26.74,None,247.0,None,0.0,1.0,measurement,22.0,None,{'state': None},0.0,228.0
2022-04-23 22:38:31.489413+00:00,None,1.0,26.74,0.0,power,26.74,None,239.0,None,0.0,1.0,measurement,22.0,None,{'state': None},0.0,228.0
2022-04-23 22:40:41.828023+00:00,None,1.0,26.74,0.0,power,26.74,None,247.0,None,0.36,1.0,measurement,22.0,None,{'state': None},0.0,228.0
2022-04-23 22:40:41.830170+00:00,None,1.0,26.74,0.0,power,26.74,None,247.0,None,0.36,1.0,measurement,22.0,None,{'state': None},0.36,228.0
2022-04-23 22:40:56.826072+00:00,None,1.0,26.74,0.0,power,26.74,None,247.0,None,0.0,1.0,measurement,22.0,None,{'state': None},0.36,228.0
2022-04-23 22:40:56.827625+00:00,None,1.0,26.74,0.0,power,26.74,None,247.0,None,0.0,1.0,measurement,22.0,None,{'state': None},0.0,228.0
2022-04-23 22:54:22.779260+00:00,None,1.0,26.74,0.0,power,26.74,None,247.0,None,0.35,1.0,measurement,22.0,None,{'state': None},0.0,228.0
2022-04-23 22:54:22.781212+00:00,None,1.0,26.74,0.0,power,26.74,None,247.0,None,0.35,1.0,measurement,22.0,None,{'state': None},0.35,228.0
2022-04-23 22:54:37.801319+00:00,None,1.0,26.74,0.0,power,26.74,None,247.0,None,0.0,1.0,measurement,22.0,None,{'state': None},0.35,228.0
2022-04-23 22:54:37.803204+00:00,None,1.0,26.74,0.0,power,26.74,None,247.0,None,0.0,1.0,measurement,22.0,None,{'state': None},0.0,228.0
2022-04-23 23:01:08.560479+00:00,None,1.0,26.74,0.0,power,26.74,None,255.0,None,0.0,1.0,measurement,22.0,None,{'state': None},0.0,228.0
2022-04-23 23:10:58.251182+00:00,None,1.0,26.74,0.0,power,26.74,None,247.0,None,0.39,1.0,measurement,22.0,None,{'state': None},0.0,228.0
2022-04-23 23:10:58.253524+00:00,None,1.0,26.74,0.0,power,26.74,None,247.0,None,0.39,1.0,measurement,22.0,None,{'state': None},0.39,228.0
2022-04-23 23:11:27.780354+00:00,None,1.0,26.74,0.0,power,26.74,None,255.0,None,0.0,1.0,measurement,22.0,None,{'state': None},0.39,228.0
2022-04-23 23:11:27.783042+00:00,None,1.0,26.74,0.0,power,26.74,None,255.0,None,0.0,1.0,measurement,22.0,None,{'state': None},0.0,228.0
2022-04-23 23:21:53.609166+00:00,None,1.0,26.74,0.0,power,26.74,None,247.0,None,0.0,1.0,measurement,22.0,None,{'state': None},0.0,228.0
2022-04-23 23:27:50.355496+00:00,None,1.0,26.74,0.0,power,26.74,None,239.0,None,0.34,1.0,measurement,22.0,None,{'state': None},0.0,228.0
2022-04-23 23:27:50.357229+00:00,None,1.0,26.74,0.0,power,26.74,None,239.0,None,0.34,1.0,measurement,22.0,None,{'state': None},0.34,228.0
2022-04-23 23:28:19.685454+00:00,None,1.0,26.74,0.0,power,26.74,None,255.0,None,0.0,1.0,measurement,22.0,None,{'state': None},0.34,228.0
2022-04-23 23:28:19.687508+00:00,None,1.0,26.74,0.0,power,26.74,None,255.0,None,0.0,1.0,measurement,22.0,None,{'state': None},0.0,228.0
2022-04-23 23:29:26.051421+00:00,None,1.0,26.74,0.0,power,26.74,None,239.0,None,0.0,1.0,measurement,22.0,None,{'state': None},0.0,228.0
2022-04-23 23:34:33.079388+00:00,None,1.0,26.74,0.0,power,26.74,None,247.0,None,0.0,1.0,measurement,22.0,None,{'state': None},0.0,228.0
2022-04-23 23:39:05.557163+00:00,None,1.0,26.74,0.0,power,26.74,None,247.0,None,0.37,1.0,measurement,22.0,None,{'state': None},0.0,228.0
2022-04-23 23:39:05.559519+00:00,None,1.0,26.74,0.0,power,26.74,None,247.0,None,0.37,1.0,measurement,22.0,None,{'state': None},0.37,228.0
2022-04-23 23:39:31.666432+00:00,None,1.0,26.74,0.0,power,26.74,None,247.0,None,0.0,1.0,measurement,22.0,None,{'state': None},0.37,228.0
2022-04-23 23:39:31.668610+00:00,None,1.0,26.74,0.0,power,26.74,None,247.0,None,0.0,1.0,measurement,22.0,None,{'state': None},0.0,228.0
2022-04-23 23:41:30.543919+00:00,None,1.0,26.74,0.0,power,26.74,None,239.0,None,0.0,1.0,measurement,22.0,None,{'state': None},0.0,228.0
2022-04-23 23:43:45.007620+00:00,None,1.0,26.74,0.0,power,26.74,None,255.0,None,0.41,1.0,measurement,22.0,None,{'state': None},0.0,228.0
2022-04-23 23:43:45.009773+00:00,None,1.0,26.74,0.0,power,26.74,None,255.0,None,0.41,1.0,measurement,22.0,None,{'state': None},0.41,228.0
2022-04-23 23:44:14.928087+00:00,None,1.0,26.74,0.0,power,26.74,None,247.0,None,0.0,1.0,measurement,22.0,None,{'state': None},0.41,228.0
2022-04-23 23:44:14.930474+00:00,None,1.0,26.74,0.0,power,26.74,None,247.0,None,0.0,1.0,measurement,22.0,None,{'state': None},0.0,228.0
2022-04-23 23:47:14.695888+00:00,None,1.0,26.74,0.0,power,26.74,None,247.0,None,0.0,1.0,measurement,22.0,None,{'state': None},0.0,235.0
2022-04-23 23:55:12.728873+00:00,None,1.0,26.74,0.0,power,26.74,None,255.0,None,0.0,1.0,measurement,22.0,None,{'state': None},0.0,228.0
