time,action_str,angle_x_str,angle_y_str,angle_z_str,battery,icon_str,linkquality,sensitivity_str,state,strength,temperature,vibration,voltage
2022-05-08 00:42:53.112534+00:00,None,None,None,None,100.0,mdi:gesture-double-tap,239.0,high,None,2.0,23.0,0.0,3025.0
2022-05-08 01:49:11.121168+00:00,None,None,None,None,100.0,mdi:gesture-double-tap,215.0,high,None,1.0,23.0,0.0,3025.0
2022-05-08 02:34:34.326618+00:00,None,None,None,None,100.0,mdi:gesture-double-tap,255.0,high,None,1.0,23.0,0.0,3025.0
2022-05-08 03:31:31.152949+00:00,None,None,None,None,100.0,mdi:gesture-double-tap,255.0,high,None,2.0,23.0,0.0,3025.0
2022-05-08 04:25:02.189102+00:00,None,None,None,None,100.0,mdi:gesture-double-tap,239.0,high,None,2.0,23.0,0.0,3025.0
2022-05-08 04:25:04.284887+00:00,vibration,None,None,None,100.0,mdi:gesture-double-tap,239.0,high,None,2.0,23.0,1.0,3025.0
2022-05-08 04:25:04.288434+00:00,vibration,None,None,None,100.0,mdi:gesture-double-tap,239.0,high,vibration,2.0,23.0,1.0,3025.0
2022-05-08 04:25:04.298810+00:00,,None,None,None,100.0,mdi:gesture-double-tap,239.0,high,vibration,2.0,23.0,1.0,3025.0
2022-05-08 04:26:34.307139+00:00,None,None,None,None,100.0,mdi:gesture-double-tap,239.0,high,None,2.0,23.0,0.0,3025.0
2022-05-08 04:29:04.541931+00:00,None,None,None,None,100.0,mdi:gesture-double-tap,239.0,high,None,6.0,23.0,0.0,3025.0
2022-05-08 05:18:28.362078+00:00,None,None,None,None,100.0,mdi:gesture-double-tap,255.0,high,None,6.0,23.0,0.0,3025.0
2022-05-08 06:15:06.666998+00:00,None,None,None,None,100.0,mdi:gesture-double-tap,215.0,high,None,6.0,23.0,0.0,3025.0
2022-05-08 07:17:18.308138+00:00,None,None,None,None,100.0,mdi:gesture-double-tap,183.0,high,None,6.0,23.0,0.0,3025.0
2022-05-08 08:15:16.598494+00:00,None,None,None,None,100.0,mdi:gesture-double-tap,255.0,high,None,6.0,23.0,0.0,3025.0
2022-05-08 10:00:24.953678+00:00,vibration,None,None,None,100.0,mdi:gesture-double-tap,255.0,high,None,6.0,23.0,1.0,3025.0
2022-05-08 10:00:24.957814+00:00,vibration,None,None,None,100.0,mdi:gesture-double-tap,255.0,high,vibration,6.0,23.0,1.0,3025.0
2022-05-08 10:00:24.968284+00:00,,None,None,None,100.0,mdi:gesture-double-tap,255.0,high,vibration,6.0,23.0,1.0,3025.0
2022-05-08 10:01:54.975235+00:00,None,None,None,None,100.0,mdi:gesture-double-tap,255.0,high,None,6.0,23.0,0.0,3025.0
2022-05-08 10:04:24.980410+00:00,None,None,None,None,100.0,mdi:gesture-double-tap,255.0,high,None,17.0,23.0,0.0,3025.0
2022-05-08 10:09:25.343186+00:00,None,None,None,None,100.0,mdi:gesture-double-tap,255.0,high,None,16.0,23.0,0.0,3025.0
2022-05-08 11:05:20.337747+00:00,None,None,None,None,100.0,mdi:gesture-double-tap,148.0,high,None,16.0,23.0,0.0,3025.0
2022-05-08 11:24:28.250530+00:00,None,None,None,None,100.0,mdi:gesture-double-tap,255.0,high,None,2.0,23.0,0.0,3025.0
2022-05-08 11:56:45.497002+00:00,None,None,None,None,100.0,mdi:gesture-double-tap,231.0,high,None,2.0,23.0,0.0,3025.0
2022-05-08 12:00:47.475985+00:00,None,None,None,None,100.0,mdi:gesture-double-tap,215.0,high,None,2.0,23.0,0.0,3025.0
2022-05-08 12:49:13.751476+00:00,None,None,None,None,100.0,mdi:gesture-double-tap,239.0,high,None,2.0,23.0,0.0,3025.0
2022-05-08 12:53:15.099403+00:00,None,None,None,None,100.0,mdi:gesture-double-tap,239.0,high,None,5.0,23.0,0.0,3025.0
2022-05-08 13:40:14.875663+00:00,None,None,None,None,100.0,mdi:gesture-double-tap,255.0,high,None,5.0,23.0,0.0,3025.0
2022-05-08 14:23:25.631563+00:00,vibration,None,None,None,100.0,mdi:gesture-double-tap,223.0,high,None,5.0,23.0,1.0,3025.0
2022-05-08 14:23:25.634370+00:00,vibration,None,None,None,100.0,mdi:gesture-double-tap,223.0,high,vibration,5.0,23.0,1.0,3025.0
2022-05-08 14:23:25.636956+00:00,,None,None,None,100.0,mdi:gesture-double-tap,223.0,high,vibration,5.0,23.0,1.0,3025.0
2022-05-08 14:24:55.646801+00:00,None,None,None,None,100.0,mdi:gesture-double-tap,223.0,high,None,5.0,23.0,0.0,3025.0
2022-05-08 14:27:23.570812+00:00,None,None,None,None,100.0,mdi:gesture-double-tap,239.0,high,None,19.0,23.0,0.0,3025.0
2022-05-08 14:31:00.369601+00:00,None,None,None,None,100.0,mdi:gesture-double-tap,215.0,high,None,19.0,24.0,0.0,3025.0
2022-05-08 14:35:01.680863+00:00,None,None,None,None,100.0,mdi:gesture-double-tap,215.0,high,None,5.0,24.0,0.0,3025.0
2022-05-08 15:27:35.699304+00:00,None,None,None,None,100.0,mdi:gesture-double-tap,239.0,high,None,5.0,23.0,0.0,3025.0
2022-05-08 16:28:39.739294+00:00,None,None,None,None,100.0,mdi:gesture-double-tap,255.0,high,None,5.0,23.0,0.0,3025.0
2022-05-08 16:32:41.705284+00:00,None,None,None,None,100.0,mdi:gesture-double-tap,255.0,high,None,2.0,23.0,0.0,3025.0
2022-05-08 17:27:41.356334+00:00,None,None,None,None,100.0,mdi:gesture-double-tap,255.0,high,None,2.0,24.0,0.0,3025.0
2022-05-08 19:28:57.783503+00:00,vibration,None,None,None,100.0,mdi:gesture-double-tap,255.0,high,None,2.0,24.0,1.0,3025.0
2022-05-08 19:28:57.787690+00:00,vibration,None,None,None,100.0,mdi:gesture-double-tap,255.0,high,vibration,2.0,24.0,1.0,3025.0
2022-05-08 19:28:57.800079+00:00,,None,None,None,100.0,mdi:gesture-double-tap,255.0,high,vibration,2.0,24.0,1.0,3025.0
2022-05-08 19:30:27.805805+00:00,None,None,None,None,100.0,mdi:gesture-double-tap,255.0,high,None,2.0,24.0,0.0,3025.0
2022-05-08 19:32:57.988440+00:00,None,None,None,None,100.0,mdi:gesture-double-tap,255.0,high,None,5.0,24.0,0.0,3025.0
2022-05-08 20:25:17.987136+00:00,None,None,None,None,100.0,mdi:gesture-double-tap,255.0,high,None,5.0,23.0,0.0,3025.0
2022-05-08 20:29:20.001344+00:00,None,None,None,None,100.0,mdi:gesture-double-tap,255.0,high,None,2.0,23.0,0.0,3025.0
2022-05-08 21:10:36.223263+00:00,vibration,None,None,None,100.0,mdi:gesture-double-tap,255.0,high,None,2.0,23.0,1.0,3025.0
2022-05-08 21:10:36.226398+00:00,vibration,None,None,None,100.0,mdi:gesture-double-tap,255.0,high,vibration,2.0,23.0,1.0,3025.0
2022-05-08 21:10:36.229076+00:00,,None,None,None,100.0,mdi:gesture-double-tap,255.0,high,vibration,2.0,23.0,1.0,3025.0
2022-05-08 21:12:06.242989+00:00,None,None,None,None,100.0,mdi:gesture-double-tap,255.0,high,None,2.0,23.0,0.0,3025.0
2022-05-08 21:14:34.470832+00:00,None,None,None,None,100.0,mdi:gesture-double-tap,255.0,high,None,19.0,23.0,0.0,3025.0
2022-05-08 21:17:49.233760+00:00,None,None,None,None,100.0,mdi:gesture-double-tap,255.0,high,None,19.0,24.0,0.0,3025.0
2022-05-08 21:21:51.265867+00:00,None,None,None,None,100.0,mdi:gesture-double-tap,255.0,high,None,2.0,24.0,0.0,3025.0
2022-05-08 22:20:26.984412+00:00,None,None,None,None,100.0,mdi:gesture-double-tap,255.0,high,None,5.0,24.0,0.0,3025.0
