time,auto_off_str,consumer_connected,consumption,current,device_class_str,energy,illuminance,illuminance_lux,led_disabled_night_str,linkquality,overload_protection_str,power,power_outage_count,power_outage_memory_str,state_class_str,temperature,update_available_str,update_str,value,voltage
2022-06-13 00:00:02.886395+00:00,None,1.0,46.72,0.0028,power,46.72,0.0,0.0,None,255.0,None,0.63,7.0,None,measurement,28.0,None,{'state': None},0.81,223.0
2022-06-13 00:00:02.891325+00:00,None,1.0,46.72,0.0028,power,46.72,0.0,0.0,None,255.0,None,0.63,7.0,None,measurement,28.0,None,{'state': None},0.63,223.0
2022-06-13 00:08:03.176565+00:00,None,1.0,46.72,0.003,power,46.72,0.0,0.0,None,255.0,None,0.66,7.0,None,measurement,28.0,None,{'state': None},0.63,223.0
2022-06-13 00:08:03.181732+00:00,None,1.0,46.72,0.003,power,46.72,0.0,0.0,None,255.0,None,0.66,7.0,None,measurement,28.0,None,{'state': None},0.66,223.0
2022-06-13 00:15:41.145993+00:00,None,1.0,46.72,0.007,power,46.72,0.0,0.0,None,255.0,None,1.61,7.0,None,measurement,28.0,None,{'state': None},0.66,230.0
2022-06-13 00:15:41.149649+00:00,None,1.0,46.72,0.007,power,46.72,0.0,0.0,None,255.0,None,1.61,7.0,None,measurement,28.0,None,{'state': None},1.61,230.0
2022-06-13 00:22:35.899819+00:00,None,1.0,46.72,0.0071,power,46.72,0.0,0.0,None,255.0,None,1.64,7.0,None,measurement,28.0,None,{'state': None},1.61,230.0
2022-06-13 00:22:35.906451+00:00,None,1.0,46.72,0.0071,power,46.72,0.0,0.0,None,255.0,None,1.64,7.0,None,measurement,28.0,None,{'state': None},1.64,230.0
2022-06-13 00:28:44.273419+00:00,None,1.0,46.72,0.0071,power,46.72,0.0,0.0,None,255.0,None,1.59,7.0,None,measurement,28.0,None,{'state': None},1.64,223.0
2022-06-13 00:28:44.281138+00:00,None,1.0,46.72,0.0071,power,46.72,0.0,0.0,None,255.0,None,1.59,7.0,None,measurement,28.0,None,{'state': None},1.59,223.0
2022-06-13 00:35:45.470750+00:00,None,1.0,46.72,0.0074,power,46.72,0.0,0.0,None,255.0,None,1.66,7.0,None,measurement,28.0,None,{'state': None},1.59,223.0
2022-06-13 00:35:45.476447+00:00,None,1.0,46.72,0.0074,power,46.72,0.0,0.0,None,255.0,None,1.66,7.0,None,measurement,28.0,None,{'state': None},1.66,223.0
2022-06-13 00:42:11.687932+00:00,None,1.0,46.72,0.0076,power,46.72,0.0,0.0,None,255.0,None,1.7,7.0,None,measurement,28.0,None,{'state': None},1.66,223.0
2022-06-13 00:42:11.694455+00:00,None,1.0,46.72,0.0076,power,46.72,0.0,0.0,None,255.0,None,1.7,7.0,None,measurement,28.0,None,{'state': None},1.7,223.0
2022-06-13 00:49:43.104079+00:00,None,1.0,46.72,0.0071,power,46.72,0.0,0.0,None,255.0,None,1.58,7.0,None,measurement,28.0,None,{'state': None},1.7,223.0
2022-06-13 00:49:43.110094+00:00,None,1.0,46.72,0.0071,power,46.72,0.0,0.0,None,255.0,None,1.58,7.0,None,measurement,28.0,None,{'state': None},1.58,223.0
2022-06-13 00:56:57.400334+00:00,None,1.0,46.72,0.0077,power,46.72,0.0,0.0,None,255.0,None,1.72,7.0,None,measurement,28.0,None,{'state': None},1.58,223.0
2022-06-13 00:56:57.406699+00:00,None,1.0,46.72,0.0077,power,46.72,0.0,0.0,None,255.0,None,1.72,7.0,None,measurement,28.0,None,{'state': None},1.72,223.0
2022-06-13 01:04:31.893389+00:00,None,1.0,46.72,0.0068,power,46.72,0.0,0.0,None,255.0,None,1.56,7.0,None,measurement,28.0,None,{'state': None},1.72,230.0
2022-06-13 01:04:31.900361+00:00,None,1.0,46.72,0.0068,power,46.72,0.0,0.0,None,255.0,None,1.56,7.0,None,measurement,28.0,None,{'state': None},1.56,230.0
2022-06-13 01:12:05.451789+00:00,None,1.0,46.72,0.0099,power,46.72,0.0,0.0,None,255.0,None,2.29,7.0,None,measurement,28.0,None,{'state': None},1.56,230.0
2022-06-13 01:12:05.461324+00:00,None,1.0,46.72,0.0099,power,46.72,0.0,0.0,None,255.0,None,2.29,7.0,None,measurement,28.0,None,{'state': None},2.29,230.0
2022-06-13 01:20:03.506783+00:00,None,1.0,46.72,0.0071,power,46.72,0.0,0.0,None,255.0,None,1.62,7.0,None,measurement,28.0,None,{'state': None},2.29,230.0
2022-06-13 01:20:03.515095+00:00,None,1.0,46.72,0.0071,power,46.72,0.0,0.0,None,255.0,None,1.62,7.0,None,measurement,28.0,None,{'state': None},1.62,230.0
2022-06-13 01:27:11.850923+00:00,None,1.0,46.72,0.0074,power,46.72,0.0,0.0,None,255.0,None,1.69,7.0,None,measurement,28.0,None,{'state': None},1.62,230.0
2022-06-13 01:27:11.857791+00:00,None,1.0,46.72,0.0074,power,46.72,0.0,0.0,None,255.0,None,1.69,7.0,None,measurement,28.0,None,{'state': None},1.69,230.0
2022-06-13 01:34:41.268244+00:00,None,1.0,46.72,0.0069,power,46.72,0.0,0.0,None,255.0,None,1.59,7.0,None,measurement,28.0,None,{'state': None},1.69,230.0
2022-06-13 01:34:41.275208+00:00,None,1.0,46.72,0.0069,power,46.72,0.0,0.0,None,255.0,None,1.59,7.0,None,measurement,28.0,None,{'state': None},1.59,230.0
2022-06-13 01:48:38.715911+00:00,None,1.0,46.72,0.007,power,46.72,0.0,0.0,None,255.0,None,1.61,7.0,None,measurement,28.0,None,{'state': None},1.59,230.0
2022-06-13 01:48:38.722517+00:00,None,1.0,46.72,0.007,power,46.72,0.0,0.0,None,255.0,None,1.61,7.0,None,measurement,28.0,None,{'state': None},1.61,230.0
2022-06-13 01:55:12.382616+00:00,None,1.0,46.72,0.0069,power,46.72,0.0,0.0,None,255.0,None,1.6,7.0,None,measurement,28.0,None,{'state': None},1.61,230.0
2022-06-13 01:55:12.387891+00:00,None,1.0,46.72,0.0069,power,46.72,0.0,0.0,None,255.0,None,1.6,7.0,None,measurement,28.0,None,{'state': None},1.6,230.0
2022-06-13 02:01:50.604996+00:00,None,1.0,46.72,0.0077,power,46.72,0.0,0.0,None,255.0,None,1.78,7.0,None,measurement,28.0,None,{'state': None},1.6,230.0
2022-06-13 02:01:50.612283+00:00,None,1.0,46.72,0.0077,power,46.72,0.0,0.0,None,255.0,None,1.78,7.0,None,measurement,28.0,None,{'state': None},1.78,230.0
2022-06-13 02:06:55.167797+00:00,None,1.0,46.72,0.0071,power,46.72,0.0,0.0,None,255.0,None,1.58,7.0,None,measurement,28.0,None,{'state': None},1.78,223.0
2022-06-13 02:06:55.174206+00:00,None,1.0,46.72,0.0071,power,46.72,0.0,0.0,None,255.0,None,1.58,7.0,None,measurement,28.0,None,{'state': None},1.58,223.0
2022-06-13 02:14:16.026060+00:00,None,1.0,46.72,0.0071,power,46.72,0.0,0.0,None,255.0,None,1.64,7.0,None,measurement,28.0,None,{'state': None},1.58,230.0
2022-06-13 02:14:16.033839+00:00,None,1.0,46.72,0.0071,power,46.72,0.0,0.0,None,255.0,None,1.64,7.0,None,measurement,28.0,None,{'state': None},1.64,230.0
2022-06-13 02:19:50.727267+00:00,None,1.0,46.72,0.0073,power,46.72,0.0,0.0,None,255.0,None,1.62,7.0,None,measurement,28.0,None,{'state': None},1.64,223.0
2022-06-13 02:19:50.733483+00:00,None,1.0,46.72,0.0073,power,46.72,0.0,0.0,None,255.0,None,1.62,7.0,None,measurement,28.0,None,{'state': None},1.62,223.0
2022-06-13 02:24:58.304242+00:00,None,1.0,46.72,0.0072,power,46.72,0.0,0.0,None,255.0,None,1.61,7.0,None,measurement,28.0,None,{'state': None},1.62,223.0
2022-06-13 02:24:58.309048+00:00,None,1.0,46.72,0.0072,power,46.72,0.0,0.0,None,255.0,None,1.61,7.0,None,measurement,28.0,None,{'state': None},1.61,223.0
2022-06-13 02:32:47.783653+00:00,None,1.0,46.72,0.0069,power,46.72,0.0,0.0,None,255.0,None,1.6,7.0,None,measurement,28.0,None,{'state': None},1.61,230.0
2022-06-13 02:32:47.790114+00:00,None,1.0,46.72,0.0069,power,46.72,0.0,0.0,None,255.0,None,1.6,7.0,None,measurement,28.0,None,{'state': None},1.6,230.0
2022-06-13 02:38:05.052140+00:00,None,1.0,46.72,0.007,power,46.72,0.0,0.0,None,255.0,None,1.6,7.0,None,measurement,28.0,None,{'state': None},1.6,230.0
2022-06-13 02:46:00.492788+00:00,None,1.0,46.72,0.0071,power,46.72,0.0,0.0,None,255.0,None,1.63,7.0,None,measurement,28.0,None,{'state': None},1.6,230.0
2022-06-13 02:46:00.496867+00:00,None,1.0,46.72,0.0071,power,46.72,0.0,0.0,None,255.0,None,1.63,7.0,None,measurement,28.0,None,{'state': None},1.63,230.0
2022-06-13 02:52:35.457034+00:00,None,1.0,46.72,0.0071,power,46.72,0.0,0.0,None,255.0,None,1.62,7.0,None,measurement,28.0,None,{'state': None},1.63,230.0
2022-06-13 02:52:35.462078+00:00,None,1.0,46.72,0.0071,power,46.72,0.0,0.0,None,255.0,None,1.62,7.0,None,measurement,28.0,None,{'state': None},1.62,230.0
2022-06-13 03:00:16.711369+00:00,None,1.0,46.72,0.007,power,46.72,0.0,0.0,None,255.0,None,1.61,7.0,None,measurement,28.0,None,{'state': None},1.62,230.0
2022-06-13 03:00:16.719124+00:00,None,1.0,46.72,0.007,power,46.72,0.0,0.0,None,255.0,None,1.61,7.0,None,measurement,28.0,None,{'state': None},1.61,230.0
2022-06-13 03:13:49.745382+00:00,None,1.0,46.72,0.0071,power,46.72,0.0,0.0,None,255.0,None,1.64,7.0,None,measurement,28.0,None,{'state': None},1.61,230.0
2022-06-13 03:13:49.749776+00:00,None,1.0,46.72,0.0071,power,46.72,0.0,0.0,None,255.0,None,1.64,7.0,None,measurement,28.0,None,{'state': None},1.64,230.0
2022-06-13 03:25:29.201158+00:00,None,1.0,46.72,0.0069,power,46.72,0.0,0.0,None,255.0,None,1.54,7.0,None,measurement,28.0,None,{'state': None},1.64,223.0
2022-06-13 03:25:29.208499+00:00,None,1.0,46.72,0.0069,power,46.72,0.0,0.0,None,255.0,None,1.54,7.0,None,measurement,28.0,None,{'state': None},1.54,223.0
2022-06-13 03:30:34.058729+00:00,None,1.0,46.72,0.0072,power,46.72,0.0,0.0,None,255.0,None,1.61,7.0,None,measurement,28.0,None,{'state': None},1.54,223.0
2022-06-13 03:30:34.065175+00:00,None,1.0,46.72,0.0072,power,46.72,0.0,0.0,None,255.0,None,1.61,7.0,None,measurement,28.0,None,{'state': None},1.61,223.0
2022-06-13 03:37:51.887753+00:00,None,1.0,46.72,0.0086,power,46.72,0.0,0.0,None,255.0,None,1.92,7.0,None,measurement,28.0,None,{'state': None},1.61,223.0
2022-06-13 03:37:51.894670+00:00,None,1.0,46.72,0.0086,power,46.72,0.0,0.0,None,255.0,None,1.92,7.0,None,measurement,28.0,None,{'state': None},1.92,223.0
2022-06-13 03:43:01.984966+00:00,None,1.0,46.72,0.0072,power,46.72,0.0,0.0,None,255.0,None,1.61,7.0,None,measurement,28.0,None,{'state': None},1.92,223.0
2022-06-13 03:43:01.991395+00:00,None,1.0,46.72,0.0072,power,46.72,0.0,0.0,None,255.0,None,1.61,7.0,None,measurement,28.0,None,{'state': None},1.61,223.0
2022-06-13 03:50:23.343900+00:00,None,1.0,46.72,0.008,power,46.72,0.0,0.0,None,255.0,None,1.79,7.0,None,measurement,28.0,None,{'state': None},1.61,223.0
2022-06-13 03:50:23.348986+00:00,None,1.0,46.72,0.008,power,46.72,0.0,0.0,None,255.0,None,1.79,7.0,None,measurement,28.0,None,{'state': None},1.79,223.0
2022-06-13 03:57:38.272758+00:00,None,1.0,46.72,0.0074,power,46.72,0.0,0.0,None,255.0,None,1.65,7.0,None,measurement,28.0,None,{'state': None},1.79,223.0
2022-06-13 03:57:38.278922+00:00,None,1.0,46.72,0.0074,power,46.72,0.0,0.0,None,255.0,None,1.65,7.0,None,measurement,28.0,None,{'state': None},1.65,223.0
2022-06-13 04:04:24.143483+00:00,None,1.0,46.72,0.0075,power,46.72,0.0,0.0,None,255.0,None,1.68,7.0,None,measurement,28.0,None,{'state': None},1.65,223.0
2022-06-13 04:04:24.152079+00:00,None,1.0,46.72,0.0075,power,46.72,0.0,0.0,None,255.0,None,1.68,7.0,None,measurement,28.0,None,{'state': None},1.68,223.0
2022-06-13 04:10:40.878203+00:00,None,1.0,46.72,0.007,power,46.72,0.0,0.0,None,255.0,None,1.57,7.0,None,measurement,28.0,None,{'state': None},1.68,223.0
2022-06-13 04:10:40.883375+00:00,None,1.0,46.72,0.007,power,46.72,0.0,0.0,None,255.0,None,1.57,7.0,None,measurement,28.0,None,{'state': None},1.57,223.0
2022-06-13 04:18:28.127310+00:00,None,1.0,46.72,0.0073,power,46.72,0.0,0.0,None,255.0,None,1.63,7.0,None,measurement,28.0,None,{'state': None},1.57,223.0
2022-06-13 04:18:28.134243+00:00,None,1.0,46.72,0.0073,power,46.72,0.0,0.0,None,255.0,None,1.63,7.0,None,measurement,28.0,None,{'state': None},1.63,223.0
2022-06-13 04:25:46.462088+00:00,None,1.0,46.72,0.0076,power,46.72,0.0,0.0,None,255.0,None,1.69,7.0,None,measurement,28.0,None,{'state': None},1.63,223.0
2022-06-13 04:25:46.467944+00:00,None,1.0,46.72,0.0076,power,46.72,0.0,0.0,None,255.0,None,1.69,7.0,None,measurement,28.0,None,{'state': None},1.69,223.0
2022-06-13 04:31:22.375044+00:00,None,1.0,46.72,0.0071,power,46.72,0.0,0.0,None,255.0,None,1.59,7.0,None,measurement,28.0,None,{'state': None},1.69,223.0
2022-06-13 04:31:22.382736+00:00,None,1.0,46.72,0.0071,power,46.72,0.0,0.0,None,255.0,None,1.59,7.0,None,measurement,28.0,None,{'state': None},1.59,223.0
2022-06-13 04:36:51.312985+00:00,None,1.0,46.72,0.0073,power,46.72,0.0,0.0,None,255.0,None,1.62,7.0,None,measurement,28.0,None,{'state': None},1.59,223.0
2022-06-13 04:36:51.316671+00:00,None,1.0,46.72,0.0073,power,46.72,0.0,0.0,None,255.0,None,1.62,7.0,None,measurement,28.0,None,{'state': None},1.62,223.0
2022-06-13 04:44:10.683139+00:00,None,1.0,46.72,0.0074,power,46.72,0.0,0.0,None,255.0,None,1.65,7.0,None,measurement,28.0,None,{'state': None},1.62,223.0
2022-06-13 04:44:10.689260+00:00,None,1.0,46.72,0.0074,power,46.72,0.0,0.0,None,255.0,None,1.65,7.0,None,measurement,28.0,None,{'state': None},1.65,223.0
2022-06-13 04:51:37.485222+00:00,None,1.0,46.73,0.0107,power,46.73,0.0,0.0,None,255.0,None,2.38,7.0,None,measurement,28.0,None,{'state': None},1.65,223.0
2022-06-13 04:51:37.493002+00:00,None,1.0,46.73,0.0107,power,46.73,0.0,0.0,None,255.0,None,2.38,7.0,None,measurement,28.0,None,{'state': None},2.38,223.0
2022-06-13 04:58:14.984729+00:00,None,1.0,46.73,0.0077,power,46.73,0.0,0.0,None,255.0,None,1.72,7.0,None,measurement,28.0,None,{'state': None},2.38,223.0
2022-06-13 04:58:14.992683+00:00,None,1.0,46.73,0.0077,power,46.73,0.0,0.0,None,255.0,None,1.72,7.0,None,measurement,28.0,None,{'state': None},1.72,223.0
2022-06-13 05:05:36.859302+00:00,None,1.0,46.73,0.0073,power,46.73,0.0,0.0,None,255.0,None,1.62,7.0,None,measurement,28.0,None,{'state': None},1.72,223.0
2022-06-13 05:05:36.864413+00:00,None,1.0,46.73,0.0073,power,46.73,0.0,0.0,None,255.0,None,1.62,7.0,None,measurement,28.0,None,{'state': None},1.62,223.0
2022-06-13 05:12:21.120294+00:00,None,1.0,46.73,0.0073,power,46.73,0.0,0.0,None,255.0,None,1.63,7.0,None,measurement,28.0,None,{'state': None},1.62,223.0
2022-06-13 05:12:21.126032+00:00,None,1.0,46.73,0.0073,power,46.73,0.0,0.0,None,255.0,None,1.63,7.0,None,measurement,28.0,None,{'state': None},1.63,223.0
2022-06-13 05:27:48.274599+00:00,None,1.0,46.73,0.0076,power,46.73,0.0,0.0,None,255.0,None,1.69,7.0,None,measurement,28.0,None,{'state': None},1.63,223.0
2022-06-13 05:27:48.281947+00:00,None,1.0,46.73,0.0076,power,46.73,0.0,0.0,None,255.0,None,1.69,7.0,None,measurement,28.0,None,{'state': None},1.69,223.0
2022-06-13 05:34:26.895637+00:00,None,1.0,46.73,0.0071,power,46.73,0.0,0.0,None,255.0,None,1.59,7.0,None,measurement,28.0,None,{'state': None},1.69,223.0
2022-06-13 05:34:26.901850+00:00,None,1.0,46.73,0.0071,power,46.73,0.0,0.0,None,255.0,None,1.59,7.0,None,measurement,28.0,None,{'state': None},1.59,223.0
2022-06-13 05:41:34.349152+00:00,None,1.0,46.73,0.0075,power,46.73,0.0,0.0,None,255.0,None,1.68,7.0,None,measurement,28.0,None,{'state': None},1.59,223.0
2022-06-13 05:41:34.356174+00:00,None,1.0,46.73,0.0075,power,46.73,0.0,0.0,None,255.0,None,1.68,7.0,None,measurement,28.0,None,{'state': None},1.68,223.0
2022-06-13 05:46:44.229874+00:00,None,1.0,46.73,0.01,power,46.73,0.0,0.0,None,255.0,None,2.31,7.0,None,measurement,28.0,None,{'state': None},1.68,230.0
2022-06-13 05:46:44.234534+00:00,None,1.0,46.73,0.01,power,46.73,0.0,0.0,None,255.0,None,2.31,7.0,None,measurement,28.0,None,{'state': None},2.31,230.0
2022-06-13 05:52:24.573781+00:00,None,1.0,46.73,0.0072,power,46.73,0.0,0.0,None,255.0,None,1.66,7.0,None,measurement,28.0,None,{'state': None},2.31,230.0
2022-06-13 05:52:24.579898+00:00,None,1.0,46.73,0.0072,power,46.73,0.0,0.0,None,255.0,None,1.66,7.0,None,measurement,28.0,None,{'state': None},1.66,230.0
2022-06-13 05:58:27.624741+00:00,None,1.0,46.73,0.007,power,46.73,0.0,0.0,None,255.0,None,1.57,7.0,None,measurement,28.0,None,{'state': None},1.66,223.0
2022-06-13 05:58:27.630918+00:00,None,1.0,46.73,0.007,power,46.73,0.0,0.0,None,255.0,None,1.57,7.0,None,measurement,28.0,None,{'state': None},1.57,223.0
2022-06-13 06:05:52.980251+00:00,None,1.0,46.73,0.0077,power,46.73,0.0,0.0,None,255.0,None,1.71,7.0,None,measurement,28.0,None,{'state': None},1.57,223.0
2022-06-13 06:05:52.985412+00:00,None,1.0,46.73,0.0077,power,46.73,0.0,0.0,None,255.0,None,1.71,7.0,None,measurement,28.0,None,{'state': None},1.71,223.0
2022-06-13 06:13:15.990956+00:00,None,1.0,46.73,0.0076,power,46.73,0.0,0.0,None,255.0,None,1.71,7.0,None,measurement,28.0,None,{'state': None},1.71,223.0
2022-06-13 06:21:18.469232+00:00,None,1.0,46.73,0.007,power,46.73,0.0,0.0,None,255.0,None,1.55,7.0,None,measurement,28.0,None,{'state': None},1.71,223.0
2022-06-13 06:21:18.474013+00:00,None,1.0,46.73,0.007,power,46.73,0.0,0.0,None,255.0,None,1.55,7.0,None,measurement,28.0,None,{'state': None},1.55,223.0
2022-06-13 06:26:48.825839+00:00,None,1.0,46.73,0.007,power,46.73,0.0,0.0,None,255.0,None,1.6,7.0,None,measurement,28.0,None,{'state': None},1.55,230.0
2022-06-13 06:26:48.832262+00:00,None,1.0,46.73,0.007,power,46.73,0.0,0.0,None,255.0,None,1.6,7.0,None,measurement,28.0,None,{'state': None},1.6,230.0
2022-06-13 06:34:02.342077+00:00,None,1.0,46.73,0.0071,power,46.73,0.0,0.0,None,255.0,None,1.58,7.0,None,measurement,28.0,None,{'state': None},1.6,223.0
2022-06-13 06:34:02.346437+00:00,None,1.0,46.73,0.0071,power,46.73,0.0,0.0,None,255.0,None,1.58,7.0,None,measurement,28.0,None,{'state': None},1.58,223.0
2022-06-13 06:40:41.948264+00:00,None,1.0,46.73,0.007,power,46.73,0.0,0.0,None,255.0,None,1.57,7.0,None,measurement,28.0,None,{'state': None},1.58,223.0
2022-06-13 06:40:41.954290+00:00,None,1.0,46.73,0.007,power,46.73,0.0,0.0,None,255.0,None,1.57,7.0,None,measurement,28.0,None,{'state': None},1.57,223.0
2022-06-13 06:45:44.900123+00:00,None,1.0,46.73,0.0073,power,46.73,0.0,0.0,None,255.0,None,1.63,7.0,None,measurement,28.0,None,{'state': None},1.57,223.0
2022-06-13 06:45:44.906616+00:00,None,1.0,46.73,0.0073,power,46.73,0.0,0.0,None,255.0,None,1.63,7.0,None,measurement,28.0,None,{'state': None},1.63,223.0
2022-06-13 06:52:53.352483+00:00,None,1.0,46.73,0.0073,power,46.73,0.0,0.0,None,255.0,None,1.62,7.0,None,measurement,28.0,None,{'state': None},1.63,223.0
2022-06-13 06:52:53.356589+00:00,None,1.0,46.73,0.0073,power,46.73,0.0,0.0,None,255.0,None,1.62,7.0,None,measurement,28.0,None,{'state': None},1.62,223.0
2022-06-13 06:59:42.748034+00:00,None,1.0,46.73,0.0081,power,46.73,0.0,0.0,None,255.0,None,1.8,7.0,None,measurement,28.0,None,{'state': None},1.62,223.0
2022-06-13 06:59:42.754581+00:00,None,1.0,46.73,0.0081,power,46.73,0.0,0.0,None,255.0,None,1.8,7.0,None,measurement,28.0,None,{'state': None},1.8,223.0
2022-06-13 07:06:44.659756+00:00,None,1.0,46.73,0.007,power,46.73,0.0,0.0,None,255.0,None,1.57,7.0,None,measurement,28.0,None,{'state': None},1.8,223.0
2022-06-13 07:06:44.665033+00:00,None,1.0,46.73,0.007,power,46.73,0.0,0.0,None,255.0,None,1.57,7.0,None,measurement,28.0,None,{'state': None},1.57,223.0
2022-06-13 07:13:09.554031+00:00,None,1.0,46.73,0.0079,power,46.73,0.0,0.0,None,255.0,None,1.75,7.0,None,measurement,28.0,None,{'state': None},1.57,223.0
2022-06-13 07:13:09.559257+00:00,None,1.0,46.73,0.0079,power,46.73,0.0,0.0,None,255.0,None,1.75,7.0,None,measurement,28.0,None,{'state': None},1.75,223.0
2022-06-13 07:20:23.156550+00:00,None,1.0,46.73,0.0072,power,46.73,0.0,0.0,None,255.0,None,1.6,7.0,None,measurement,28.0,None,{'state': None},1.75,223.0
2022-06-13 07:20:23.163645+00:00,None,1.0,46.73,0.0072,power,46.73,0.0,0.0,None,255.0,None,1.6,7.0,None,measurement,28.0,None,{'state': None},1.6,223.0
2022-06-13 07:26:04.017137+00:00,None,1.0,46.73,0.0077,power,46.73,0.0,0.0,None,255.0,None,1.72,7.0,None,measurement,28.0,None,{'state': None},1.6,223.0
2022-06-13 07:26:04.023465+00:00,None,1.0,46.73,0.0077,power,46.73,0.0,0.0,None,255.0,None,1.72,7.0,None,measurement,28.0,None,{'state': None},1.72,223.0
2022-06-13 07:32:50.991550+00:00,None,1.0,46.73,0.0069,power,46.73,0.0,0.0,None,255.0,None,1.55,7.0,None,measurement,28.0,None,{'state': None},1.72,223.0
2022-06-13 07:32:50.997904+00:00,None,1.0,46.73,0.0069,power,46.73,0.0,0.0,None,255.0,None,1.55,7.0,None,measurement,28.0,None,{'state': None},1.55,223.0
2022-06-13 07:38:40.217843+00:00,None,1.0,46.73,0.0074,power,46.73,0.0,0.0,None,255.0,None,1.66,7.0,None,measurement,28.0,None,{'state': None},1.55,223.0
2022-06-13 07:38:40.225165+00:00,None,1.0,46.73,0.0074,power,46.73,0.0,0.0,None,255.0,None,1.66,7.0,None,measurement,28.0,None,{'state': None},1.66,223.0
2022-06-13 07:44:35.776403+00:00,None,1.0,46.73,0.008,power,46.73,0.0,0.0,None,255.0,None,1.78,7.0,None,measurement,28.0,None,{'state': None},1.66,223.0
2022-06-13 07:44:35.783260+00:00,None,1.0,46.73,0.008,power,46.73,0.0,0.0,None,255.0,None,1.78,7.0,None,measurement,28.0,None,{'state': None},1.78,223.0
2022-06-13 07:50:47.189840+00:00,None,1.0,46.73,0.0071,power,46.73,0.0,0.0,None,255.0,None,1.58,7.0,None,measurement,28.0,None,{'state': None},1.78,223.0
2022-06-13 07:50:47.198530+00:00,None,1.0,46.73,0.0071,power,46.73,0.0,0.0,None,255.0,None,1.58,7.0,None,measurement,28.0,None,{'state': None},1.58,223.0
2022-06-13 07:56:20.178058+00:00,None,1.0,46.73,0.0073,power,46.73,0.0,0.0,None,255.0,None,1.62,7.0,None,measurement,28.0,None,{'state': None},1.58,223.0
2022-06-13 07:56:20.186596+00:00,None,1.0,46.73,0.0073,power,46.73,0.0,0.0,None,255.0,None,1.62,7.0,None,measurement,28.0,None,{'state': None},1.62,223.0
2022-06-13 08:09:02.215871+00:00,None,1.0,46.73,0.0075,power,46.73,0.0,0.0,None,255.0,None,1.68,7.0,None,measurement,28.0,None,{'state': None},1.62,223.0
2022-06-13 08:09:02.222595+00:00,None,1.0,46.73,0.0075,power,46.73,0.0,0.0,None,255.0,None,1.68,7.0,None,measurement,28.0,None,{'state': None},1.68,223.0
2022-06-13 08:14:06.287785+00:00,None,1.0,46.73,0.0077,power,46.73,0.0,0.0,None,255.0,None,1.73,7.0,None,measurement,28.0,None,{'state': None},1.68,223.0
2022-06-13 08:14:06.291444+00:00,None,1.0,46.73,0.0077,power,46.73,0.0,0.0,None,255.0,None,1.73,7.0,None,measurement,28.0,None,{'state': None},1.73,223.0
2022-06-13 08:19:53.972329+00:00,None,1.0,46.73,0.0075,power,46.73,0.0,0.0,None,255.0,None,1.68,7.0,None,measurement,28.0,None,{'state': None},1.73,223.0
2022-06-13 08:19:53.979865+00:00,None,1.0,46.73,0.0075,power,46.73,0.0,0.0,None,255.0,None,1.68,7.0,None,measurement,28.0,None,{'state': None},1.68,223.0
2022-06-13 08:25:47.830993+00:00,None,1.0,46.73,0.0072,power,46.73,0.0,0.0,None,255.0,None,1.61,7.0,None,measurement,28.0,None,{'state': None},1.68,223.0
2022-06-13 08:25:47.837867+00:00,None,1.0,46.73,0.0072,power,46.73,0.0,0.0,None,255.0,None,1.61,7.0,None,measurement,28.0,None,{'state': None},1.61,223.0
2022-06-13 08:33:02.131635+00:00,None,1.0,46.73,0.0073,power,46.73,0.0,0.0,None,255.0,None,1.63,7.0,None,measurement,28.0,None,{'state': None},1.61,223.0
2022-06-13 08:33:02.138950+00:00,None,1.0,46.73,0.0073,power,46.73,0.0,0.0,None,255.0,None,1.63,7.0,None,measurement,28.0,None,{'state': None},1.63,223.0
2022-06-13 08:38:19.789455+00:00,None,1.0,46.73,0.007,power,46.73,0.0,0.0,None,255.0,None,1.56,7.0,None,measurement,28.0,None,{'state': None},1.63,223.0
2022-06-13 08:38:19.795862+00:00,None,1.0,46.73,0.007,power,46.73,0.0,0.0,None,255.0,None,1.56,7.0,None,measurement,28.0,None,{'state': None},1.56,223.0
2022-06-13 08:44:59.315973+00:00,None,1.0,46.73,0.0083,power,46.73,0.0,0.0,None,255.0,None,1.86,7.0,None,measurement,28.0,None,{'state': None},1.56,223.0
2022-06-13 08:44:59.323042+00:00,None,1.0,46.73,0.0083,power,46.73,0.0,0.0,None,255.0,None,1.86,7.0,None,measurement,28.0,None,{'state': None},1.86,223.0
2022-06-13 08:50:15.565047+00:00,None,1.0,46.73,0.0074,power,46.73,0.0,0.0,None,255.0,None,1.66,7.0,None,measurement,28.0,None,{'state': None},1.86,223.0
2022-06-13 08:50:15.571007+00:00,None,1.0,46.73,0.0074,power,46.73,0.0,0.0,None,255.0,None,1.66,7.0,None,measurement,28.0,None,{'state': None},1.66,223.0
2022-06-13 08:57:25.926035+00:00,None,1.0,46.73,0.0075,power,46.73,0.0,0.0,None,255.0,None,1.68,7.0,None,measurement,28.0,None,{'state': None},1.66,223.0
2022-06-13 08:57:25.931702+00:00,None,1.0,46.73,0.0075,power,46.73,0.0,0.0,None,255.0,None,1.68,7.0,None,measurement,28.0,None,{'state': None},1.68,223.0
2022-06-13 09:04:58.819020+00:00,None,1.0,46.73,0.0071,power,46.73,0.0,0.0,None,255.0,None,1.59,7.0,None,measurement,28.0,None,{'state': None},1.68,223.0
2022-06-13 09:04:58.828091+00:00,None,1.0,46.73,0.0071,power,46.73,0.0,0.0,None,255.0,None,1.59,7.0,None,measurement,28.0,None,{'state': None},1.59,223.0
2022-06-13 09:12:33.359988+00:00,None,1.0,46.73,0.0076,power,46.73,0.0,0.0,None,255.0,None,1.69,7.0,None,measurement,28.0,None,{'state': None},1.59,223.0
2022-06-13 09:12:33.366033+00:00,None,1.0,46.73,0.0076,power,46.73,0.0,0.0,None,255.0,None,1.69,7.0,None,measurement,28.0,None,{'state': None},1.69,223.0
2022-06-13 09:18:40.913435+00:00,None,1.0,46.73,0.0073,power,46.73,0.0,0.0,None,255.0,None,1.64,7.0,None,measurement,28.0,None,{'state': None},1.69,223.0
2022-06-13 09:18:40.918767+00:00,None,1.0,46.73,0.0073,power,46.73,0.0,0.0,None,255.0,None,1.64,7.0,None,measurement,28.0,None,{'state': None},1.64,223.0
2022-06-13 09:32:29.699873+00:00,None,1.0,46.73,0.0073,power,46.73,0.0,0.0,None,255.0,None,1.62,7.0,None,measurement,28.0,None,{'state': None},1.64,223.0
2022-06-13 09:32:29.704519+00:00,None,1.0,46.73,0.0073,power,46.73,0.0,0.0,None,255.0,None,1.62,7.0,None,measurement,28.0,None,{'state': None},1.62,223.0
2022-06-13 09:43:48.782737+00:00,None,1.0,46.73,0.0075,power,46.73,0.0,0.0,None,255.0,None,1.68,7.0,None,measurement,28.0,None,{'state': None},1.62,223.0
2022-06-13 09:43:48.788892+00:00,None,1.0,46.73,0.0075,power,46.73,0.0,0.0,None,255.0,None,1.68,7.0,None,measurement,28.0,None,{'state': None},1.68,223.0
2022-06-13 09:49:05.740467+00:00,None,1.0,46.73,0.0072,power,46.73,0.0,0.0,None,255.0,None,1.61,7.0,None,measurement,28.0,None,{'state': None},1.68,223.0
2022-06-13 09:49:05.746151+00:00,None,1.0,46.73,0.0072,power,46.73,0.0,0.0,None,255.0,None,1.61,7.0,None,measurement,28.0,None,{'state': None},1.61,223.0
2022-06-13 09:56:23.564025+00:00,None,1.0,46.73,0.0097,power,46.73,0.0,0.0,None,255.0,None,2.16,7.0,None,measurement,28.0,None,{'state': None},1.61,223.0
2022-06-13 09:56:23.568423+00:00,None,1.0,46.73,0.0097,power,46.73,0.0,0.0,None,255.0,None,2.16,7.0,None,measurement,28.0,None,{'state': None},2.16,223.0
2022-06-13 10:01:46.782865+00:00,None,1.0,46.73,0.0071,power,46.73,0.0,0.0,None,255.0,None,1.58,7.0,None,measurement,28.0,None,{'state': None},2.16,223.0
2022-06-13 10:01:46.787649+00:00,None,1.0,46.73,0.0071,power,46.73,0.0,0.0,None,255.0,None,1.58,7.0,None,measurement,28.0,None,{'state': None},1.58,223.0
2022-06-13 10:08:31.742906+00:00,None,1.0,46.73,0.0075,power,46.73,0.0,0.0,None,255.0,None,1.66,7.0,None,measurement,28.0,None,{'state': None},1.58,223.0
2022-06-13 10:08:31.751504+00:00,None,1.0,46.73,0.0075,power,46.73,0.0,0.0,None,255.0,None,1.66,7.0,None,measurement,28.0,None,{'state': None},1.66,223.0
2022-06-13 10:16:25.590220+00:00,None,1.0,46.73,0.0074,power,46.73,0.0,0.0,None,255.0,None,1.65,7.0,None,measurement,28.0,None,{'state': None},1.66,223.0
2022-06-13 10:16:25.596359+00:00,None,1.0,46.73,0.0074,power,46.73,0.0,0.0,None,255.0,None,1.65,7.0,None,measurement,28.0,None,{'state': None},1.65,223.0
2022-06-13 10:21:57.958799+00:00,None,1.0,46.73,0.007,power,46.73,0.0,0.0,None,255.0,None,1.56,7.0,None,measurement,28.0,None,{'state': None},1.65,223.0
2022-06-13 10:21:57.964216+00:00,None,1.0,46.73,0.007,power,46.73,0.0,0.0,None,255.0,None,1.56,7.0,None,measurement,28.0,None,{'state': None},1.56,223.0
2022-06-13 10:29:14.270868+00:00,None,1.0,46.73,0.0073,power,46.73,0.0,0.0,None,255.0,None,1.63,7.0,None,measurement,28.0,None,{'state': None},1.56,223.0
2022-06-13 10:29:14.275786+00:00,None,1.0,46.73,0.0073,power,46.73,0.0,0.0,None,255.0,None,1.63,7.0,None,measurement,28.0,None,{'state': None},1.63,223.0
2022-06-13 10:34:38.581118+00:00,None,1.0,46.73,0.007,power,46.73,0.0,0.0,None,255.0,None,1.55,7.0,None,measurement,28.0,None,{'state': None},1.63,223.0
2022-06-13 10:34:38.586515+00:00,None,1.0,46.73,0.007,power,46.73,0.0,0.0,None,255.0,None,1.55,7.0,None,measurement,28.0,None,{'state': None},1.55,223.0
2022-06-13 10:35:29.669046+00:00,None,1.0,46.73,0.007,power,46.73,0.0,0.0,None,255.0,None,4.34,7.0,None,measurement,28.0,None,{'state': None},1.55,223.0
2022-06-13 10:35:29.674354+00:00,None,1.0,46.73,0.007,power,46.73,0.0,0.0,None,255.0,None,4.34,7.0,None,measurement,28.0,None,{'state': None},4.34,223.0
2022-06-13 10:36:56.366886+00:00,None,1.0,46.73,0.007,power,46.73,0.0,0.0,None,255.0,None,0.66,7.0,None,measurement,28.0,None,{'state': None},4.34,223.0
2022-06-13 10:36:56.377590+00:00,None,1.0,46.73,0.007,power,46.73,0.0,0.0,None,255.0,None,0.66,7.0,None,measurement,28.0,None,{'state': None},0.66,223.0
2022-06-13 10:42:38.646876+00:00,None,1.0,46.73,0.0031,power,46.73,0.0,0.0,None,255.0,None,0.69,7.0,None,measurement,28.0,None,{'state': None},0.66,223.0
2022-06-13 10:42:38.653928+00:00,None,1.0,46.73,0.0031,power,46.73,0.0,0.0,None,255.0,None,0.69,7.0,None,measurement,28.0,None,{'state': None},0.69,223.0
2022-06-13 10:49:25.635135+00:00,None,1.0,46.73,0.0027,power,46.73,0.0,0.0,None,255.0,None,0.59,7.0,None,measurement,28.0,None,{'state': None},0.69,223.0
2022-06-13 10:49:25.639184+00:00,None,1.0,46.73,0.0027,power,46.73,0.0,0.0,None,255.0,None,0.59,7.0,None,measurement,28.0,None,{'state': None},0.59,223.0
2022-06-13 10:56:28.333624+00:00,None,1.0,46.73,0.0027,power,46.73,0.0,0.0,None,255.0,None,0.61,7.0,None,measurement,28.0,None,{'state': None},0.59,223.0
2022-06-13 10:56:28.337153+00:00,None,1.0,46.73,0.0027,power,46.73,0.0,0.0,None,255.0,None,0.61,7.0,None,measurement,28.0,None,{'state': None},0.61,223.0
2022-06-13 11:02:49.210411+00:00,None,1.0,46.73,0.0038,power,46.73,0.0,0.0,None,255.0,None,0.84,7.0,None,measurement,28.0,None,{'state': None},0.61,223.0
2022-06-13 11:02:49.217714+00:00,None,1.0,46.73,0.0038,power,46.73,0.0,0.0,None,255.0,None,0.84,7.0,None,measurement,28.0,None,{'state': None},0.84,223.0
2022-06-13 11:09:18.355369+00:00,None,1.0,46.73,0.0031,power,46.73,0.0,0.0,None,255.0,None,0.7,7.0,None,measurement,28.0,None,{'state': None},0.84,223.0
2022-06-13 11:09:18.360530+00:00,None,1.0,46.73,0.0031,power,46.73,0.0,0.0,None,255.0,None,0.7,7.0,None,measurement,28.0,None,{'state': None},0.7,223.0
2022-06-13 11:15:08.890182+00:00,None,1.0,46.73,0.0027,power,46.73,0.0,0.0,None,255.0,None,0.61,7.0,None,measurement,28.0,None,{'state': None},0.7,223.0
2022-06-13 11:15:08.897571+00:00,None,1.0,46.73,0.0027,power,46.73,0.0,0.0,None,255.0,None,0.61,7.0,None,measurement,28.0,None,{'state': None},0.61,223.0
2022-06-13 11:21:02.432010+00:00,None,1.0,46.73,0.0028,power,46.73,0.0,0.0,None,255.0,None,0.62,7.0,None,measurement,28.0,None,{'state': None},0.61,223.0
2022-06-13 11:21:02.436547+00:00,None,1.0,46.73,0.0028,power,46.73,0.0,0.0,None,255.0,None,0.62,7.0,None,measurement,28.0,None,{'state': None},0.62,223.0
2022-06-13 11:28:14.017833+00:00,None,1.0,46.73,0.0027,power,46.73,0.0,0.0,None,255.0,None,0.61,7.0,None,measurement,28.0,None,{'state': None},0.62,223.0
2022-06-13 11:28:14.024877+00:00,None,1.0,46.73,0.0027,power,46.73,0.0,0.0,None,255.0,None,0.61,7.0,None,measurement,28.0,None,{'state': None},0.61,223.0
2022-06-13 11:33:37.419287+00:00,None,1.0,46.73,0.0027,power,46.73,0.0,0.0,None,255.0,None,0.6,7.0,None,measurement,28.0,None,{'state': None},0.61,223.0
2022-06-13 11:33:37.428506+00:00,None,1.0,46.73,0.0027,power,46.73,0.0,0.0,None,255.0,None,0.6,7.0,None,measurement,28.0,None,{'state': None},0.6,223.0
2022-06-13 11:40:42.643029+00:00,None,1.0,46.73,0.0028,power,46.73,0.0,0.0,None,255.0,None,0.63,7.0,None,measurement,28.0,None,{'state': None},0.6,223.0
2022-06-13 11:40:42.650298+00:00,None,1.0,46.73,0.0028,power,46.73,0.0,0.0,None,255.0,None,0.63,7.0,None,measurement,28.0,None,{'state': None},0.63,223.0
2022-06-13 11:48:05.309438+00:00,None,1.0,46.73,0.0029,power,46.73,0.0,0.0,None,255.0,None,0.65,7.0,None,measurement,28.0,None,{'state': None},0.63,223.0
2022-06-13 11:48:05.314676+00:00,None,1.0,46.73,0.0029,power,46.73,0.0,0.0,None,255.0,None,0.65,7.0,None,measurement,28.0,None,{'state': None},0.65,223.0
2022-06-13 11:55:47.934060+00:00,None,1.0,46.73,0.0027,power,46.73,0.0,0.0,None,255.0,None,0.6,7.0,None,measurement,28.0,None,{'state': None},0.65,223.0
2022-06-13 11:55:47.941865+00:00,None,1.0,46.73,0.0027,power,46.73,0.0,0.0,None,255.0,None,0.6,7.0,None,measurement,28.0,None,{'state': None},0.6,223.0
2022-06-13 12:01:52.496591+00:00,None,1.0,46.74,0.0031,power,46.74,0.0,0.0,None,255.0,None,0.68,7.0,None,measurement,28.0,None,{'state': None},0.6,223.0
2022-06-13 12:01:52.500949+00:00,None,1.0,46.74,0.0031,power,46.74,0.0,0.0,None,255.0,None,0.68,7.0,None,measurement,28.0,None,{'state': None},0.68,223.0
2022-06-13 12:07:34.658151+00:00,None,1.0,46.74,0.0027,power,46.74,0.0,0.0,None,255.0,None,0.59,7.0,None,measurement,28.0,None,{'state': None},0.68,223.0
2022-06-13 12:07:34.665846+00:00,None,1.0,46.74,0.0027,power,46.74,0.0,0.0,None,255.0,None,0.59,7.0,None,measurement,28.0,None,{'state': None},0.59,223.0
2022-06-13 12:12:45.655727+00:00,None,1.0,46.74,0.0028,power,46.74,0.0,0.0,None,255.0,None,0.63,7.0,None,measurement,28.0,None,{'state': None},0.59,223.0
2022-06-13 12:12:45.663366+00:00,None,1.0,46.74,0.0028,power,46.74,0.0,0.0,None,255.0,None,0.63,7.0,None,measurement,28.0,None,{'state': None},0.63,223.0
2022-06-13 12:18:32.564059+00:00,None,1.0,46.74,0.0045,power,46.74,0.0,0.0,None,255.0,None,1.01,7.0,None,measurement,28.0,None,{'state': None},0.63,223.0
2022-06-13 12:18:32.572887+00:00,None,1.0,46.74,0.0045,power,46.74,0.0,0.0,None,255.0,None,1.01,7.0,None,measurement,28.0,None,{'state': None},1.01,223.0
2022-06-13 12:26:30.083078+00:00,None,1.0,46.74,0.0025,power,46.74,0.0,0.0,None,255.0,None,0.57,7.0,None,measurement,28.0,None,{'state': None},1.01,223.0
2022-06-13 12:26:30.087067+00:00,None,1.0,46.74,0.0025,power,46.74,0.0,0.0,None,255.0,None,0.57,7.0,None,measurement,28.0,None,{'state': None},0.57,223.0
2022-06-13 12:32:08.813856+00:00,None,1.0,46.74,0.0028,power,46.74,0.0,0.0,None,255.0,None,0.61,7.0,None,measurement,28.0,None,{'state': None},0.57,216.0
2022-06-13 12:32:08.819512+00:00,None,1.0,46.74,0.0028,power,46.74,0.0,0.0,None,255.0,None,0.61,7.0,None,measurement,28.0,None,{'state': None},0.61,216.0
2022-06-13 12:38:01.268501+00:00,None,1.0,46.74,0.0033,power,46.74,0.0,0.0,None,255.0,None,0.73,7.0,None,measurement,28.0,None,{'state': None},0.61,223.0
2022-06-13 12:38:01.275138+00:00,None,1.0,46.74,0.0033,power,46.74,0.0,0.0,None,255.0,None,0.73,7.0,None,measurement,28.0,None,{'state': None},0.73,223.0
2022-06-13 12:45:57.001785+00:00,None,1.0,46.74,0.0029,power,46.74,0.0,0.0,None,255.0,None,0.64,7.0,None,measurement,28.0,None,{'state': None},0.73,223.0
2022-06-13 12:45:57.006949+00:00,None,1.0,46.74,0.0029,power,46.74,0.0,0.0,None,255.0,None,0.64,7.0,None,measurement,28.0,None,{'state': None},0.64,223.0
2022-06-13 12:51:59.116152+00:00,None,1.0,46.74,0.0038,power,46.74,0.0,0.0,None,255.0,None,0.84,7.0,None,measurement,28.0,None,{'state': None},0.64,223.0
2022-06-13 12:51:59.121778+00:00,None,1.0,46.74,0.0038,power,46.74,0.0,0.0,None,255.0,None,0.84,7.0,None,measurement,28.0,None,{'state': None},0.84,223.0
2022-06-13 13:00:00.168302+00:00,None,1.0,46.74,0.0025,power,46.74,0.0,0.0,None,255.0,None,0.55,7.0,None,measurement,28.0,None,{'state': None},0.84,223.0
2022-06-13 13:00:00.172361+00:00,None,1.0,46.74,0.0025,power,46.74,0.0,0.0,None,255.0,None,0.55,7.0,None,measurement,28.0,None,{'state': None},0.55,223.0
2022-06-13 13:07:58.314547+00:00,None,1.0,46.74,0.0028,power,46.74,0.0,0.0,None,255.0,None,0.62,7.0,None,measurement,28.0,None,{'state': None},0.55,223.0
2022-06-13 13:07:58.320091+00:00,None,1.0,46.74,0.0028,power,46.74,0.0,0.0,None,255.0,None,0.62,7.0,None,measurement,28.0,None,{'state': None},0.62,223.0
2022-06-13 13:14:08.322452+00:00,None,1.0,46.74,0.0025,power,46.74,0.0,0.0,None,255.0,None,0.56,7.0,None,measurement,28.0,None,{'state': None},0.62,223.0
2022-06-13 13:14:08.326585+00:00,None,1.0,46.74,0.0025,power,46.74,0.0,0.0,None,255.0,None,0.56,7.0,None,measurement,28.0,None,{'state': None},0.56,223.0
2022-06-13 13:20:32.397154+00:00,None,1.0,46.74,0.0027,power,46.74,0.0,0.0,None,255.0,None,0.6,7.0,None,measurement,28.0,None,{'state': None},0.56,223.0
2022-06-13 13:20:32.402300+00:00,None,1.0,46.74,0.0027,power,46.74,0.0,0.0,None,255.0,None,0.6,7.0,None,measurement,28.0,None,{'state': None},0.6,223.0
2022-06-13 13:27:50.054083+00:00,None,1.0,46.74,0.0029,power,46.74,0.0,0.0,None,255.0,None,0.64,7.0,None,measurement,28.0,None,{'state': None},0.6,223.0
2022-06-13 13:27:50.061917+00:00,None,1.0,46.74,0.0029,power,46.74,0.0,0.0,None,255.0,None,0.64,7.0,None,measurement,28.0,None,{'state': None},0.64,223.0
2022-06-13 13:34:13.625380+00:00,None,1.0,46.74,0.0032,power,46.74,0.0,0.0,None,255.0,None,0.72,7.0,None,measurement,28.0,None,{'state': None},0.64,223.0
2022-06-13 13:34:13.630721+00:00,None,1.0,46.74,0.0032,power,46.74,0.0,0.0,None,255.0,None,0.72,7.0,None,measurement,28.0,None,{'state': None},0.72,223.0
2022-06-13 13:41:34.697348+00:00,None,1.0,46.74,0.0029,power,46.74,0.0,0.0,None,255.0,None,0.64,7.0,None,measurement,28.0,None,{'state': None},0.72,223.0
2022-06-13 13:41:34.701979+00:00,None,1.0,46.74,0.0029,power,46.74,0.0,0.0,None,255.0,None,0.64,7.0,None,measurement,28.0,None,{'state': None},0.64,223.0
2022-06-13 13:49:22.133779+00:00,None,1.0,46.74,0.0035,power,46.74,0.0,0.0,None,255.0,None,0.77,7.0,None,measurement,28.0,None,{'state': None},0.64,223.0
2022-06-13 13:49:22.139042+00:00,None,1.0,46.74,0.0035,power,46.74,0.0,0.0,None,255.0,None,0.77,7.0,None,measurement,28.0,None,{'state': None},0.77,223.0
2022-06-13 13:55:52.387177+00:00,None,1.0,46.74,0.0029,power,46.74,0.0,0.0,None,255.0,None,0.65,7.0,None,measurement,28.0,None,{'state': None},0.77,223.0
2022-06-13 13:55:52.393818+00:00,None,1.0,46.74,0.0029,power,46.74,0.0,0.0,None,255.0,None,0.65,7.0,None,measurement,28.0,None,{'state': None},0.65,223.0
2022-06-13 14:02:32.117835+00:00,None,1.0,46.74,0.0029,power,46.74,0.0,0.0,None,255.0,None,0.64,7.0,None,measurement,28.0,None,{'state': None},0.65,223.0
2022-06-13 14:02:32.124149+00:00,None,1.0,46.74,0.0029,power,46.74,0.0,0.0,None,255.0,None,0.64,7.0,None,measurement,28.0,None,{'state': None},0.64,223.0
2022-06-13 14:10:33.272578+00:00,None,1.0,46.74,0.0037,power,46.74,0.0,0.0,None,255.0,None,0.83,7.0,None,measurement,28.0,None,{'state': None},0.64,223.0
2022-06-13 14:10:33.278123+00:00,None,1.0,46.74,0.0037,power,46.74,0.0,0.0,None,255.0,None,0.83,7.0,None,measurement,28.0,None,{'state': None},0.83,223.0
2022-06-13 14:17:59.681452+00:00,None,1.0,46.74,0.0028,power,46.74,0.0,0.0,None,255.0,None,0.63,7.0,None,measurement,28.0,None,{'state': None},0.83,223.0
2022-06-13 14:17:59.687053+00:00,None,1.0,46.74,0.0028,power,46.74,0.0,0.0,None,255.0,None,0.63,7.0,None,measurement,28.0,None,{'state': None},0.63,223.0
2022-06-13 14:24:30.529985+00:00,None,1.0,46.74,0.0041,power,46.74,0.0,0.0,None,255.0,None,0.91,7.0,None,measurement,28.0,None,{'state': None},0.63,223.0
2022-06-13 14:24:30.534418+00:00,None,1.0,46.74,0.0041,power,46.74,0.0,0.0,None,255.0,None,0.91,7.0,None,measurement,28.0,None,{'state': None},0.91,223.0
2022-06-13 14:31:33.632035+00:00,None,1.0,46.74,0.003,power,46.74,0.0,0.0,None,255.0,None,0.67,7.0,None,measurement,28.0,None,{'state': None},0.91,223.0
2022-06-13 14:31:33.637081+00:00,None,1.0,46.74,0.003,power,46.74,0.0,0.0,None,255.0,None,0.67,7.0,None,measurement,28.0,None,{'state': None},0.67,223.0
2022-06-13 14:38:07.107079+00:00,None,1.0,46.74,0.0027,power,46.74,0.0,0.0,None,255.0,None,0.6,7.0,None,measurement,28.0,None,{'state': None},0.67,223.0
2022-06-13 14:38:07.111784+00:00,None,1.0,46.74,0.0027,power,46.74,0.0,0.0,None,255.0,None,0.6,7.0,None,measurement,28.0,None,{'state': None},0.6,223.0
2022-06-13 14:48:38.511668+00:00,None,1.0,46.74,0.0026,power,46.74,0.0,0.0,None,255.0,None,0.58,7.0,None,measurement,28.0,None,{'state': None},0.6,223.0
2022-06-13 14:48:38.518447+00:00,None,1.0,46.74,0.0026,power,46.74,0.0,0.0,None,255.0,None,0.58,7.0,None,measurement,28.0,None,{'state': None},0.58,223.0
2022-06-13 14:54:22.787110+00:00,None,1.0,46.74,0.0032,power,46.74,0.0,0.0,None,255.0,None,0.71,7.0,None,measurement,28.0,None,{'state': None},0.58,223.0
2022-06-13 14:54:22.794518+00:00,None,1.0,46.74,0.0032,power,46.74,0.0,0.0,None,255.0,None,0.71,7.0,None,measurement,28.0,None,{'state': None},0.71,223.0
2022-06-13 15:01:46.781355+00:00,None,1.0,46.74,0.003,power,46.74,0.0,0.0,None,255.0,None,0.67,7.0,None,measurement,28.0,None,{'state': None},0.71,223.0
2022-06-13 15:01:46.785566+00:00,None,1.0,46.74,0.003,power,46.74,0.0,0.0,None,255.0,None,0.67,7.0,None,measurement,28.0,None,{'state': None},0.67,223.0
2022-06-13 15:04:46.807009+00:00,None,1.0,46.74,0.003,power,46.74,0.0,0.0,None,255.0,None,4.53,7.0,None,measurement,28.0,None,{'state': None},0.67,223.0
2022-06-13 15:04:46.812855+00:00,None,1.0,46.74,0.003,power,46.74,0.0,0.0,None,255.0,None,4.53,7.0,None,measurement,28.0,None,{'state': None},4.53,223.0
2022-06-13 15:07:00.095575+00:00,None,1.0,46.74,0.0191,power,46.74,0.0,0.0,None,255.0,None,4.26,7.0,None,measurement,28.0,None,{'state': None},4.53,223.0
2022-06-13 15:07:00.103422+00:00,None,1.0,46.74,0.0191,power,46.74,0.0,0.0,None,255.0,None,4.26,7.0,None,measurement,28.0,None,{'state': None},4.26,223.0
2022-06-13 15:07:27.391897+00:00,None,1.0,46.74,0.0191,power,46.74,0.0,0.0,None,255.0,None,0.74,7.0,None,measurement,28.0,None,{'state': None},4.26,223.0
2022-06-13 15:07:27.398106+00:00,None,1.0,46.74,0.0191,power,46.74,0.0,0.0,None,255.0,None,0.74,7.0,None,measurement,28.0,None,{'state': None},0.74,223.0
2022-06-13 15:12:36.196163+00:00,None,1.0,46.74,0.0027,power,46.74,0.0,0.0,None,255.0,None,0.61,7.0,None,measurement,28.0,None,{'state': None},0.74,223.0
2022-06-13 15:12:36.201209+00:00,None,1.0,46.74,0.0027,power,46.74,0.0,0.0,None,255.0,None,0.61,7.0,None,measurement,28.0,None,{'state': None},0.61,223.0
2022-06-13 15:25:29.043342+00:00,None,1.0,46.74,0.0029,power,46.74,0.0,0.0,None,255.0,None,0.64,7.0,None,measurement,28.0,None,{'state': None},0.61,223.0
2022-06-13 15:25:29.049103+00:00,None,1.0,46.74,0.0029,power,46.74,0.0,0.0,None,255.0,None,0.64,7.0,None,measurement,28.0,None,{'state': None},0.64,223.0
2022-06-13 15:32:03.221798+00:00,None,1.0,46.74,0.003,power,46.74,0.0,0.0,None,255.0,None,0.68,7.0,None,measurement,28.0,None,{'state': None},0.64,223.0
2022-06-13 15:32:03.227243+00:00,None,1.0,46.74,0.003,power,46.74,0.0,0.0,None,255.0,None,0.68,7.0,None,measurement,28.0,None,{'state': None},0.68,223.0
2022-06-13 15:38:26.095422+00:00,None,1.0,46.74,0.003,power,46.74,0.0,0.0,None,255.0,None,0.67,7.0,None,measurement,28.0,None,{'state': None},0.68,223.0
2022-06-13 15:38:26.099395+00:00,None,1.0,46.74,0.003,power,46.74,0.0,0.0,None,255.0,None,0.67,7.0,None,measurement,28.0,None,{'state': None},0.67,223.0
2022-06-13 15:46:14.668065+00:00,None,1.0,46.74,0.0028,power,46.74,0.0,0.0,None,255.0,None,0.62,7.0,None,measurement,28.0,None,{'state': None},0.67,223.0
2022-06-13 15:46:14.671771+00:00,None,1.0,46.74,0.0028,power,46.74,0.0,0.0,None,255.0,None,0.62,7.0,None,measurement,28.0,None,{'state': None},0.62,223.0
2022-06-13 15:59:18.612488+00:00,None,1.0,46.74,0.0029,power,46.74,0.0,0.0,None,255.0,None,0.64,7.0,None,measurement,28.0,None,{'state': None},0.62,223.0
2022-06-13 15:59:18.617200+00:00,None,1.0,46.74,0.0029,power,46.74,0.0,0.0,None,255.0,None,0.64,7.0,None,measurement,28.0,None,{'state': None},0.64,223.0
2022-06-13 16:06:11.029816+00:00,None,1.0,46.74,0.0026,power,46.74,0.0,0.0,None,255.0,None,0.58,7.0,None,measurement,28.0,None,{'state': None},0.64,223.0
2022-06-13 16:06:11.035363+00:00,None,1.0,46.74,0.0026,power,46.74,0.0,0.0,None,255.0,None,0.58,7.0,None,measurement,28.0,None,{'state': None},0.58,223.0
2022-06-13 16:13:04.571021+00:00,None,1.0,46.74,0.0033,power,46.74,0.0,0.0,None,255.0,None,0.75,7.0,None,measurement,28.0,None,{'state': None},0.58,223.0
2022-06-13 16:13:04.576874+00:00,None,1.0,46.74,0.0033,power,46.74,0.0,0.0,None,255.0,None,0.75,7.0,None,measurement,28.0,None,{'state': None},0.75,223.0
2022-06-13 16:18:47.531647+00:00,None,1.0,46.74,0.0029,power,46.74,0.0,0.0,None,255.0,None,0.65,7.0,None,measurement,28.0,None,{'state': None},0.75,223.0
2022-06-13 16:18:47.536340+00:00,None,1.0,46.74,0.0029,power,46.74,0.0,0.0,None,255.0,None,0.65,7.0,None,measurement,28.0,None,{'state': None},0.65,223.0
2022-06-13 16:24:35.417760+00:00,None,1.0,46.74,0.003,power,46.74,0.0,0.0,None,255.0,None,0.67,7.0,None,measurement,28.0,None,{'state': None},0.65,223.0
2022-06-13 16:24:35.422899+00:00,None,1.0,46.74,0.003,power,46.74,0.0,0.0,None,255.0,None,0.67,7.0,None,measurement,28.0,None,{'state': None},0.67,223.0
2022-06-13 16:31:10.734922+00:00,None,1.0,46.74,0.0028,power,46.74,0.0,0.0,None,255.0,None,0.61,7.0,None,measurement,28.0,None,{'state': None},0.67,223.0
2022-06-13 16:31:10.740082+00:00,None,1.0,46.74,0.0028,power,46.74,0.0,0.0,None,255.0,None,0.61,7.0,None,measurement,28.0,None,{'state': None},0.61,223.0
2022-06-13 16:36:16.218102+00:00,None,1.0,46.74,0.0029,power,46.74,0.0,0.0,None,255.0,None,0.65,7.0,None,measurement,28.0,None,{'state': None},0.61,223.0
2022-06-13 16:36:16.225012+00:00,None,1.0,46.74,0.0029,power,46.74,0.0,0.0,None,255.0,None,0.65,7.0,None,measurement,28.0,None,{'state': None},0.65,223.0
2022-06-13 16:43:36.955749+00:00,None,1.0,46.74,0.0027,power,46.74,0.0,0.0,None,255.0,None,0.6,7.0,None,measurement,28.0,None,{'state': None},0.65,223.0
2022-06-13 16:43:36.962322+00:00,None,1.0,46.74,0.0027,power,46.74,0.0,0.0,None,255.0,None,0.6,7.0,None,measurement,28.0,None,{'state': None},0.6,223.0
2022-06-13 16:49:22.643145+00:00,None,1.0,46.74,0.0034,power,46.74,0.0,0.0,None,255.0,None,0.76,7.0,None,measurement,28.0,None,{'state': None},0.6,223.0
2022-06-13 16:49:22.650188+00:00,None,1.0,46.74,0.0034,power,46.74,0.0,0.0,None,255.0,None,0.76,7.0,None,measurement,28.0,None,{'state': None},0.76,223.0
2022-06-13 16:55:58.123801+00:00,None,1.0,46.74,0.0027,power,46.74,0.0,0.0,None,255.0,None,0.6,7.0,None,measurement,28.0,None,{'state': None},0.76,223.0
2022-06-13 16:55:58.131702+00:00,None,1.0,46.74,0.0027,power,46.74,0.0,0.0,None,255.0,None,0.6,7.0,None,measurement,28.0,None,{'state': None},0.6,223.0
2022-06-13 17:03:08.287557+00:00,None,1.0,46.74,0.0034,power,46.74,0.0,0.0,None,255.0,None,0.76,7.0,None,measurement,29.0,None,{'state': None},0.6,223.0
2022-06-13 17:03:08.294014+00:00,None,1.0,46.74,0.0034,power,46.74,0.0,0.0,None,255.0,None,0.76,7.0,None,measurement,29.0,None,{'state': None},0.76,223.0
2022-06-13 17:09:17.968533+00:00,None,1.0,46.74,0.0034,power,46.74,0.0,0.0,None,255.0,None,0.75,7.0,None,measurement,28.0,None,{'state': None},0.76,223.0
2022-06-13 17:09:17.975576+00:00,None,1.0,46.74,0.0034,power,46.74,0.0,0.0,None,255.0,None,0.75,7.0,None,measurement,28.0,None,{'state': None},0.75,223.0
2022-06-13 17:16:56.467716+00:00,None,1.0,46.74,0.0036,power,46.74,0.0,0.0,None,255.0,None,0.8,7.0,None,measurement,28.0,None,{'state': None},0.75,223.0
2022-06-13 17:16:56.473979+00:00,None,1.0,46.74,0.0036,power,46.74,0.0,0.0,None,255.0,None,0.8,7.0,None,measurement,28.0,None,{'state': None},0.8,223.0
2022-06-13 17:23:27.614038+00:00,None,1.0,46.74,0.0034,power,46.74,0.0,0.0,None,255.0,None,0.75,7.0,None,measurement,29.0,None,{'state': None},0.8,223.0
2022-06-13 17:23:27.617621+00:00,None,1.0,46.74,0.0034,power,46.74,0.0,0.0,None,255.0,None,0.75,7.0,None,measurement,29.0,None,{'state': None},0.75,223.0
2022-06-13 17:31:30.519416+00:00,None,1.0,46.74,0.0033,power,46.74,0.0,0.0,None,255.0,None,0.75,7.0,None,measurement,29.0,None,{'state': None},0.75,223.0
2022-06-13 17:39:15.968554+00:00,None,1.0,46.74,0.0036,power,46.74,0.0,0.0,None,255.0,None,0.8,7.0,None,measurement,29.0,None,{'state': None},0.75,223.0
2022-06-13 17:39:15.975411+00:00,None,1.0,46.74,0.0036,power,46.74,0.0,0.0,None,255.0,None,0.8,7.0,None,measurement,29.0,None,{'state': None},0.8,223.0
2022-06-13 17:45:55.704395+00:00,None,1.0,46.74,0.0027,power,46.74,0.0,0.0,None,255.0,None,0.61,7.0,None,measurement,29.0,None,{'state': None},0.8,223.0
2022-06-13 17:45:55.710043+00:00,None,1.0,46.74,0.0027,power,46.74,0.0,0.0,None,255.0,None,0.61,7.0,None,measurement,29.0,None,{'state': None},0.61,223.0
2022-06-13 17:52:32.689875+00:00,None,1.0,46.74,0.0026,power,46.74,0.0,0.0,None,255.0,None,0.57,7.0,None,measurement,29.0,None,{'state': None},0.61,223.0
2022-06-13 17:52:32.696583+00:00,None,1.0,46.74,0.0026,power,46.74,0.0,0.0,None,255.0,None,0.57,7.0,None,measurement,29.0,None,{'state': None},0.57,223.0
2022-06-13 17:57:41.066807+00:00,None,1.0,46.74,0.0036,power,46.74,0.0,0.0,None,255.0,None,0.8,7.0,None,measurement,29.0,None,{'state': None},0.57,223.0
2022-06-13 17:57:41.073268+00:00,None,1.0,46.74,0.0036,power,46.74,0.0,0.0,None,255.0,None,0.8,7.0,None,measurement,29.0,None,{'state': None},0.8,223.0
2022-06-13 18:02:54.596953+00:00,None,1.0,46.74,0.0031,power,46.74,0.0,0.0,None,255.0,None,0.69,7.0,None,measurement,29.0,None,{'state': None},0.8,223.0
2022-06-13 18:02:54.604656+00:00,None,1.0,46.74,0.0031,power,46.74,0.0,0.0,None,255.0,None,0.69,7.0,None,measurement,29.0,None,{'state': None},0.69,223.0
2022-06-13 18:09:02.670163+00:00,None,1.0,46.74,0.0035,power,46.74,0.0,0.0,None,255.0,None,0.77,7.0,None,measurement,29.0,None,{'state': None},0.69,223.0
2022-06-13 18:09:02.675808+00:00,None,1.0,46.74,0.0035,power,46.74,0.0,0.0,None,255.0,None,0.77,7.0,None,measurement,29.0,None,{'state': None},0.77,223.0
2022-06-13 18:15:00.647471+00:00,None,1.0,46.74,0.0035,power,46.74,0.0,0.0,None,255.0,None,0.78,7.0,None,measurement,29.0,None,{'state': None},0.77,223.0
2022-06-13 18:15:00.654793+00:00,None,1.0,46.74,0.0035,power,46.74,0.0,0.0,None,255.0,None,0.78,7.0,None,measurement,29.0,None,{'state': None},0.78,223.0
2022-06-13 18:21:54.884766+00:00,None,1.0,46.74,0.0028,power,46.74,0.0,0.0,None,255.0,None,0.63,7.0,None,measurement,29.0,None,{'state': None},0.78,223.0
2022-06-13 18:21:54.890169+00:00,None,1.0,46.74,0.0028,power,46.74,0.0,0.0,None,255.0,None,0.63,7.0,None,measurement,29.0,None,{'state': None},0.63,223.0
2022-06-13 18:29:03.772317+00:00,None,1.0,46.74,0.0036,power,46.74,0.0,0.0,None,255.0,None,0.8,7.0,None,measurement,29.0,None,{'state': None},0.63,223.0
2022-06-13 18:29:03.776985+00:00,None,1.0,46.74,0.0036,power,46.74,0.0,0.0,None,255.0,None,0.8,7.0,None,measurement,29.0,None,{'state': None},0.8,223.0
2022-06-13 18:30:15.524709+00:00,None,1.0,46.74,0.0036,power,46.74,0.0,0.0,None,255.0,None,55.33,7.0,None,measurement,29.0,None,{'state': None},0.8,223.0
2022-06-13 18:30:15.530924+00:00,None,1.0,46.74,0.0036,power,46.74,0.0,0.0,None,255.0,None,55.33,7.0,None,measurement,29.0,None,{'state': None},55.33,223.0
2022-06-13 18:30:25.600180+00:00,None,1.0,46.74,0.0036,power,46.74,0.0,0.0,None,255.0,None,58.85,7.0,None,measurement,29.0,None,{'state': None},55.33,223.0
2022-06-13 18:30:25.608242+00:00,None,1.0,46.74,0.0036,power,46.74,0.0,0.0,None,255.0,None,58.85,7.0,None,measurement,29.0,None,{'state': None},58.85,223.0
2022-06-13 18:30:35.677865+00:00,None,1.0,46.74,0.0036,power,46.74,0.0,0.0,None,255.0,None,51.81,7.0,None,measurement,29.0,None,{'state': None},58.85,223.0
2022-06-13 18:30:35.682265+00:00,None,1.0,46.74,0.0036,power,46.74,0.0,0.0,None,255.0,None,51.81,7.0,None,measurement,29.0,None,{'state': None},51.81,223.0
2022-06-13 18:30:47.166804+00:00,None,1.0,46.74,0.0036,power,46.74,0.0,0.0,None,255.0,None,41.92,7.0,None,measurement,29.0,None,{'state': None},51.81,223.0
2022-06-13 18:30:47.172124+00:00,None,1.0,46.74,0.0036,power,46.74,0.0,0.0,None,255.0,None,41.92,7.0,None,measurement,29.0,None,{'state': None},41.92,223.0
2022-06-13 18:30:48.570928+00:00,None,1.0,46.74,0.0036,power,46.74,0.0,0.0,None,255.0,None,45.73,7.0,None,measurement,29.0,None,{'state': None},41.92,223.0
2022-06-13 18:30:48.578042+00:00,None,1.0,46.74,0.0036,power,46.74,0.0,0.0,None,255.0,None,45.73,7.0,None,measurement,29.0,None,{'state': None},45.73,223.0
2022-06-13 18:30:49.995104+00:00,None,1.0,46.74,0.0036,power,46.74,0.0,0.0,None,255.0,None,41.92,7.0,None,measurement,29.0,None,{'state': None},45.73,223.0
2022-06-13 18:30:50.001841+00:00,None,1.0,46.74,0.0036,power,46.74,0.0,0.0,None,255.0,None,41.92,7.0,None,measurement,29.0,None,{'state': None},41.92,223.0
2022-06-13 18:30:55.743462+00:00,None,1.0,46.74,0.0036,power,46.74,0.0,0.0,None,255.0,None,45.73,7.0,None,measurement,29.0,None,{'state': None},41.92,223.0
2022-06-13 18:30:55.750683+00:00,None,1.0,46.74,0.0036,power,46.74,0.0,0.0,None,255.0,None,45.73,7.0,None,measurement,29.0,None,{'state': None},45.73,223.0
2022-06-13 18:30:57.240006+00:00,None,1.0,46.74,0.0036,power,46.74,0.0,0.0,None,255.0,None,41.92,7.0,None,measurement,29.0,None,{'state': None},45.73,223.0
2022-06-13 18:30:57.246221+00:00,None,1.0,46.74,0.0036,power,46.74,0.0,0.0,None,255.0,None,41.92,7.0,None,measurement,29.0,None,{'state': None},41.92,223.0
2022-06-13 18:31:07.019429+00:00,None,1.0,46.74,0.0036,power,46.74,0.0,0.0,None,255.0,None,45.73,7.0,None,measurement,29.0,None,{'state': None},41.92,223.0
2022-06-13 18:31:07.023777+00:00,None,1.0,46.74,0.0036,power,46.74,0.0,0.0,None,255.0,None,45.73,7.0,None,measurement,29.0,None,{'state': None},45.73,223.0
2022-06-13 18:31:08.438490+00:00,None,1.0,46.74,0.0036,power,46.74,0.0,0.0,None,255.0,None,41.92,7.0,None,measurement,29.0,None,{'state': None},45.73,223.0
2022-06-13 18:31:08.443931+00:00,None,1.0,46.74,0.0036,power,46.74,0.0,0.0,None,255.0,None,41.92,7.0,None,measurement,29.0,None,{'state': None},41.92,223.0
2022-06-13 18:31:14.487389+00:00,None,1.0,46.74,0.0036,power,46.74,0.0,0.0,None,255.0,None,60.36,7.0,None,measurement,29.0,None,{'state': None},41.92,223.0
2022-06-13 18:31:14.494113+00:00,None,1.0,46.74,0.0036,power,46.74,0.0,0.0,None,255.0,None,60.36,7.0,None,measurement,29.0,None,{'state': None},60.36,223.0
2022-06-13 18:31:24.559804+00:00,None,1.0,46.74,0.0036,power,46.74,0.0,0.0,None,255.0,None,84.5,7.0,None,measurement,29.0,None,{'state': None},60.36,223.0
2022-06-13 18:31:24.566071+00:00,None,1.0,46.74,0.0036,power,46.74,0.0,0.0,None,255.0,None,84.5,7.0,None,measurement,29.0,None,{'state': None},84.5,223.0
2022-06-13 18:31:34.644449+00:00,None,1.0,46.74,0.0036,power,46.74,0.0,0.0,None,255.0,None,97.08,7.0,None,measurement,29.0,None,{'state': None},84.5,223.0
2022-06-13 18:31:34.650880+00:00,None,1.0,46.74,0.0036,power,46.74,0.0,0.0,None,255.0,None,97.08,7.0,None,measurement,29.0,None,{'state': None},97.08,223.0
2022-06-13 18:32:28.283359+00:00,None,1.0,46.74,0.0036,power,46.74,0.0,0.0,None,255.0,None,18.63,7.0,None,measurement,29.0,None,{'state': None},97.08,223.0
2022-06-13 18:32:28.288234+00:00,None,1.0,46.74,0.0036,power,46.74,0.0,0.0,None,255.0,None,18.63,7.0,None,measurement,29.0,None,{'state': None},18.63,223.0
2022-06-13 18:32:38.354879+00:00,None,1.0,46.74,0.0036,power,46.74,0.0,0.0,None,255.0,None,70.42,7.0,None,measurement,29.0,None,{'state': None},18.63,223.0
2022-06-13 18:32:38.360842+00:00,None,1.0,46.74,0.0036,power,46.74,0.0,0.0,None,255.0,None,70.42,7.0,None,measurement,29.0,None,{'state': None},70.42,223.0
2022-06-13 18:32:48.437879+00:00,None,1.0,46.74,0.0036,power,46.74,0.0,0.0,None,255.0,None,96.58,7.0,None,measurement,29.0,None,{'state': None},70.42,223.0
2022-06-13 18:32:48.446065+00:00,None,1.0,46.74,0.0036,power,46.74,0.0,0.0,None,255.0,None,96.58,7.0,None,measurement,29.0,None,{'state': None},96.58,223.0
2022-06-13 18:33:28.768767+00:00,None,1.0,46.74,0.0036,power,46.74,0.0,0.0,None,255.0,None,82.49,7.0,None,measurement,29.0,None,{'state': None},96.58,223.0
2022-06-13 18:33:28.773801+00:00,None,1.0,46.74,0.0036,power,46.74,0.0,0.0,None,255.0,None,82.49,7.0,None,measurement,29.0,None,{'state': None},82.49,223.0
2022-06-13 18:33:38.833290+00:00,None,1.0,46.74,0.0036,power,46.74,0.0,0.0,None,255.0,None,93.06,7.0,None,measurement,29.0,None,{'state': None},82.49,223.0
2022-06-13 18:33:38.837977+00:00,None,1.0,46.74,0.0036,power,46.74,0.0,0.0,None,255.0,None,93.06,7.0,None,measurement,29.0,None,{'state': None},93.06,223.0
2022-06-13 18:35:03.435931+00:00,None,1.0,46.74,0.4286,power,46.74,0.0,0.0,None,255.0,None,95.57,7.0,None,measurement,29.0,None,{'state': None},93.06,223.0
2022-06-13 18:35:03.442190+00:00,None,1.0,46.74,0.4286,power,46.74,0.0,0.0,None,255.0,None,95.57,7.0,None,measurement,29.0,None,{'state': None},95.57,223.0
2022-06-13 18:37:50.872326+00:00,None,1.0,46.74,0.4286,power,46.74,0.0,0.0,None,255.0,None,77.46,7.0,None,measurement,29.0,None,{'state': None},95.57,223.0
2022-06-13 18:37:50.878560+00:00,None,1.0,46.74,0.4286,power,46.74,0.0,0.0,None,255.0,None,77.46,7.0,None,measurement,29.0,None,{'state': None},77.46,223.0
2022-06-13 18:38:00.959896+00:00,None,1.0,46.74,0.4286,power,46.74,0.0,0.0,None,255.0,None,92.05,7.0,None,measurement,29.0,None,{'state': None},77.46,223.0
2022-06-13 18:38:00.965824+00:00,None,1.0,46.74,0.4286,power,46.74,0.0,0.0,None,255.0,None,92.05,7.0,None,measurement,29.0,None,{'state': None},92.05,223.0
2022-06-13 18:41:12.516033+00:00,None,1.0,46.74,0.4286,power,46.74,0.0,0.0,None,255.0,None,81.99,7.0,None,measurement,29.0,None,{'state': None},92.05,223.0
2022-06-13 18:41:12.522413+00:00,None,1.0,46.74,0.4286,power,46.74,0.0,0.0,None,255.0,None,81.99,7.0,None,measurement,29.0,None,{'state': None},81.99,223.0
2022-06-13 18:41:22.572444+00:00,None,1.0,46.74,0.4286,power,46.74,0.0,0.0,None,255.0,None,96.07,7.0,None,measurement,29.0,None,{'state': None},81.99,223.0
2022-06-13 18:41:22.579074+00:00,None,1.0,46.74,0.4286,power,46.74,0.0,0.0,None,255.0,None,96.07,7.0,None,measurement,29.0,None,{'state': None},96.07,223.0
2022-06-13 18:42:17.738977+00:00,None,1.0,46.75,0.4331,power,46.75,0.0,0.0,None,255.0,None,96.58,7.0,None,measurement,29.0,None,{'state': None},96.07,223.0
2022-06-13 18:42:17.744889+00:00,None,1.0,46.75,0.4331,power,46.75,0.0,0.0,None,255.0,None,96.58,7.0,None,measurement,29.0,None,{'state': None},96.58,223.0
2022-06-13 18:49:18.316617+00:00,None,1.0,46.76,0.4308,power,46.76,0.0,0.0,None,255.0,None,96.07,7.0,None,measurement,29.0,None,{'state': None},96.58,223.0
2022-06-13 18:49:18.323374+00:00,None,1.0,46.76,0.4308,power,46.76,0.0,0.0,None,255.0,None,96.07,7.0,None,measurement,29.0,None,{'state': None},96.07,223.0
2022-06-13 18:50:26.970414+00:00,None,1.0,46.76,0.4308,power,46.76,0.0,0.0,None,255.0,None,84.0,7.0,None,measurement,29.0,None,{'state': None},96.07,223.0
2022-06-13 18:50:26.976203+00:00,None,1.0,46.76,0.4308,power,46.76,0.0,0.0,None,255.0,None,84.0,7.0,None,measurement,29.0,None,{'state': None},84.0,223.0
2022-06-13 18:50:37.043123+00:00,None,1.0,46.76,0.4308,power,46.76,0.0,0.0,None,255.0,None,96.07,7.0,None,measurement,29.0,None,{'state': None},84.0,223.0
2022-06-13 18:50:37.047913+00:00,None,1.0,46.76,0.4308,power,46.76,0.0,0.0,None,255.0,None,96.07,7.0,None,measurement,29.0,None,{'state': None},96.07,223.0
2022-06-13 18:51:37.529890+00:00,None,1.0,46.76,0.4308,power,46.76,0.0,0.0,None,255.0,None,87.52,7.0,None,measurement,29.0,None,{'state': None},96.07,223.0
2022-06-13 18:51:37.534124+00:00,None,1.0,46.76,0.4308,power,46.76,0.0,0.0,None,255.0,None,87.52,7.0,None,measurement,29.0,None,{'state': None},87.52,223.0
2022-06-13 18:51:47.603242+00:00,None,1.0,46.76,0.4308,power,46.76,0.0,0.0,None,255.0,None,96.07,7.0,None,measurement,29.0,None,{'state': None},87.52,223.0
2022-06-13 18:51:47.608398+00:00,None,1.0,46.76,0.4308,power,46.76,0.0,0.0,None,255.0,None,96.07,7.0,None,measurement,29.0,None,{'state': None},96.07,223.0
2022-06-13 18:54:42.630676+00:00,None,1.0,46.77,0.4308,power,46.77,0.0,0.0,None,255.0,None,96.07,7.0,None,measurement,29.0,None,{'state': None},96.07,223.0
2022-06-13 18:59:21.281224+00:00,None,1.0,46.77,0.4308,power,46.77,0.0,0.0,None,255.0,None,87.02,7.0,None,measurement,29.0,None,{'state': None},96.07,223.0
2022-06-13 18:59:21.288737+00:00,None,1.0,46.77,0.4308,power,46.77,0.0,0.0,None,255.0,None,87.02,7.0,None,measurement,29.0,None,{'state': None},87.02,223.0
2022-06-13 18:59:31.346787+00:00,None,1.0,46.77,0.4308,power,46.77,0.0,0.0,None,255.0,None,96.58,7.0,None,measurement,29.0,None,{'state': None},87.02,223.0
2022-06-13 18:59:31.351687+00:00,None,1.0,46.77,0.4308,power,46.77,0.0,0.0,None,255.0,None,96.58,7.0,None,measurement,29.0,None,{'state': None},96.58,223.0
2022-06-13 19:01:28.509330+00:00,None,1.0,46.78,0.4331,power,46.78,0.0,0.0,None,255.0,None,96.58,7.0,None,measurement,29.0,None,{'state': None},96.58,223.0
2022-06-13 19:08:44.317832+00:00,None,1.0,46.8,0.4331,power,46.8,0.0,0.0,None,255.0,None,96.58,7.0,None,measurement,30.0,None,{'state': None},96.58,223.0
2022-06-13 19:15:29.483994+00:00,None,1.0,46.81,0.4308,power,46.81,0.0,0.0,None,255.0,None,96.07,7.0,None,measurement,30.0,None,{'state': None},96.58,223.0
2022-06-13 19:15:29.491198+00:00,None,1.0,46.81,0.4308,power,46.81,0.0,0.0,None,255.0,None,96.07,7.0,None,measurement,30.0,None,{'state': None},96.07,223.0
2022-06-13 19:18:30.525207+00:00,None,1.0,46.81,0.4308,power,46.81,0.0,0.0,None,255.0,None,62.37,7.0,None,measurement,30.0,None,{'state': None},96.07,223.0
2022-06-13 19:18:30.531262+00:00,None,1.0,46.81,0.4308,power,46.81,0.0,0.0,None,255.0,None,62.37,7.0,None,measurement,30.0,None,{'state': None},62.37,223.0
2022-06-13 19:18:40.579197+00:00,None,1.0,46.81,0.4308,power,46.81,0.0,0.0,None,255.0,None,94.06,7.0,None,measurement,30.0,None,{'state': None},62.37,223.0
2022-06-13 19:18:40.585866+00:00,None,1.0,46.81,0.4308,power,46.81,0.0,0.0,None,255.0,None,94.06,7.0,None,measurement,30.0,None,{'state': None},94.06,223.0
2022-06-13 19:20:51.658358+00:00,None,1.0,46.81,0.4308,power,46.81,0.0,0.0,None,255.0,None,78.47,7.0,None,measurement,30.0,None,{'state': None},94.06,223.0
2022-06-13 19:20:51.664017+00:00,None,1.0,46.81,0.4308,power,46.81,0.0,0.0,None,255.0,None,78.47,7.0,None,measurement,30.0,None,{'state': None},78.47,223.0
2022-06-13 19:21:01.737877+00:00,None,1.0,46.81,0.4308,power,46.81,0.0,0.0,None,255.0,None,91.55,7.0,None,measurement,30.0,None,{'state': None},78.47,223.0
2022-06-13 19:21:01.743678+00:00,None,1.0,46.81,0.4308,power,46.81,0.0,0.0,None,255.0,None,91.55,7.0,None,measurement,30.0,None,{'state': None},91.55,223.0
2022-06-13 19:21:11.799209+00:00,None,1.0,46.81,0.4308,power,46.81,0.0,0.0,None,255.0,None,52.81,7.0,None,measurement,30.0,None,{'state': None},91.55,223.0
2022-06-13 19:21:11.805203+00:00,None,1.0,46.81,0.4308,power,46.81,0.0,0.0,None,255.0,None,52.81,7.0,None,measurement,30.0,None,{'state': None},52.81,223.0
2022-06-13 19:21:31.970721+00:00,None,1.0,46.81,0.4308,power,46.81,0.0,0.0,None,255.0,None,96.07,7.0,None,measurement,30.0,None,{'state': None},52.81,223.0
2022-06-13 19:21:31.976291+00:00,None,1.0,46.81,0.4308,power,46.81,0.0,0.0,None,255.0,None,96.07,7.0,None,measurement,30.0,None,{'state': None},96.07,223.0
2022-06-13 19:22:54.448413+00:00,None,1.0,46.82,0.4331,power,46.82,0.0,0.0,None,255.0,None,96.58,7.0,None,measurement,30.0,None,{'state': None},96.07,223.0
2022-06-13 19:22:54.454099+00:00,None,1.0,46.82,0.4331,power,46.82,0.0,0.0,None,255.0,None,96.58,7.0,None,measurement,30.0,None,{'state': None},96.58,223.0
2022-06-13 19:24:43.520639+00:00,None,1.0,46.82,0.4331,power,46.82,0.0,0.0,None,255.0,None,72.93,7.0,None,measurement,30.0,None,{'state': None},96.58,223.0
2022-06-13 19:24:43.526688+00:00,None,1.0,46.82,0.4331,power,46.82,0.0,0.0,None,255.0,None,72.93,7.0,None,measurement,30.0,None,{'state': None},72.93,223.0
2022-06-13 19:24:53.599208+00:00,None,1.0,46.82,0.4331,power,46.82,0.0,0.0,None,255.0,None,96.07,7.0,None,measurement,30.0,None,{'state': None},72.93,223.0
2022-06-13 19:24:53.605434+00:00,None,1.0,46.82,0.4331,power,46.82,0.0,0.0,None,255.0,None,96.07,7.0,None,measurement,30.0,None,{'state': None},96.07,223.0
2022-06-13 19:28:07.064982+00:00,None,1.0,46.83,0.4308,power,46.83,0.0,0.0,None,255.0,None,96.07,7.0,None,measurement,30.0,None,{'state': None},96.07,223.0
2022-06-13 19:28:45.469901+00:00,None,1.0,46.83,0.4308,power,46.83,0.0,0.0,None,255.0,None,85.01,7.0,None,measurement,30.0,None,{'state': None},96.07,223.0
2022-06-13 19:28:45.477823+00:00,None,1.0,46.83,0.4308,power,46.83,0.0,0.0,None,255.0,None,85.01,7.0,None,measurement,30.0,None,{'state': None},85.01,223.0
2022-06-13 19:28:55.528604+00:00,None,1.0,46.83,0.4308,power,46.83,0.0,0.0,None,255.0,None,96.58,7.0,None,measurement,30.0,None,{'state': None},85.01,223.0
2022-06-13 19:28:55.533882+00:00,None,1.0,46.83,0.4308,power,46.83,0.0,0.0,None,255.0,None,96.58,7.0,None,measurement,30.0,None,{'state': None},96.58,223.0
2022-06-13 19:30:06.135270+00:00,None,1.0,46.83,0.4308,power,46.83,0.0,0.0,None,255.0,None,84.5,7.0,None,measurement,30.0,None,{'state': None},96.58,223.0
2022-06-13 19:30:06.142443+00:00,None,1.0,46.83,0.4308,power,46.83,0.0,0.0,None,255.0,None,84.5,7.0,None,measurement,30.0,None,{'state': None},84.5,223.0
2022-06-13 19:30:26.278325+00:00,None,1.0,46.83,0.4308,power,46.83,0.0,0.0,None,255.0,None,63.88,7.0,None,measurement,30.0,None,{'state': None},84.5,223.0
2022-06-13 19:30:26.285885+00:00,None,1.0,46.83,0.4308,power,46.83,0.0,0.0,None,255.0,None,63.88,7.0,None,measurement,30.0,None,{'state': None},63.88,223.0
2022-06-13 19:30:36.353490+00:00,None,1.0,46.83,0.4308,power,46.83,0.0,0.0,None,255.0,None,95.57,7.0,None,measurement,30.0,None,{'state': None},63.88,223.0
2022-06-13 19:30:36.361199+00:00,None,1.0,46.83,0.4308,power,46.83,0.0,0.0,None,255.0,None,95.57,7.0,None,measurement,30.0,None,{'state': None},95.57,223.0
2022-06-13 19:31:16.675840+00:00,None,1.0,46.83,0.4308,power,46.83,0.0,0.0,None,255.0,None,87.02,7.0,None,measurement,30.0,None,{'state': None},95.57,223.0
2022-06-13 19:31:16.682941+00:00,None,1.0,46.83,0.4308,power,46.83,0.0,0.0,None,255.0,None,87.02,7.0,None,measurement,30.0,None,{'state': None},87.02,223.0
2022-06-13 19:31:27.165895+00:00,None,1.0,46.83,0.4308,power,46.83,0.0,0.0,None,255.0,None,45.73,7.0,None,measurement,30.0,None,{'state': None},87.02,223.0
2022-06-13 19:31:27.173330+00:00,None,1.0,46.83,0.4308,power,46.83,0.0,0.0,None,255.0,None,45.73,7.0,None,measurement,30.0,None,{'state': None},45.73,223.0
2022-06-13 19:31:29.887376+00:00,None,1.0,46.83,0.4308,power,46.83,0.0,0.0,None,255.0,None,90.54,7.0,None,measurement,30.0,None,{'state': None},45.73,223.0
2022-06-13 19:31:29.894082+00:00,None,1.0,46.83,0.4308,power,46.83,0.0,0.0,None,255.0,None,90.54,7.0,None,measurement,30.0,None,{'state': None},90.54,223.0
2022-06-13 19:31:39.970039+00:00,None,1.0,46.83,0.4308,power,46.83,0.0,0.0,None,255.0,None,96.07,7.0,None,measurement,30.0,None,{'state': None},90.54,223.0
2022-06-13 19:31:39.976464+00:00,None,1.0,46.83,0.4308,power,46.83,0.0,0.0,None,255.0,None,96.07,7.0,None,measurement,30.0,None,{'state': None},96.07,223.0
2022-06-13 19:34:09.993357+00:00,None,1.0,46.83,0.4331,power,46.83,0.0,0.0,None,255.0,None,96.58,7.0,None,measurement,30.0,None,{'state': None},96.07,223.0
2022-06-13 19:34:09.999797+00:00,None,1.0,46.83,0.4331,power,46.83,0.0,0.0,None,255.0,None,96.58,7.0,None,measurement,30.0,None,{'state': None},96.58,223.0
2022-06-13 19:40:04.454736+00:00,None,1.0,46.84,0.4331,power,46.84,0.0,0.0,None,255.0,None,96.58,7.0,None,measurement,30.0,None,{'state': None},96.58,223.0
2022-06-13 19:40:34.263727+00:00,None,1.0,46.84,0.4331,power,46.84,0.0,0.0,None,255.0,None,79.47,7.0,None,measurement,30.0,None,{'state': None},96.58,223.0
2022-06-13 19:40:34.270221+00:00,None,1.0,46.84,0.4331,power,46.84,0.0,0.0,None,255.0,None,79.47,7.0,None,measurement,30.0,None,{'state': None},79.47,223.0
2022-06-13 19:40:44.346953+00:00,None,1.0,46.84,0.4331,power,46.84,0.0,0.0,None,255.0,None,96.07,7.0,None,measurement,30.0,None,{'state': None},79.47,223.0
2022-06-13 19:40:44.353000+00:00,None,1.0,46.84,0.4331,power,46.84,0.0,0.0,None,255.0,None,96.07,7.0,None,measurement,30.0,None,{'state': None},96.07,223.0
2022-06-13 19:44:16.075143+00:00,None,1.0,46.84,0.4331,power,46.84,0.0,0.0,None,255.0,None,80.98,7.0,None,measurement,30.0,None,{'state': None},96.07,223.0
2022-06-13 19:44:16.080228+00:00,None,1.0,46.84,0.4331,power,46.84,0.0,0.0,None,255.0,None,80.98,7.0,None,measurement,30.0,None,{'state': None},80.98,223.0
2022-06-13 19:44:26.132543+00:00,None,1.0,46.84,0.4331,power,46.84,0.0,0.0,None,255.0,None,90.54,7.0,None,measurement,30.0,None,{'state': None},80.98,223.0
2022-06-13 19:44:26.137851+00:00,None,1.0,46.84,0.4331,power,46.84,0.0,0.0,None,255.0,None,90.54,7.0,None,measurement,30.0,None,{'state': None},90.54,223.0
2022-06-13 19:44:36.218615+00:00,None,1.0,46.84,0.4331,power,46.84,0.0,0.0,None,255.0,None,96.58,7.0,None,measurement,30.0,None,{'state': None},90.54,223.0
2022-06-13 19:44:36.224290+00:00,None,1.0,46.84,0.4331,power,46.84,0.0,0.0,None,255.0,None,96.58,7.0,None,measurement,30.0,None,{'state': None},96.58,223.0
2022-06-13 19:44:56.371617+00:00,None,1.0,46.84,0.4331,power,46.84,0.0,0.0,None,255.0,None,89.53,7.0,None,measurement,30.0,None,{'state': None},96.58,223.0
2022-06-13 19:44:56.377787+00:00,None,1.0,46.84,0.4331,power,46.84,0.0,0.0,None,255.0,None,89.53,7.0,None,measurement,30.0,None,{'state': None},89.53,223.0
2022-06-13 19:45:18.367760+00:00,None,1.0,46.85,0.4195,power,46.85,0.0,0.0,None,255.0,None,93.56,7.0,None,measurement,30.0,None,{'state': None},89.53,223.0
2022-06-13 19:45:18.374471+00:00,None,1.0,46.85,0.4195,power,46.85,0.0,0.0,None,255.0,None,93.56,7.0,None,measurement,30.0,None,{'state': None},93.56,223.0
2022-06-13 19:45:36.713862+00:00,None,1.0,46.85,0.4195,power,46.85,0.0,0.0,None,255.0,None,96.58,7.0,None,measurement,30.0,None,{'state': None},93.56,223.0
2022-06-13 19:45:36.721172+00:00,None,1.0,46.85,0.4195,power,46.85,0.0,0.0,None,255.0,None,96.58,7.0,None,measurement,30.0,None,{'state': None},96.58,223.0
2022-06-13 19:49:08.418201+00:00,None,1.0,46.85,0.4195,power,46.85,0.0,0.0,None,255.0,None,78.47,7.0,None,measurement,30.0,None,{'state': None},96.58,223.0
2022-06-13 19:49:08.424080+00:00,None,1.0,46.85,0.4195,power,46.85,0.0,0.0,None,255.0,None,78.47,7.0,None,measurement,30.0,None,{'state': None},78.47,223.0
2022-06-13 19:49:20.912510+00:00,None,1.0,46.85,0.4195,power,46.85,0.0,0.0,None,255.0,None,20.96,7.0,None,measurement,30.0,None,{'state': None},78.47,223.0
2022-06-13 19:49:20.917421+00:00,None,1.0,46.85,0.4195,power,46.85,0.0,0.0,None,255.0,None,20.96,7.0,None,measurement,30.0,None,{'state': None},20.96,223.0
2022-06-13 19:49:23.526860+00:00,None,1.0,46.85,0.4195,power,46.85,0.0,0.0,None,255.0,None,85.51,7.0,None,measurement,30.0,None,{'state': None},20.96,223.0
2022-06-13 19:49:23.532288+00:00,None,1.0,46.85,0.4195,power,46.85,0.0,0.0,None,255.0,None,85.51,7.0,None,measurement,30.0,None,{'state': None},85.51,223.0
2022-06-13 19:49:33.618297+00:00,None,1.0,46.85,0.4195,power,46.85,0.0,0.0,None,255.0,None,76.46,7.0,None,measurement,30.0,None,{'state': None},85.51,223.0
2022-06-13 19:49:33.623634+00:00,None,1.0,46.85,0.4195,power,46.85,0.0,0.0,None,255.0,None,76.46,7.0,None,measurement,30.0,None,{'state': None},76.46,223.0
2022-06-13 19:49:43.713744+00:00,None,1.0,46.85,0.4195,power,46.85,0.0,0.0,None,255.0,None,96.58,7.0,None,measurement,30.0,None,{'state': None},76.46,223.0
2022-06-13 19:49:43.724243+00:00,None,1.0,46.85,0.4195,power,46.85,0.0,0.0,None,255.0,None,96.58,7.0,None,measurement,30.0,None,{'state': None},96.58,223.0
2022-06-13 19:52:11.931781+00:00,None,1.0,46.86,0.4308,power,46.86,0.0,0.0,None,255.0,None,96.07,7.0,None,measurement,30.0,None,{'state': None},96.58,223.0
2022-06-13 19:52:11.937786+00:00,None,1.0,46.86,0.4308,power,46.86,0.0,0.0,None,255.0,None,96.07,7.0,None,measurement,30.0,None,{'state': None},96.07,223.0
2022-06-13 19:58:07.779499+00:00,None,1.0,46.86,0.4308,power,46.86,0.0,0.0,None,255.0,None,63.88,7.0,None,measurement,30.0,None,{'state': None},96.07,223.0
2022-06-13 19:58:07.785707+00:00,None,1.0,46.86,0.4308,power,46.86,0.0,0.0,None,255.0,None,63.88,7.0,None,measurement,30.0,None,{'state': None},63.88,223.0
2022-06-13 19:58:17.853178+00:00,None,1.0,46.86,0.4308,power,46.86,0.0,0.0,None,255.0,None,96.58,7.0,None,measurement,30.0,None,{'state': None},63.88,223.0
2022-06-13 19:58:17.857668+00:00,None,1.0,46.86,0.4308,power,46.86,0.0,0.0,None,255.0,None,96.58,7.0,None,measurement,30.0,None,{'state': None},96.58,223.0
2022-06-13 19:59:52.653854+00:00,None,1.0,46.88,0.4308,power,46.88,0.0,0.0,None,255.0,None,96.07,7.0,None,measurement,30.0,None,{'state': None},96.58,223.0
2022-06-13 19:59:52.657733+00:00,None,1.0,46.88,0.4308,power,46.88,0.0,0.0,None,255.0,None,96.07,7.0,None,measurement,30.0,None,{'state': None},96.07,223.0
2022-06-13 20:04:00.623559+00:00,None,1.0,46.88,0.4308,power,46.88,0.0,0.0,None,255.0,None,89.53,7.0,None,measurement,30.0,None,{'state': None},96.07,223.0
2022-06-13 20:04:00.629880+00:00,None,1.0,46.88,0.4308,power,46.88,0.0,0.0,None,255.0,None,89.53,7.0,None,measurement,30.0,None,{'state': None},89.53,223.0
2022-06-13 20:04:10.695796+00:00,None,1.0,46.88,0.4308,power,46.88,0.0,0.0,None,255.0,None,96.58,7.0,None,measurement,30.0,None,{'state': None},89.53,223.0
2022-06-13 20:04:10.700317+00:00,None,1.0,46.88,0.4308,power,46.88,0.0,0.0,None,255.0,None,96.58,7.0,None,measurement,30.0,None,{'state': None},96.58,223.0
2022-06-13 20:05:51.510901+00:00,None,1.0,46.88,0.4308,power,46.88,0.0,0.0,None,255.0,None,90.54,7.0,None,measurement,30.0,None,{'state': None},96.58,223.0
2022-06-13 20:05:51.516605+00:00,None,1.0,46.88,0.4308,power,46.88,0.0,0.0,None,255.0,None,90.54,7.0,None,measurement,30.0,None,{'state': None},90.54,223.0
2022-06-13 20:06:22.790027+00:00,None,1.0,46.89,0.4038,power,46.89,0.0,0.0,None,255.0,None,90.04,7.0,None,measurement,30.0,None,{'state': None},90.54,223.0
2022-06-13 20:06:22.794801+00:00,None,1.0,46.89,0.4038,power,46.89,0.0,0.0,None,255.0,None,90.04,7.0,None,measurement,30.0,None,{'state': None},90.04,223.0
2022-06-13 20:06:31.835790+00:00,None,1.0,46.89,0.4038,power,46.89,0.0,0.0,None,255.0,None,96.58,7.0,None,measurement,30.0,None,{'state': None},90.04,223.0
2022-06-13 20:06:31.841416+00:00,None,1.0,46.89,0.4038,power,46.89,0.0,0.0,None,255.0,None,96.58,7.0,None,measurement,30.0,None,{'state': None},96.58,223.0
2022-06-13 20:12:20.186726+00:00,None,1.0,46.9,0.4308,power,46.9,0.0,0.0,None,255.0,None,96.07,7.0,None,measurement,30.0,None,{'state': None},96.58,223.0
2022-06-13 20:12:20.194451+00:00,None,1.0,46.9,0.4308,power,46.9,0.0,0.0,None,255.0,None,96.07,7.0,None,measurement,30.0,None,{'state': None},96.07,223.0
2022-06-13 20:13:55.424646+00:00,None,1.0,46.9,0.4308,power,46.9,0.0,0.0,None,255.0,None,83.0,7.0,None,measurement,30.0,None,{'state': None},96.07,223.0
2022-06-13 20:13:55.431559+00:00,None,1.0,46.9,0.4308,power,46.9,0.0,0.0,None,255.0,None,83.0,7.0,None,measurement,30.0,None,{'state': None},83.0,223.0
2022-06-13 20:14:05.502208+00:00,None,1.0,46.9,0.4308,power,46.9,0.0,0.0,None,255.0,None,56.84,7.0,None,measurement,30.0,None,{'state': None},83.0,223.0
2022-06-13 20:14:05.508897+00:00,None,1.0,46.9,0.4308,power,46.9,0.0,0.0,None,255.0,None,56.84,7.0,None,measurement,30.0,None,{'state': None},56.84,223.0
2022-06-13 20:14:15.589045+00:00,None,1.0,46.9,0.4308,power,46.9,0.0,0.0,None,255.0,None,47.78,7.0,None,measurement,30.0,None,{'state': None},56.84,223.0
2022-06-13 20:14:15.596514+00:00,None,1.0,46.9,0.4308,power,46.9,0.0,0.0,None,255.0,None,47.78,7.0,None,measurement,30.0,None,{'state': None},47.78,223.0
2022-06-13 20:14:29.100069+00:00,None,1.0,46.9,0.4308,power,46.9,0.0,0.0,None,255.0,None,11.43,7.0,None,measurement,30.0,None,{'state': None},47.78,223.0
2022-06-13 20:14:29.105760+00:00,None,1.0,46.9,0.4308,power,46.9,0.0,0.0,None,255.0,None,11.43,7.0,None,measurement,30.0,None,{'state': None},11.43,223.0
2022-06-13 20:15:54.187175+00:00,None,1.0,46.9,0.4308,power,46.9,0.0,0.0,None,255.0,None,0.64,7.0,None,measurement,30.0,None,{'state': None},11.43,223.0
2022-06-13 20:15:54.193065+00:00,None,1.0,46.9,0.4308,power,46.9,0.0,0.0,None,255.0,None,0.64,7.0,None,measurement,30.0,None,{'state': None},0.64,223.0
2022-06-13 20:17:30.372393+00:00,None,1.0,46.9,0.0039,power,46.9,0.0,0.0,None,255.0,None,0.86,7.0,None,measurement,30.0,None,{'state': None},0.64,223.0
2022-06-13 20:17:30.378063+00:00,None,1.0,46.9,0.0039,power,46.9,0.0,0.0,None,255.0,None,0.86,7.0,None,measurement,30.0,None,{'state': None},0.86,223.0
2022-06-13 20:22:47.636467+00:00,None,1.0,46.9,0.0028,power,46.9,0.0,0.0,None,255.0,None,0.62,7.0,None,measurement,30.0,None,{'state': None},0.86,223.0
2022-06-13 20:22:47.641797+00:00,None,1.0,46.9,0.0028,power,46.9,0.0,0.0,None,255.0,None,0.62,7.0,None,measurement,30.0,None,{'state': None},0.62,223.0
2022-06-13 20:28:17.894207+00:00,None,1.0,46.9,0.0029,power,46.9,0.0,0.0,None,255.0,None,0.65,7.0,None,measurement,30.0,None,{'state': None},0.62,223.0
2022-06-13 20:28:17.899763+00:00,None,1.0,46.9,0.0029,power,46.9,0.0,0.0,None,255.0,None,0.65,7.0,None,measurement,30.0,None,{'state': None},0.65,223.0
2022-06-13 20:33:23.354468+00:00,None,1.0,46.9,0.0029,power,46.9,0.0,0.0,None,255.0,None,0.64,7.0,None,measurement,30.0,None,{'state': None},0.65,223.0
2022-06-13 20:33:23.363313+00:00,None,1.0,46.9,0.0029,power,46.9,0.0,0.0,None,255.0,None,0.64,7.0,None,measurement,30.0,None,{'state': None},0.64,223.0
2022-06-13 20:34:41.594197+00:00,None,1.0,46.9,0.0029,power,46.9,0.0,0.0,None,255.0,None,55.33,7.0,None,measurement,30.0,None,{'state': None},0.64,223.0
2022-06-13 20:34:41.602387+00:00,None,1.0,46.9,0.0029,power,46.9,0.0,0.0,None,255.0,None,55.33,7.0,None,measurement,30.0,None,{'state': None},55.33,223.0
2022-06-13 20:35:02.123367+00:00,None,1.0,46.9,0.0029,power,46.9,0.0,0.0,None,255.0,None,41.92,7.0,None,measurement,30.0,None,{'state': None},55.33,223.0
2022-06-13 20:35:02.130253+00:00,None,1.0,46.9,0.0029,power,46.9,0.0,0.0,None,255.0,None,41.92,7.0,None,measurement,30.0,None,{'state': None},41.92,223.0
2022-06-13 20:35:03.435634+00:00,None,1.0,46.9,0.0029,power,46.9,0.0,0.0,None,255.0,None,50.3,7.0,None,measurement,30.0,None,{'state': None},41.92,223.0
2022-06-13 20:35:03.441694+00:00,None,1.0,46.9,0.0029,power,46.9,0.0,0.0,None,255.0,None,50.3,7.0,None,measurement,30.0,None,{'state': None},50.3,223.0
2022-06-13 20:35:05.966285+00:00,None,1.0,46.9,0.0029,power,46.9,0.0,0.0,None,255.0,None,45.73,7.0,None,measurement,30.0,None,{'state': None},50.3,223.0
2022-06-13 20:35:05.975230+00:00,None,1.0,46.9,0.0029,power,46.9,0.0,0.0,None,255.0,None,45.73,7.0,None,measurement,30.0,None,{'state': None},45.73,223.0
2022-06-13 20:35:07.172575+00:00,None,1.0,46.9,0.0029,power,46.9,0.0,0.0,None,255.0,None,50.3,7.0,None,measurement,30.0,None,{'state': None},45.73,223.0
2022-06-13 20:35:07.180026+00:00,None,1.0,46.9,0.0029,power,46.9,0.0,0.0,None,255.0,None,50.3,7.0,None,measurement,30.0,None,{'state': None},50.3,223.0
2022-06-13 20:35:08.484319+00:00,None,1.0,46.9,0.0029,power,46.9,0.0,0.0,None,255.0,None,45.73,7.0,None,measurement,30.0,None,{'state': None},50.3,223.0
2022-06-13 20:35:08.491760+00:00,None,1.0,46.9,0.0029,power,46.9,0.0,0.0,None,255.0,None,45.73,7.0,None,measurement,30.0,None,{'state': None},45.73,223.0
2022-06-13 20:35:09.681079+00:00,None,1.0,46.9,0.0029,power,46.9,0.0,0.0,None,255.0,None,50.3,7.0,None,measurement,30.0,None,{'state': None},45.73,223.0
2022-06-13 20:35:09.688560+00:00,None,1.0,46.9,0.0029,power,46.9,0.0,0.0,None,255.0,None,50.3,7.0,None,measurement,30.0,None,{'state': None},50.3,223.0
2022-06-13 20:35:10.993099+00:00,None,1.0,46.9,0.0029,power,46.9,0.0,0.0,None,255.0,None,45.73,7.0,None,measurement,30.0,None,{'state': None},50.3,223.0
2022-06-13 20:35:10.998797+00:00,None,1.0,46.9,0.0029,power,46.9,0.0,0.0,None,255.0,None,45.73,7.0,None,measurement,30.0,None,{'state': None},45.73,223.0
2022-06-13 20:35:12.206509+00:00,None,1.0,46.9,0.0029,power,46.9,0.0,0.0,None,255.0,None,50.3,7.0,None,measurement,30.0,None,{'state': None},45.73,223.0
2022-06-13 20:35:12.211912+00:00,None,1.0,46.9,0.0029,power,46.9,0.0,0.0,None,255.0,None,50.3,7.0,None,measurement,30.0,None,{'state': None},50.3,223.0
2022-06-13 20:35:13.530531+00:00,None,1.0,46.9,0.0029,power,46.9,0.0,0.0,None,255.0,None,45.73,7.0,None,measurement,30.0,None,{'state': None},50.3,223.0
2022-06-13 20:35:13.540116+00:00,None,1.0,46.9,0.0029,power,46.9,0.0,0.0,None,255.0,None,45.73,7.0,None,measurement,30.0,None,{'state': None},45.73,223.0
2022-06-13 20:35:19.875587+00:00,None,1.0,46.9,0.0029,power,46.9,0.0,0.0,None,255.0,None,50.3,7.0,None,measurement,30.0,None,{'state': None},45.73,223.0
2022-06-13 20:35:19.882699+00:00,None,1.0,46.9,0.0029,power,46.9,0.0,0.0,None,255.0,None,50.3,7.0,None,measurement,30.0,None,{'state': None},50.3,223.0
2022-06-13 20:35:22.378264+00:00,None,1.0,46.9,0.0029,power,46.9,0.0,0.0,None,255.0,None,45.73,7.0,None,measurement,30.0,None,{'state': None},50.3,223.0
2022-06-13 20:35:22.382766+00:00,None,1.0,46.9,0.0029,power,46.9,0.0,0.0,None,255.0,None,45.73,7.0,None,measurement,30.0,None,{'state': None},45.73,223.0
2022-06-13 20:35:23.691864+00:00,None,1.0,46.9,0.0029,power,46.9,0.0,0.0,None,255.0,None,50.3,7.0,None,measurement,30.0,None,{'state': None},45.73,223.0
2022-06-13 20:35:23.698363+00:00,None,1.0,46.9,0.0029,power,46.9,0.0,0.0,None,255.0,None,50.3,7.0,None,measurement,30.0,None,{'state': None},50.3,223.0
2022-06-13 20:35:24.924917+00:00,None,1.0,46.9,0.0029,power,46.9,0.0,0.0,None,255.0,None,45.73,7.0,None,measurement,30.0,None,{'state': None},50.3,223.0
2022-06-13 20:35:24.931750+00:00,None,1.0,46.9,0.0029,power,46.9,0.0,0.0,None,255.0,None,45.73,7.0,None,measurement,30.0,None,{'state': None},45.73,223.0
2022-06-13 20:35:26.226838+00:00,None,1.0,46.9,0.0029,power,46.9,0.0,0.0,None,255.0,None,50.3,7.0,None,measurement,30.0,None,{'state': None},45.73,223.0
2022-06-13 20:35:26.235975+00:00,None,1.0,46.9,0.0029,power,46.9,0.0,0.0,None,255.0,None,50.3,7.0,None,measurement,30.0,None,{'state': None},50.3,223.0
2022-06-13 20:35:27.532622+00:00,None,1.0,46.9,0.0029,power,46.9,0.0,0.0,None,255.0,None,45.73,7.0,None,measurement,30.0,None,{'state': None},50.3,223.0
2022-06-13 20:35:27.539399+00:00,None,1.0,46.9,0.0029,power,46.9,0.0,0.0,None,255.0,None,45.73,7.0,None,measurement,30.0,None,{'state': None},45.73,223.0
2022-06-13 20:35:28.746480+00:00,None,1.0,46.9,0.0029,power,46.9,0.0,0.0,None,255.0,None,50.3,7.0,None,measurement,30.0,None,{'state': None},45.73,223.0
2022-06-13 20:35:28.752150+00:00,None,1.0,46.9,0.0029,power,46.9,0.0,0.0,None,255.0,None,50.3,7.0,None,measurement,30.0,None,{'state': None},50.3,223.0
2022-06-13 20:35:30.056371+00:00,None,1.0,46.9,0.0029,power,46.9,0.0,0.0,None,255.0,None,45.73,7.0,None,measurement,30.0,None,{'state': None},50.3,223.0
2022-06-13 20:35:30.062659+00:00,None,1.0,46.9,0.0029,power,46.9,0.0,0.0,None,255.0,None,45.73,7.0,None,measurement,30.0,None,{'state': None},45.73,223.0
2022-06-13 20:35:31.268059+00:00,None,1.0,46.9,0.0029,power,46.9,0.0,0.0,None,255.0,None,50.3,7.0,None,measurement,30.0,None,{'state': None},45.73,223.0
2022-06-13 20:35:31.273762+00:00,None,1.0,46.9,0.0029,power,46.9,0.0,0.0,None,255.0,None,50.3,7.0,None,measurement,30.0,None,{'state': None},50.3,223.0
2022-06-13 20:35:32.573754+00:00,None,1.0,46.9,0.0029,power,46.9,0.0,0.0,None,255.0,None,45.73,7.0,None,measurement,30.0,None,{'state': None},50.3,223.0
2022-06-13 20:35:32.581373+00:00,None,1.0,46.9,0.0029,power,46.9,0.0,0.0,None,255.0,None,45.73,7.0,None,measurement,30.0,None,{'state': None},45.73,223.0
2022-06-13 20:35:33.871037+00:00,None,1.0,46.9,0.0029,power,46.9,0.0,0.0,None,255.0,None,50.3,7.0,None,measurement,30.0,None,{'state': None},45.73,223.0
2022-06-13 20:35:33.877264+00:00,None,1.0,46.9,0.0029,power,46.9,0.0,0.0,None,255.0,None,50.3,7.0,None,measurement,30.0,None,{'state': None},50.3,223.0
2022-06-13 20:35:35.104074+00:00,None,1.0,46.9,0.0029,power,46.9,0.0,0.0,None,255.0,None,45.73,7.0,None,measurement,30.0,None,{'state': None},50.3,223.0
2022-06-13 20:35:35.109681+00:00,None,1.0,46.9,0.0029,power,46.9,0.0,0.0,None,255.0,None,45.73,7.0,None,measurement,30.0,None,{'state': None},45.73,223.0
2022-06-13 20:35:40.343208+00:00,None,1.0,46.9,0.0029,power,46.9,0.0,0.0,None,255.0,None,50.3,7.0,None,measurement,30.0,None,{'state': None},45.73,223.0
2022-06-13 20:35:40.349273+00:00,None,1.0,46.9,0.0029,power,46.9,0.0,0.0,None,255.0,None,50.3,7.0,None,measurement,30.0,None,{'state': None},50.3,223.0
2022-06-13 20:36:36.692490+00:00,None,1.0,46.9,0.0029,power,46.9,0.0,0.0,None,255.0,None,31.44,7.0,None,measurement,30.0,None,{'state': None},50.3,223.0
2022-06-13 20:36:36.698485+00:00,None,1.0,46.9,0.0029,power,46.9,0.0,0.0,None,255.0,None,31.44,7.0,None,measurement,30.0,None,{'state': None},31.44,223.0
2022-06-13 20:36:38.010845+00:00,None,1.0,46.9,0.0029,power,46.9,0.0,0.0,None,255.0,None,45.73,7.0,None,measurement,30.0,None,{'state': None},31.44,223.0
2022-06-13 20:36:38.017182+00:00,None,1.0,46.9,0.0029,power,46.9,0.0,0.0,None,255.0,None,45.73,7.0,None,measurement,30.0,None,{'state': None},45.73,223.0
2022-06-13 20:36:41.016135+00:00,None,1.0,46.9,0.0029,power,46.9,0.0,0.0,None,255.0,None,55.33,7.0,None,measurement,30.0,None,{'state': None},45.73,223.0
2022-06-13 20:36:41.019705+00:00,None,1.0,46.9,0.0029,power,46.9,0.0,0.0,None,255.0,None,55.33,7.0,None,measurement,30.0,None,{'state': None},55.33,223.0
2022-06-13 20:37:11.262101+00:00,None,1.0,46.9,0.0029,power,46.9,0.0,0.0,None,255.0,None,48.79,7.0,None,measurement,30.0,None,{'state': None},55.33,223.0
2022-06-13 20:37:11.271580+00:00,None,1.0,46.9,0.0029,power,46.9,0.0,0.0,None,255.0,None,48.79,7.0,None,measurement,30.0,None,{'state': None},48.79,223.0
2022-06-13 20:37:21.352206+00:00,None,1.0,46.9,0.0029,power,46.9,0.0,0.0,None,255.0,None,55.33,7.0,None,measurement,30.0,None,{'state': None},48.79,223.0
2022-06-13 20:37:21.362669+00:00,None,1.0,46.9,0.0029,power,46.9,0.0,0.0,None,255.0,None,55.33,7.0,None,measurement,30.0,None,{'state': None},55.33,223.0
2022-06-13 20:38:28.605174+00:00,None,1.0,46.9,0.2436,power,46.9,0.0,0.0,None,255.0,None,54.32,7.0,None,measurement,30.0,None,{'state': None},55.33,223.0
2022-06-13 20:38:28.610615+00:00,None,1.0,46.9,0.2436,power,46.9,0.0,0.0,None,255.0,None,54.32,7.0,None,measurement,30.0,None,{'state': None},54.32,223.0
2022-06-13 20:39:52.557081+00:00,None,1.0,46.9,0.2436,power,46.9,0.0,0.0,None,255.0,None,58.85,7.0,None,measurement,30.0,None,{'state': None},54.32,223.0
2022-06-13 20:39:52.563172+00:00,None,1.0,46.9,0.2436,power,46.9,0.0,0.0,None,255.0,None,58.85,7.0,None,measurement,30.0,None,{'state': None},58.85,223.0
2022-06-13 20:45:47.674061+00:00,None,1.0,46.91,0.2684,power,46.91,0.0,0.0,None,255.0,None,59.86,7.0,None,measurement,30.0,None,{'state': None},58.85,223.0
2022-06-13 20:45:47.682546+00:00,None,1.0,46.91,0.2684,power,46.91,0.0,0.0,None,255.0,None,59.86,7.0,None,measurement,30.0,None,{'state': None},59.86,223.0
2022-06-13 20:51:18.094020+00:00,None,1.0,46.91,0.2684,power,46.91,0.0,0.0,None,255.0,None,52.81,7.0,None,measurement,30.0,None,{'state': None},59.86,223.0
2022-06-13 20:51:18.100111+00:00,None,1.0,46.91,0.2684,power,46.91,0.0,0.0,None,255.0,None,52.81,7.0,None,measurement,30.0,None,{'state': None},52.81,223.0
2022-06-13 20:53:42.662456+00:00,None,1.0,46.92,0.2436,power,46.92,0.0,0.0,None,255.0,None,54.32,7.0,None,measurement,30.0,None,{'state': None},52.81,223.0
2022-06-13 20:53:42.665995+00:00,None,1.0,46.92,0.2436,power,46.92,0.0,0.0,None,255.0,None,54.32,7.0,None,measurement,30.0,None,{'state': None},54.32,223.0
2022-06-13 21:00:14.300452+00:00,None,1.0,46.92,0.2504,power,46.92,0.0,0.0,None,255.0,None,55.83,7.0,None,measurement,30.0,None,{'state': None},54.32,223.0
2022-06-13 21:00:14.304308+00:00,None,1.0,46.92,0.2504,power,46.92,0.0,0.0,None,255.0,None,55.83,7.0,None,measurement,30.0,None,{'state': None},55.83,223.0
2022-06-13 21:00:32.547075+00:00,None,1.0,46.92,0.2504,power,46.92,0.0,0.0,None,255.0,None,59.35,7.0,None,measurement,30.0,None,{'state': None},55.83,223.0
2022-06-13 21:00:32.552553+00:00,None,1.0,46.92,0.2504,power,46.92,0.0,0.0,None,255.0,None,59.35,7.0,None,measurement,30.0,None,{'state': None},59.35,223.0
2022-06-13 21:00:58.149993+00:00,None,1.0,46.92,0.2504,power,46.92,0.0,0.0,None,255.0,None,10.7,7.0,None,measurement,30.0,None,{'state': None},59.35,223.0
2022-06-13 21:00:58.155056+00:00,None,1.0,46.92,0.2504,power,46.92,0.0,0.0,None,255.0,None,10.7,7.0,None,measurement,30.0,None,{'state': None},10.7,223.0
2022-06-13 21:02:22.437388+00:00,None,1.0,46.92,0.2504,power,46.92,0.0,0.0,None,255.0,None,0.69,7.0,None,measurement,30.0,None,{'state': None},10.7,223.0
2022-06-13 21:02:22.442142+00:00,None,1.0,46.92,0.2504,power,46.92,0.0,0.0,None,255.0,None,0.69,7.0,None,measurement,30.0,None,{'state': None},0.69,223.0
2022-06-13 21:07:14.004323+00:00,None,1.0,46.92,0.0034,power,46.92,0.0,0.0,None,255.0,None,0.76,7.0,None,measurement,30.0,None,{'state': None},0.69,223.0
2022-06-13 21:07:14.010083+00:00,None,1.0,46.92,0.0034,power,46.92,0.0,0.0,None,255.0,None,0.76,7.0,None,measurement,30.0,None,{'state': None},0.76,223.0
2022-06-13 21:13:58.458208+00:00,None,1.0,46.92,0.0036,power,46.92,0.0,0.0,None,255.0,None,0.8,7.0,None,measurement,29.0,None,{'state': None},0.76,223.0
2022-06-13 21:13:58.463805+00:00,None,1.0,46.92,0.0036,power,46.92,0.0,0.0,None,255.0,None,0.8,7.0,None,measurement,29.0,None,{'state': None},0.8,223.0
2022-06-13 21:21:48.146842+00:00,None,1.0,46.92,0.0037,power,46.92,0.0,0.0,None,255.0,None,0.83,7.0,None,measurement,29.0,None,{'state': None},0.8,223.0
2022-06-13 21:21:48.152340+00:00,None,1.0,46.92,0.0037,power,46.92,0.0,0.0,None,255.0,None,0.83,7.0,None,measurement,29.0,None,{'state': None},0.83,223.0
2022-06-13 21:28:26.162575+00:00,None,1.0,46.92,0.003,power,46.92,0.0,0.0,None,255.0,None,0.67,7.0,None,measurement,29.0,None,{'state': None},0.83,223.0
2022-06-13 21:28:26.169881+00:00,None,1.0,46.92,0.003,power,46.92,0.0,0.0,None,255.0,None,0.67,7.0,None,measurement,29.0,None,{'state': None},0.67,223.0
2022-06-13 21:35:09.587605+00:00,None,1.0,46.92,0.0035,power,46.92,0.0,0.0,None,255.0,None,0.78,7.0,None,measurement,29.0,None,{'state': None},0.67,223.0
2022-06-13 21:35:09.593094+00:00,None,1.0,46.92,0.0035,power,46.92,0.0,0.0,None,255.0,None,0.78,7.0,None,measurement,29.0,None,{'state': None},0.78,223.0
2022-06-13 21:41:53.646448+00:00,None,1.0,46.92,0.0025,power,46.92,0.0,0.0,None,255.0,None,0.57,7.0,None,measurement,29.0,None,{'state': None},0.78,223.0
2022-06-13 21:41:53.651009+00:00,None,1.0,46.92,0.0025,power,46.92,0.0,0.0,None,255.0,None,0.57,7.0,None,measurement,29.0,None,{'state': None},0.57,223.0
2022-06-13 21:49:46.644330+00:00,None,1.0,46.92,0.004,power,46.92,0.0,0.0,None,255.0,None,0.88,7.0,None,measurement,29.0,None,{'state': None},0.57,223.0
2022-06-13 21:49:46.650099+00:00,None,1.0,46.92,0.004,power,46.92,0.0,0.0,None,255.0,None,0.88,7.0,None,measurement,29.0,None,{'state': None},0.88,223.0
2022-06-13 21:54:53.932835+00:00,None,1.0,46.92,0.0026,power,46.92,0.0,0.0,None,255.0,None,0.6,7.0,None,measurement,29.0,None,{'state': None},0.88,230.0
2022-06-13 21:54:53.936700+00:00,None,1.0,46.92,0.0026,power,46.92,0.0,0.0,None,255.0,None,0.6,7.0,None,measurement,29.0,None,{'state': None},0.6,230.0
2022-06-13 22:01:10.466890+00:00,None,1.0,46.92,0.003,power,46.92,0.0,0.0,None,255.0,None,0.66,7.0,None,measurement,29.0,None,{'state': None},0.6,223.0
2022-06-13 22:01:10.470869+00:00,None,1.0,46.92,0.003,power,46.92,0.0,0.0,None,255.0,None,0.66,7.0,None,measurement,29.0,None,{'state': None},0.66,223.0
2022-06-13 22:07:02.996929+00:00,None,1.0,46.92,0.0037,power,46.92,0.0,0.0,None,255.0,None,0.83,7.0,None,measurement,29.0,None,{'state': None},0.66,223.0
2022-06-13 22:07:03.003226+00:00,None,1.0,46.92,0.0037,power,46.92,0.0,0.0,None,255.0,None,0.83,7.0,None,measurement,29.0,None,{'state': None},0.83,223.0
2022-06-13 22:13:11.483777+00:00,None,1.0,46.92,0.0026,power,46.92,0.0,0.0,None,255.0,None,0.59,7.0,None,measurement,29.0,None,{'state': None},0.83,223.0
2022-06-13 22:13:11.490470+00:00,None,1.0,46.92,0.0026,power,46.92,0.0,0.0,None,255.0,None,0.59,7.0,None,measurement,29.0,None,{'state': None},0.59,223.0
2022-06-13 22:19:37.280848+00:00,None,1.0,46.92,0.0037,power,46.92,0.0,0.0,None,255.0,None,0.83,7.0,None,measurement,29.0,None,{'state': None},0.59,223.0
2022-06-13 22:19:37.285794+00:00,None,1.0,46.92,0.0037,power,46.92,0.0,0.0,None,255.0,None,0.83,7.0,None,measurement,29.0,None,{'state': None},0.83,223.0
2022-06-13 22:27:27.678207+00:00,None,1.0,46.92,0.0032,power,46.92,0.0,0.0,None,255.0,None,0.71,7.0,None,measurement,29.0,None,{'state': None},0.83,223.0
2022-06-13 22:27:27.684963+00:00,None,1.0,46.92,0.0032,power,46.92,0.0,0.0,None,255.0,None,0.71,7.0,None,measurement,29.0,None,{'state': None},0.71,223.0
2022-06-13 22:35:01.654142+00:00,None,1.0,46.92,0.0029,power,46.92,0.0,0.0,None,255.0,None,0.65,7.0,None,measurement,29.0,None,{'state': None},0.71,223.0
2022-06-13 22:35:01.658716+00:00,None,1.0,46.92,0.0029,power,46.92,0.0,0.0,None,255.0,None,0.65,7.0,None,measurement,29.0,None,{'state': None},0.65,223.0
2022-06-13 22:41:25.537584+00:00,None,1.0,46.92,0.0036,power,46.92,0.0,0.0,None,255.0,None,0.81,7.0,None,measurement,29.0,None,{'state': None},0.65,223.0
2022-06-13 22:41:25.544344+00:00,None,1.0,46.92,0.0036,power,46.92,0.0,0.0,None,255.0,None,0.81,7.0,None,measurement,29.0,None,{'state': None},0.81,223.0
2022-06-13 22:47:56.885044+00:00,None,1.0,46.92,0.003,power,46.92,0.0,0.0,None,255.0,None,0.69,7.0,None,measurement,29.0,None,{'state': None},0.81,230.0
2022-06-13 22:47:56.889819+00:00,None,1.0,46.92,0.003,power,46.92,0.0,0.0,None,255.0,None,0.69,7.0,None,measurement,29.0,None,{'state': None},0.69,230.0
2022-06-13 22:55:34.461955+00:00,None,1.0,46.92,0.0028,power,46.92,0.0,0.0,None,255.0,None,0.65,7.0,None,measurement,29.0,None,{'state': None},0.69,230.0
2022-06-13 22:55:34.468335+00:00,None,1.0,46.92,0.0028,power,46.92,0.0,0.0,None,255.0,None,0.65,7.0,None,measurement,29.0,None,{'state': None},0.65,230.0
2022-06-13 23:01:52.013386+00:00,None,1.0,46.92,0.0024,power,46.92,0.0,0.0,None,255.0,None,0.56,7.0,None,measurement,29.0,None,{'state': None},0.65,230.0
2022-06-13 23:01:52.017188+00:00,None,1.0,46.92,0.0024,power,46.92,0.0,0.0,None,255.0,None,0.56,7.0,None,measurement,29.0,None,{'state': None},0.56,230.0
2022-06-13 23:07:08.976155+00:00,None,1.0,46.92,0.0026,power,46.92,0.0,0.0,None,255.0,None,0.61,7.0,None,measurement,29.0,None,{'state': None},0.56,230.0
2022-06-13 23:07:08.980019+00:00,None,1.0,46.92,0.0026,power,46.92,0.0,0.0,None,255.0,None,0.61,7.0,None,measurement,29.0,None,{'state': None},0.61,230.0
2022-06-13 23:12:34.709963+00:00,None,1.0,46.92,0.0026,power,46.92,0.0,0.0,None,255.0,None,0.59,7.0,None,measurement,29.0,None,{'state': None},0.61,230.0
2022-06-13 23:12:34.716123+00:00,None,1.0,46.92,0.0026,power,46.92,0.0,0.0,None,255.0,None,0.59,7.0,None,measurement,29.0,None,{'state': None},0.59,230.0
2022-06-13 23:18:30.195303+00:00,None,1.0,46.92,0.0031,power,46.92,0.0,0.0,None,255.0,None,0.7,7.0,None,measurement,29.0,None,{'state': None},0.59,230.0
2022-06-13 23:18:30.204757+00:00,None,1.0,46.92,0.0031,power,46.92,0.0,0.0,None,255.0,None,0.7,7.0,None,measurement,29.0,None,{'state': None},0.7,230.0
2022-06-13 23:23:49.127380+00:00,None,1.0,46.92,0.0029,power,46.92,0.0,0.0,None,255.0,None,0.67,7.0,None,measurement,29.0,None,{'state': None},0.7,230.0
2022-06-13 23:23:49.132015+00:00,None,1.0,46.92,0.0029,power,46.92,0.0,0.0,None,255.0,None,0.67,7.0,None,measurement,29.0,None,{'state': None},0.67,230.0
2022-06-13 23:31:26.539108+00:00,None,1.0,46.92,0.0025,power,46.92,0.0,0.0,None,255.0,None,0.59,7.0,None,measurement,29.0,None,{'state': None},0.67,230.0
2022-06-13 23:31:26.545412+00:00,None,1.0,46.92,0.0025,power,46.92,0.0,0.0,None,255.0,None,0.59,7.0,None,measurement,29.0,None,{'state': None},0.59,230.0
2022-06-13 23:37:46.787737+00:00,None,1.0,46.92,0.0041,power,46.92,0.0,0.0,None,255.0,None,0.95,7.0,None,measurement,29.0,None,{'state': None},0.59,230.0
2022-06-13 23:37:46.794007+00:00,None,1.0,46.92,0.0041,power,46.92,0.0,0.0,None,255.0,None,0.95,7.0,None,measurement,29.0,None,{'state': None},0.95,230.0
2022-06-13 23:44:46.063736+00:00,None,1.0,46.92,0.0028,power,46.92,0.0,0.0,None,255.0,None,0.65,7.0,None,measurement,29.0,None,{'state': None},0.95,230.0
2022-06-13 23:44:46.070279+00:00,None,1.0,46.92,0.0028,power,46.92,0.0,0.0,None,255.0,None,0.65,7.0,None,measurement,29.0,None,{'state': None},0.65,230.0
2022-06-13 23:50:08.659263+00:00,None,1.0,46.92,0.0036,power,46.92,0.0,0.0,None,255.0,None,0.83,7.0,None,measurement,29.0,None,{'state': None},0.65,230.0
2022-06-13 23:50:08.665121+00:00,None,1.0,46.92,0.0036,power,46.92,0.0,0.0,None,255.0,None,0.83,7.0,None,measurement,29.0,None,{'state': None},0.83,230.0
2022-06-13 23:57:34.961678+00:00,None,1.0,46.92,0.0034,power,46.92,0.0,0.0,None,255.0,None,0.78,7.0,None,measurement,29.0,None,{'state': None},0.83,230.0
2022-06-13 23:57:34.970213+00:00,None,1.0,46.92,0.0034,power,46.92,0.0,0.0,None,255.0,None,0.78,7.0,None,measurement,29.0,None,{'state': None},0.78,230.0
