time,action_str,angle,angle_x,angle_x_absolute,angle_y,angle_y_absolute,angle_z,battery,icon_str,linkquality,sensitivity_str,state,strength,temperature,vibration,voltage
2022-05-15 06:12:04.038764+00:00,None,5.0,0.0,90.0,76.0,14.0,14.0,100.0,mdi:gesture-double-tap,255.0,high,None,13.0,23.0,0.0,3045.0
2022-05-15 08:18:33.374131+00:00,None,5.0,0.0,90.0,76.0,14.0,14.0,100.0,mdi:gesture-double-tap,255.0,high,None,13.0,24.0,0.0,3045.0
2022-05-15 13:07:49.402171+00:00,None,5.0,0.0,90.0,76.0,14.0,14.0,100.0,mdi:gesture-double-tap,255.0,high,None,13.0,25.0,0.0,3045.0
2022-05-15 22:15:32.414843+00:00,None,5.0,0.0,90.0,76.0,14.0,14.0,100.0,mdi:gesture-double-tap,255.0,high,None,13.0,24.0,0.0,3045.0
2022-05-15 23:12:34.665455+00:00,None,5.0,0.0,90.0,76.0,14.0,14.0,100.0,mdi:gesture-double-tap,255.0,high,None,13.0,25.0,0.0,3055.0
