time,action_str,angle_x_str,angle_y_str,angle_z_str,battery,icon_str,linkquality,sensitivity_str,state,strength,temperature,vibration,voltage
2022-04-30 00:29:37.182115+00:00,vibration,None,None,None,100.0,mdi:gesture-double-tap,255.0,high,None,2.0,24.0,1.0,3015.0
2022-04-30 00:29:37.184993+00:00,vibration,None,None,None,100.0,mdi:gesture-double-tap,255.0,high,vibration,2.0,24.0,1.0,3015.0
2022-04-30 00:29:37.189513+00:00,,None,None,None,100.0,mdi:gesture-double-tap,255.0,high,vibration,2.0,24.0,1.0,3015.0
2022-04-30 00:31:07.201436+00:00,None,None,None,None,100.0,mdi:gesture-double-tap,255.0,high,None,2.0,24.0,0.0,3015.0
2022-04-30 00:33:37.658467+00:00,None,None,None,None,100.0,mdi:gesture-double-tap,255.0,high,None,6.0,24.0,0.0,3015.0
2022-04-30 01:26:36.330750+00:00,vibration,None,None,None,100.0,mdi:gesture-double-tap,255.0,high,None,6.0,24.0,1.0,3015.0
2022-04-30 01:26:36.333891+00:00,vibration,None,None,None,100.0,mdi:gesture-double-tap,255.0,high,vibration,6.0,24.0,1.0,3015.0
2022-04-30 01:26:36.338200+00:00,,None,None,None,100.0,mdi:gesture-double-tap,255.0,high,vibration,6.0,24.0,1.0,3015.0
2022-04-30 01:28:06.349309+00:00,None,None,None,None,100.0,mdi:gesture-double-tap,255.0,high,None,6.0,24.0,0.0,3015.0
2022-04-30 02:25:33.074495+00:00,None,None,None,None,100.0,mdi:gesture-double-tap,255.0,high,None,6.0,24.0,0.0,3025.0
2022-04-30 02:29:35.427637+00:00,None,None,None,None,100.0,mdi:gesture-double-tap,255.0,high,None,2.0,24.0,0.0,3025.0
2022-04-30 03:25:11.097116+00:00,None,None,None,None,100.0,mdi:gesture-double-tap,255.0,high,None,2.0,24.0,0.0,3015.0
2022-04-30 04:18:51.931212+00:00,None,None,None,None,100.0,mdi:gesture-double-tap,255.0,high,None,2.0,24.0,0.0,3025.0
2022-04-30 05:23:49.073046+00:00,None,None,None,None,100.0,mdi:gesture-double-tap,255.0,high,None,5.0,24.0,0.0,3025.0
2022-04-30 05:28:49.671810+00:00,None,None,None,None,100.0,mdi:gesture-double-tap,255.0,high,None,4.0,24.0,0.0,3025.0
2022-04-30 06:07:06.818056+00:00,None,None,None,None,100.0,mdi:gesture-double-tap,255.0,high,None,4.0,24.0,0.0,3015.0
2022-04-30 06:11:09.148389+00:00,None,None,None,None,100.0,mdi:gesture-double-tap,255.0,high,None,2.0,24.0,0.0,3015.0
2022-04-30 07:01:35.280459+00:00,None,None,None,None,100.0,mdi:gesture-double-tap,255.0,high,None,2.0,24.0,0.0,3025.0
2022-04-30 07:05:37.584258+00:00,None,None,None,None,100.0,mdi:gesture-double-tap,255.0,high,None,5.0,24.0,0.0,3025.0
2022-04-30 07:54:54.918772+00:00,None,None,None,None,100.0,mdi:gesture-double-tap,255.0,high,None,5.0,23.0,0.0,3015.0
2022-04-30 07:58:57.180653+00:00,None,None,None,None,100.0,mdi:gesture-double-tap,255.0,high,None,2.0,23.0,0.0,3015.0
2022-04-30 08:48:33.293750+00:00,None,None,None,None,100.0,mdi:gesture-double-tap,255.0,high,None,2.0,24.0,0.0,3015.0
2022-04-30 09:45:36.108984+00:00,None,None,None,None,100.0,mdi:gesture-double-tap,255.0,high,None,2.0,24.0,0.0,3025.0
2022-04-30 10:28:19.604976+00:00,vibration,None,None,None,100.0,mdi:gesture-double-tap,255.0,high,None,2.0,24.0,1.0,3025.0
2022-04-30 10:28:19.608342+00:00,vibration,None,None,None,100.0,mdi:gesture-double-tap,255.0,high,vibration,2.0,24.0,1.0,3025.0
2022-04-30 10:28:19.619072+00:00,,None,None,None,100.0,mdi:gesture-double-tap,255.0,high,vibration,2.0,24.0,1.0,3025.0
2022-04-30 10:29:49.621656+00:00,None,None,None,None,100.0,mdi:gesture-double-tap,255.0,high,None,2.0,24.0,0.0,3025.0
2022-04-30 10:30:20.306845+00:00,vibration,None,None,None,100.0,mdi:gesture-double-tap,247.0,high,None,2.0,24.0,1.0,3025.0
2022-04-30 10:30:20.310606+00:00,vibration,None,None,None,100.0,mdi:gesture-double-tap,247.0,high,vibration,2.0,24.0,1.0,3025.0
2022-04-30 10:30:20.313198+00:00,,None,None,None,100.0,mdi:gesture-double-tap,247.0,high,vibration,2.0,24.0,1.0,3025.0
2022-04-30 10:31:50.322233+00:00,None,None,None,None,100.0,mdi:gesture-double-tap,247.0,high,None,2.0,24.0,0.0,3025.0
2022-04-30 10:32:19.120070+00:00,None,None,None,None,100.0,mdi:gesture-double-tap,255.0,high,None,12.0,24.0,0.0,3025.0
2022-04-30 10:35:23.273169+00:00,None,None,None,None,100.0,mdi:gesture-double-tap,255.0,high,None,12.0,24.0,0.0,3015.0
2022-04-30 10:39:25.670295+00:00,None,None,None,None,100.0,mdi:gesture-double-tap,255.0,high,None,5.0,24.0,0.0,3015.0
2022-04-30 11:07:19.753180+00:00,vibration,None,None,None,100.0,mdi:gesture-double-tap,255.0,high,None,5.0,24.0,1.0,3015.0
2022-04-30 11:07:19.756772+00:00,vibration,None,None,None,100.0,mdi:gesture-double-tap,255.0,high,vibration,5.0,24.0,1.0,3015.0
2022-04-30 11:07:19.760487+00:00,,None,None,None,100.0,mdi:gesture-double-tap,255.0,high,vibration,5.0,24.0,1.0,3015.0
2022-04-30 11:07:19.785915+00:00,None,None,None,None,100.0,mdi:gesture-double-tap,255.0,high,None,17.0,24.0,1.0,3015.0
2022-04-30 11:08:16.476436+00:00,None,None,None,None,100.0,mdi:gesture-double-tap,255.0,high,None,29.0,24.0,1.0,3015.0
2022-04-30 11:08:49.763812+00:00,None,None,None,None,100.0,mdi:gesture-double-tap,255.0,high,None,29.0,24.0,0.0,3015.0
2022-04-30 11:24:10.947594+00:00,None,None,None,None,100.0,mdi:gesture-double-tap,255.0,high,None,29.0,24.0,0.0,3025.0
2022-04-30 11:28:13.261317+00:00,None,None,None,None,100.0,mdi:gesture-double-tap,255.0,high,None,2.0,24.0,0.0,3025.0
2022-04-30 12:17:05.509767+00:00,None,None,None,None,100.0,mdi:gesture-double-tap,255.0,high,None,5.0,24.0,0.0,3025.0
2022-04-30 13:13:32.061492+00:00,None,None,None,None,100.0,mdi:gesture-double-tap,255.0,high,None,5.0,24.0,0.0,3015.0
2022-04-30 13:17:34.353696+00:00,None,None,None,None,100.0,mdi:gesture-double-tap,255.0,high,None,2.0,24.0,0.0,3015.0
2022-04-30 14:05:41.665250+00:00,None,None,None,None,100.0,mdi:gesture-double-tap,255.0,high,None,2.0,24.0,0.0,3025.0
2022-04-30 14:09:43.904752+00:00,None,None,None,None,100.0,mdi:gesture-double-tap,255.0,high,None,5.0,24.0,0.0,3025.0
2022-04-30 15:04:56.919242+00:00,None,None,None,None,100.0,mdi:gesture-double-tap,255.0,high,None,2.0,24.0,0.0,3025.0
2022-04-30 15:53:53.360053+00:00,None,None,None,None,100.0,mdi:gesture-double-tap,255.0,high,None,2.0,24.0,0.0,3015.0
2022-04-30 15:53:54.502129+00:00,vibration,None,None,None,100.0,mdi:gesture-double-tap,255.0,high,None,2.0,24.0,1.0,3015.0
2022-04-30 15:53:54.505205+00:00,vibration,None,None,None,100.0,mdi:gesture-double-tap,255.0,high,vibration,2.0,24.0,1.0,3015.0
2022-04-30 15:53:54.509658+00:00,,None,None,None,100.0,mdi:gesture-double-tap,255.0,high,vibration,2.0,24.0,1.0,3015.0
2022-04-30 15:55:24.519739+00:00,None,None,None,None,100.0,mdi:gesture-double-tap,255.0,high,None,2.0,24.0,0.0,3015.0
2022-04-30 15:57:54.919750+00:00,None,None,None,None,100.0,mdi:gesture-double-tap,255.0,high,None,6.0,24.0,0.0,3015.0
2022-04-30 16:48:47.832440+00:00,None,None,None,None,100.0,mdi:gesture-double-tap,255.0,high,None,6.0,24.0,0.0,3025.0
2022-04-30 16:48:48.985284+00:00,vibration,None,None,None,100.0,mdi:gesture-double-tap,255.0,high,None,6.0,24.0,1.0,3025.0
2022-04-30 16:48:48.988928+00:00,vibration,None,None,None,100.0,mdi:gesture-double-tap,255.0,high,vibration,6.0,24.0,1.0,3025.0
2022-04-30 16:48:49.003385+00:00,,None,None,None,100.0,mdi:gesture-double-tap,255.0,high,vibration,6.0,24.0,1.0,3025.0
2022-04-30 16:50:19.003826+00:00,None,None,None,None,100.0,mdi:gesture-double-tap,255.0,high,None,6.0,24.0,0.0,3025.0
2022-04-30 17:52:50.368057+00:00,None,None,None,None,100.0,mdi:gesture-double-tap,255.0,high,None,2.0,24.0,0.0,3025.0
2022-04-30 18:07:31.722136+00:00,None,None,None,None,100.0,mdi:gesture-double-tap,255.0,high,None,5.0,24.0,0.0,3025.0
2022-04-30 18:16:08.724571+00:00,vibration,None,None,None,100.0,mdi:gesture-double-tap,255.0,high,None,5.0,24.0,1.0,3025.0
2022-04-30 18:16:08.727288+00:00,vibration,None,None,None,100.0,mdi:gesture-double-tap,255.0,high,vibration,5.0,24.0,1.0,3025.0
2022-04-30 18:16:08.745192+00:00,,None,None,None,100.0,mdi:gesture-double-tap,255.0,high,vibration,5.0,24.0,1.0,3025.0
2022-04-30 18:17:38.743403+00:00,None,None,None,None,100.0,mdi:gesture-double-tap,255.0,high,None,5.0,24.0,0.0,3025.0
2022-04-30 18:20:06.593005+00:00,None,None,None,None,100.0,mdi:gesture-double-tap,255.0,high,None,9.0,24.0,0.0,3025.0
2022-04-30 18:35:52.746685+00:00,None,None,None,None,100.0,mdi:gesture-double-tap,255.0,high,None,5.0,24.0,0.0,3025.0
2022-04-30 19:28:16.683326+00:00,vibration,None,None,None,100.0,mdi:gesture-double-tap,255.0,high,None,5.0,24.0,1.0,3025.0
2022-04-30 19:28:16.686020+00:00,vibration,None,None,None,100.0,mdi:gesture-double-tap,255.0,high,vibration,5.0,24.0,1.0,3025.0
2022-04-30 19:28:16.702623+00:00,,None,None,None,100.0,mdi:gesture-double-tap,255.0,high,vibration,5.0,24.0,1.0,3025.0
2022-04-30 19:29:46.687584+00:00,None,None,None,None,100.0,mdi:gesture-double-tap,255.0,high,None,5.0,24.0,0.0,3025.0
2022-04-30 19:32:17.004008+00:00,None,None,None,None,100.0,mdi:gesture-double-tap,255.0,high,None,6.0,24.0,0.0,3025.0
2022-04-30 20:25:47.828259+00:00,None,None,None,None,100.0,mdi:gesture-double-tap,255.0,high,None,6.0,24.0,0.0,3015.0
2022-04-30 20:25:48.975694+00:00,vibration,None,None,None,100.0,mdi:gesture-double-tap,255.0,high,None,6.0,24.0,1.0,3015.0
2022-04-30 20:25:48.978415+00:00,vibration,None,None,None,100.0,mdi:gesture-double-tap,255.0,high,vibration,6.0,24.0,1.0,3015.0
2022-04-30 20:25:48.997171+00:00,,None,None,None,100.0,mdi:gesture-double-tap,255.0,high,vibration,6.0,24.0,1.0,3015.0
2022-04-30 20:27:18.994232+00:00,None,None,None,None,100.0,mdi:gesture-double-tap,255.0,high,None,6.0,24.0,0.0,3015.0
2022-04-30 21:24:16.887738+00:00,None,None,None,None,100.0,mdi:gesture-double-tap,255.0,high,None,6.0,24.0,0.0,3025.0
2022-04-30 21:24:18.009102+00:00,vibration,None,None,None,100.0,mdi:gesture-double-tap,255.0,high,None,6.0,24.0,1.0,3025.0
2022-04-30 21:24:18.011935+00:00,vibration,None,None,None,100.0,mdi:gesture-double-tap,255.0,high,vibration,6.0,24.0,1.0,3025.0
2022-04-30 21:24:18.023118+00:00,,None,None,None,100.0,mdi:gesture-double-tap,255.0,high,vibration,6.0,24.0,1.0,3025.0
2022-04-30 21:25:48.021580+00:00,None,None,None,None,100.0,mdi:gesture-double-tap,255.0,high,None,6.0,24.0,0.0,3025.0
2022-04-30 22:24:59.251571+00:00,None,None,None,None,100.0,mdi:gesture-double-tap,255.0,high,None,6.0,24.0,0.0,3015.0
2022-04-30 22:25:00.378102+00:00,vibration,None,None,None,100.0,mdi:gesture-double-tap,255.0,high,None,6.0,24.0,1.0,3015.0
2022-04-30 22:25:00.381121+00:00,vibration,None,None,None,100.0,mdi:gesture-double-tap,255.0,high,vibration,6.0,24.0,1.0,3015.0
2022-04-30 22:25:00.385741+00:00,,None,None,None,100.0,mdi:gesture-double-tap,255.0,high,vibration,6.0,24.0,1.0,3015.0
2022-04-30 22:26:30.400407+00:00,None,None,None,None,100.0,mdi:gesture-double-tap,255.0,high,None,6.0,24.0,0.0,3015.0
2022-04-30 23:22:49.227205+00:00,None,None,None,None,100.0,mdi:gesture-double-tap,255.0,high,None,6.0,24.0,0.0,3025.0
2022-04-30 23:26:49.409025+00:00,None,None,None,None,100.0,mdi:gesture-double-tap,255.0,high,None,5.0,24.0,0.0,3025.0
