time,action_str,angle_x_str,angle_y_str,angle_z_str,battery,icon_str,linkquality,sensitivity_str,state,strength,temperature,vibration,voltage
2022-05-22 00:54:00.027248+00:00,None,None,None,None,100.0,mdi:gesture-double-tap,239.0,high,None,2.0,28.0,0.0,3035.0
2022-05-22 01:58:06.810038+00:00,None,None,None,None,100.0,mdi:gesture-double-tap,255.0,high,None,2.0,28.0,0.0,3035.0
2022-05-22 02:53:39.617479+00:00,None,None,None,None,100.0,mdi:gesture-double-tap,183.0,high,None,2.0,28.0,0.0,3035.0
2022-05-22 03:46:27.572013+00:00,None,None,None,None,100.0,mdi:gesture-double-tap,239.0,high,None,2.0,28.0,0.0,3035.0
2022-05-22 04:19:41.286727+00:00,None,None,None,None,100.0,mdi:gesture-double-tap,239.0,high,None,2.0,28.0,0.0,3035.0
2022-05-22 04:22:40.363225+00:00,None,None,None,None,100.0,mdi:gesture-double-tap,239.0,high,None,2.0,28.0,0.0,3035.0
2022-05-22 04:44:07.080431+00:00,None,None,None,None,100.0,mdi:gesture-double-tap,255.0,high,None,2.0,28.0,0.0,3035.0
2022-05-22 05:40:25.284759+00:00,None,None,None,None,100.0,mdi:gesture-double-tap,215.0,high,None,2.0,28.0,0.0,3035.0
2022-05-22 06:39:46.465909+00:00,None,None,None,None,100.0,mdi:gesture-double-tap,231.0,high,None,2.0,28.0,0.0,3045.0
2022-05-22 06:39:48.589309+00:00,vibration,None,None,None,100.0,mdi:gesture-double-tap,231.0,high,None,2.0,28.0,1.0,3045.0
2022-05-22 06:39:48.594544+00:00,vibration,None,None,None,100.0,mdi:gesture-double-tap,231.0,high,vibration,2.0,28.0,1.0,3045.0
2022-05-22 06:39:48.605964+00:00,,None,None,None,100.0,mdi:gesture-double-tap,231.0,high,vibration,2.0,28.0,1.0,3045.0
2022-05-22 06:41:18.605702+00:00,None,None,None,None,100.0,mdi:gesture-double-tap,231.0,high,None,2.0,28.0,0.0,3045.0
2022-05-22 06:43:48.790472+00:00,None,None,None,None,100.0,mdi:gesture-double-tap,231.0,high,None,5.0,28.0,0.0,3045.0
2022-05-22 07:33:36.576205+00:00,None,None,None,None,100.0,mdi:gesture-double-tap,183.0,high,None,5.0,28.0,0.0,3045.0
2022-05-22 08:37:42.882189+00:00,None,None,None,None,100.0,mdi:gesture-double-tap,255.0,high,None,5.0,28.0,0.0,3035.0
2022-05-22 08:41:50.949962+00:00,None,None,None,None,100.0,mdi:gesture-double-tap,247.0,high,None,1.0,28.0,0.0,3035.0
2022-05-22 09:34:17.407103+00:00,None,None,None,None,100.0,mdi:gesture-double-tap,191.0,high,None,1.0,28.0,0.0,3045.0
2022-05-22 10:19:41.118056+00:00,vibration,None,None,None,100.0,mdi:gesture-double-tap,255.0,high,None,1.0,28.0,1.0,3045.0
2022-05-22 10:19:41.120839+00:00,vibration,None,None,None,100.0,mdi:gesture-double-tap,255.0,high,vibration,1.0,28.0,1.0,3045.0
2022-05-22 10:19:41.130415+00:00,,None,None,None,100.0,mdi:gesture-double-tap,255.0,high,vibration,1.0,28.0,1.0,3045.0
2022-05-22 10:21:11.135634+00:00,None,None,None,None,100.0,mdi:gesture-double-tap,255.0,high,None,1.0,28.0,0.0,3045.0
2022-05-22 10:21:53.096239+00:00,vibration,None,None,None,100.0,mdi:gesture-double-tap,255.0,high,None,1.0,28.0,1.0,3045.0
2022-05-22 10:21:53.098922+00:00,vibration,None,None,None,100.0,mdi:gesture-double-tap,255.0,high,vibration,1.0,28.0,1.0,3045.0
2022-05-22 10:21:53.118509+00:00,,None,None,None,100.0,mdi:gesture-double-tap,255.0,high,vibration,1.0,28.0,1.0,3045.0
2022-05-22 10:23:23.141850+00:00,None,None,None,None,100.0,mdi:gesture-double-tap,255.0,high,None,1.0,28.0,0.0,3045.0
2022-05-22 10:23:38.160519+00:00,None,None,None,None,100.0,mdi:gesture-double-tap,255.0,high,None,21.0,28.0,0.0,3045.0
2022-05-22 10:28:38.439632+00:00,None,None,None,None,100.0,mdi:gesture-double-tap,255.0,high,None,18.0,28.0,0.0,3045.0
2022-05-22 10:28:39.651036+00:00,None,None,None,None,100.0,mdi:gesture-double-tap,255.0,high,None,18.0,28.0,0.0,3035.0
2022-05-22 10:33:38.719024+00:00,None,None,None,None,100.0,mdi:gesture-double-tap,255.0,high,None,2.0,28.0,0.0,3035.0
2022-05-22 11:18:31.848174+00:00,None,None,None,None,100.0,mdi:gesture-double-tap,255.0,high,None,2.0,26.0,0.0,3035.0
2022-05-22 13:20:35.899001+00:00,None,None,None,None,100.0,mdi:gesture-double-tap,255.0,high,None,2.0,26.0,0.0,3045.0
2022-05-22 14:23:00.248076+00:00,None,None,None,None,100.0,mdi:gesture-double-tap,255.0,high,None,2.0,27.0,0.0,3035.0
2022-05-22 16:15:55.296475+00:00,vibration,None,None,None,100.0,mdi:gesture-double-tap,255.0,high,None,2.0,27.0,1.0,3035.0
2022-05-22 16:15:55.299200+00:00,vibration,None,None,None,100.0,mdi:gesture-double-tap,255.0,high,vibration,2.0,27.0,1.0,3035.0
2022-05-22 16:15:55.309309+00:00,,None,None,None,100.0,mdi:gesture-double-tap,255.0,high,vibration,2.0,27.0,1.0,3035.0
2022-05-22 16:17:17.524336+00:00,vibration,None,None,None,100.0,mdi:gesture-double-tap,255.0,high,vibration,2.0,27.0,1.0,3035.0
2022-05-22 16:17:17.526794+00:00,,None,None,None,100.0,mdi:gesture-double-tap,255.0,high,vibration,2.0,27.0,1.0,3035.0
2022-05-22 16:18:47.541305+00:00,None,None,None,None,100.0,mdi:gesture-double-tap,255.0,high,None,2.0,27.0,0.0,3035.0
2022-05-22 16:19:01.699642+00:00,vibration,None,None,None,100.0,mdi:gesture-double-tap,255.0,high,None,2.0,27.0,1.0,3035.0
2022-05-22 16:19:01.702367+00:00,vibration,None,None,None,100.0,mdi:gesture-double-tap,255.0,high,vibration,2.0,27.0,1.0,3035.0
2022-05-22 16:19:01.706637+00:00,,None,None,None,100.0,mdi:gesture-double-tap,255.0,high,vibration,2.0,27.0,1.0,3035.0
2022-05-22 16:19:46.896007+00:00,None,None,None,None,100.0,mdi:gesture-double-tap,255.0,high,None,68.0,27.0,1.0,3035.0
2022-05-22 16:20:31.716613+00:00,None,None,None,None,100.0,mdi:gesture-double-tap,255.0,high,None,68.0,27.0,0.0,3035.0
2022-05-22 16:20:46.843915+00:00,None,None,None,None,100.0,mdi:gesture-double-tap,239.0,high,None,118.0,27.0,0.0,3035.0
2022-05-22 16:20:48.067873+00:00,None,None,None,None,100.0,mdi:gesture-double-tap,255.0,high,None,118.0,28.0,0.0,3035.0
2022-05-22 16:26:55.001782+00:00,None,None,None,None,100.0,mdi:gesture-double-tap,255.0,high,None,38.0,28.0,0.0,3035.0
2022-05-22 17:13:57.279569+00:00,None,None,None,None,100.0,mdi:gesture-double-tap,255.0,high,None,38.0,27.0,0.0,3035.0
2022-05-22 17:34:01.166110+00:00,None,None,None,None,100.0,mdi:gesture-double-tap,255.0,high,None,5.0,27.0,0.0,3035.0
2022-05-22 18:05:24.145915+00:00,None,None,None,None,100.0,mdi:gesture-double-tap,255.0,high,None,5.0,28.0,0.0,3035.0
2022-05-22 18:09:25.376266+00:00,None,None,None,None,100.0,mdi:gesture-double-tap,255.0,high,None,4.0,28.0,0.0,3035.0
2022-05-22 18:15:50.791597+00:00,vibration,None,None,None,100.0,mdi:gesture-double-tap,255.0,high,None,4.0,28.0,1.0,3035.0
2022-05-22 18:15:50.794465+00:00,vibration,None,None,None,100.0,mdi:gesture-double-tap,255.0,high,vibration,4.0,28.0,1.0,3035.0
2022-05-22 18:15:50.797424+00:00,,None,None,None,100.0,mdi:gesture-double-tap,255.0,high,vibration,4.0,28.0,1.0,3035.0
2022-05-22 18:17:20.805158+00:00,None,None,None,None,100.0,mdi:gesture-double-tap,255.0,high,None,4.0,28.0,0.0,3035.0
2022-05-22 18:19:47.145843+00:00,None,None,None,None,100.0,mdi:gesture-double-tap,255.0,high,None,18.0,28.0,0.0,3035.0
2022-05-22 19:00:47.849995+00:00,None,None,None,None,100.0,mdi:gesture-double-tap,255.0,high,None,5.0,28.0,0.0,3035.0
2022-05-22 19:57:09.906885+00:00,None,None,None,None,100.0,mdi:gesture-double-tap,255.0,high,None,5.0,27.0,0.0,3035.0
2022-05-22 20:07:42.944860+00:00,vibration,None,None,None,100.0,mdi:gesture-double-tap,255.0,high,None,5.0,27.0,1.0,3035.0
2022-05-22 20:07:42.948878+00:00,vibration,None,None,None,100.0,mdi:gesture-double-tap,255.0,high,vibration,5.0,27.0,1.0,3035.0
2022-05-22 20:07:42.951826+00:00,,None,None,None,100.0,mdi:gesture-double-tap,255.0,high,vibration,5.0,27.0,1.0,3035.0
2022-05-22 20:09:12.957883+00:00,None,None,None,None,100.0,mdi:gesture-double-tap,255.0,high,None,5.0,27.0,0.0,3035.0
2022-05-22 20:11:42.190425+00:00,None,None,None,None,100.0,mdi:gesture-double-tap,255.0,high,None,19.0,27.0,0.0,3035.0
2022-05-22 20:56:30.609451+00:00,None,None,None,None,100.0,mdi:gesture-double-tap,231.0,high,None,19.0,28.0,0.0,3035.0
2022-05-22 21:58:56.375499+00:00,None,None,None,None,100.0,mdi:gesture-double-tap,183.0,high,None,19.0,28.0,0.0,3035.0
2022-05-22 23:01:22.852369+00:00,None,None,None,None,100.0,mdi:gesture-double-tap,159.0,high,None,19.0,27.0,0.0,3045.0
