time,action_str,angle_x_str,angle_y_str,angle_z_str,battery,icon_str,linkquality,sensitivity_str,state,strength,temperature,vibration,voltage
2022-05-07 01:17:03.463315+00:00,vibration,None,None,None,100.0,mdi:gesture-double-tap,255.0,high,None,1.0,23.0,1.0,3025.0
2022-05-07 01:17:03.466034+00:00,vibration,None,None,None,100.0,mdi:gesture-double-tap,255.0,high,vibration,1.0,23.0,1.0,3025.0
2022-05-07 01:17:03.468481+00:00,,None,None,None,100.0,mdi:gesture-double-tap,255.0,high,vibration,1.0,23.0,1.0,3025.0
2022-05-07 01:18:33.472639+00:00,None,None,None,None,100.0,mdi:gesture-double-tap,255.0,high,None,1.0,23.0,0.0,3025.0
2022-05-07 01:21:03.703946+00:00,None,None,None,None,100.0,mdi:gesture-double-tap,255.0,high,None,5.0,23.0,0.0,3025.0
2022-05-07 02:14:56.577770+00:00,None,None,None,None,100.0,mdi:gesture-double-tap,239.0,high,None,1.0,23.0,0.0,3025.0
2022-05-07 03:05:03.398170+00:00,None,None,None,None,100.0,mdi:gesture-double-tap,255.0,high,None,1.0,23.0,0.0,3025.0
2022-05-07 03:57:35.518587+00:00,vibration,None,None,None,100.0,mdi:gesture-double-tap,255.0,high,None,1.0,23.0,1.0,3025.0
2022-05-07 03:57:35.521408+00:00,vibration,None,None,None,100.0,mdi:gesture-double-tap,255.0,high,vibration,1.0,23.0,1.0,3025.0
2022-05-07 03:57:35.530840+00:00,,None,None,None,100.0,mdi:gesture-double-tap,255.0,high,vibration,1.0,23.0,1.0,3025.0
2022-05-07 03:59:05.546417+00:00,None,None,None,None,100.0,mdi:gesture-double-tap,255.0,high,None,1.0,23.0,0.0,3025.0
2022-05-07 04:01:35.707889+00:00,None,None,None,None,100.0,mdi:gesture-double-tap,239.0,high,None,6.0,23.0,0.0,3025.0
2022-05-07 04:52:05.698024+00:00,None,None,None,None,100.0,mdi:gesture-double-tap,223.0,high,None,6.0,23.0,0.0,3025.0
2022-05-07 04:58:08.505439+00:00,vibration,None,None,None,100.0,mdi:gesture-double-tap,239.0,high,None,6.0,23.0,1.0,3025.0
2022-05-07 04:58:08.508692+00:00,vibration,None,None,None,100.0,mdi:gesture-double-tap,239.0,high,vibration,6.0,23.0,1.0,3025.0
2022-05-07 04:58:08.519041+00:00,,None,None,None,100.0,mdi:gesture-double-tap,239.0,high,vibration,6.0,23.0,1.0,3025.0
2022-05-07 04:59:38.521283+00:00,None,None,None,None,100.0,mdi:gesture-double-tap,239.0,high,None,6.0,23.0,0.0,3025.0
2022-05-07 05:02:08.801860+00:00,None,None,None,None,100.0,mdi:gesture-double-tap,239.0,high,None,5.0,23.0,0.0,3025.0
2022-05-07 05:45:03.673896+00:00,None,None,None,None,100.0,mdi:gesture-double-tap,255.0,high,None,5.0,23.0,0.0,3025.0
2022-05-07 05:49:07.000192+00:00,None,None,None,None,100.0,mdi:gesture-double-tap,255.0,high,None,1.0,23.0,0.0,3025.0
2022-05-07 06:43:01.956439+00:00,None,None,None,None,100.0,mdi:gesture-double-tap,239.0,high,None,1.0,23.0,0.0,3025.0
2022-05-07 06:47:03.206150+00:00,None,None,None,None,100.0,mdi:gesture-double-tap,239.0,high,None,5.0,23.0,0.0,3025.0
2022-05-07 07:34:34.071614+00:00,None,None,None,None,100.0,mdi:gesture-double-tap,255.0,high,None,5.0,23.0,0.0,3025.0
2022-05-07 07:38:36.245841+00:00,None,None,None,None,100.0,mdi:gesture-double-tap,255.0,high,None,1.0,23.0,0.0,3025.0
2022-05-07 08:28:45.221376+00:00,None,None,None,None,100.0,mdi:gesture-double-tap,247.0,high,None,1.0,23.0,0.0,3025.0
2022-05-07 09:06:38.123440+00:00,None,None,None,None,100.0,mdi:gesture-double-tap,247.0,high,None,6.0,23.0,0.0,3025.0
2022-05-07 09:18:45.088556+00:00,None,None,None,None,100.0,mdi:gesture-double-tap,255.0,high,None,6.0,23.0,0.0,3025.0
2022-05-07 09:22:47.024734+00:00,None,None,None,None,100.0,mdi:gesture-double-tap,255.0,high,None,2.0,23.0,0.0,3025.0
2022-05-07 09:46:21.287213+00:00,vibration,None,None,None,100.0,mdi:gesture-double-tap,191.0,high,None,2.0,23.0,1.0,3025.0
2022-05-07 09:46:21.290584+00:00,vibration,None,None,None,100.0,mdi:gesture-double-tap,191.0,high,vibration,2.0,23.0,1.0,3025.0
2022-05-07 09:46:21.294205+00:00,,None,None,None,100.0,mdi:gesture-double-tap,191.0,high,vibration,2.0,23.0,1.0,3025.0
2022-05-07 09:47:51.302609+00:00,None,None,None,None,100.0,mdi:gesture-double-tap,191.0,high,None,2.0,23.0,0.0,3025.0
2022-05-07 09:50:20.592545+00:00,None,None,None,None,100.0,mdi:gesture-double-tap,255.0,high,None,19.0,23.0,0.0,3025.0
2022-05-07 11:11:42.130923+00:00,None,None,None,None,100.0,mdi:gesture-double-tap,199.0,high,None,19.0,23.0,0.0,3025.0
2022-05-07 11:43:36.446585+00:00,vibration,None,None,None,100.0,mdi:gesture-double-tap,255.0,high,None,19.0,23.0,1.0,3025.0
2022-05-07 11:43:36.449425+00:00,vibration,None,None,None,100.0,mdi:gesture-double-tap,255.0,high,vibration,19.0,23.0,1.0,3025.0
2022-05-07 11:43:36.458906+00:00,,None,None,None,100.0,mdi:gesture-double-tap,255.0,high,vibration,19.0,23.0,1.0,3025.0
2022-05-07 11:44:59.844442+00:00,vibration,None,None,None,100.0,mdi:gesture-double-tap,247.0,high,vibration,19.0,23.0,1.0,3025.0
2022-05-07 11:44:59.846841+00:00,,None,None,None,100.0,mdi:gesture-double-tap,247.0,high,vibration,19.0,23.0,1.0,3025.0
2022-05-07 11:46:01.052525+00:00,None,None,None,None,100.0,mdi:gesture-double-tap,159.0,high,None,24.0,23.0,1.0,3025.0
2022-05-07 11:46:29.840569+00:00,None,None,None,None,100.0,mdi:gesture-double-tap,159.0,high,None,24.0,23.0,0.0,3025.0
2022-05-07 12:11:16.885087+00:00,None,None,None,None,100.0,mdi:gesture-double-tap,223.0,high,None,24.0,23.0,0.0,3025.0
2022-05-07 13:06:31.160329+00:00,None,None,None,None,100.0,mdi:gesture-double-tap,255.0,high,None,24.0,23.0,0.0,3025.0
2022-05-07 14:02:44.361996+00:00,vibration,None,None,None,100.0,mdi:gesture-double-tap,255.0,high,None,24.0,23.0,1.0,3025.0
2022-05-07 14:02:44.365161+00:00,vibration,None,None,None,100.0,mdi:gesture-double-tap,255.0,high,vibration,24.0,23.0,1.0,3025.0
2022-05-07 14:02:44.368241+00:00,,None,None,None,100.0,mdi:gesture-double-tap,255.0,high,vibration,24.0,23.0,1.0,3025.0
2022-05-07 14:04:14.378046+00:00,None,None,None,None,100.0,mdi:gesture-double-tap,255.0,high,None,24.0,23.0,0.0,3025.0
2022-05-07 14:06:43.674023+00:00,None,None,None,None,100.0,mdi:gesture-double-tap,255.0,high,None,29.0,23.0,0.0,3025.0
2022-05-07 15:10:17.878462+00:00,vibration,None,None,None,100.0,mdi:gesture-double-tap,255.0,high,None,29.0,23.0,1.0,3025.0
2022-05-07 15:10:17.881202+00:00,vibration,None,None,None,100.0,mdi:gesture-double-tap,255.0,high,vibration,29.0,23.0,1.0,3025.0
2022-05-07 15:10:17.890913+00:00,,None,None,None,100.0,mdi:gesture-double-tap,255.0,high,vibration,29.0,23.0,1.0,3025.0
2022-05-07 15:11:47.893328+00:00,None,None,None,None,100.0,mdi:gesture-double-tap,255.0,high,None,29.0,23.0,0.0,3025.0
2022-05-07 15:14:18.090793+00:00,None,None,None,None,100.0,mdi:gesture-double-tap,167.0,high,None,5.0,23.0,0.0,3025.0
2022-05-07 16:07:11.876959+00:00,None,None,None,None,100.0,mdi:gesture-double-tap,255.0,high,None,5.0,23.0,0.0,3025.0
2022-05-07 16:11:14.148205+00:00,None,None,None,None,100.0,mdi:gesture-double-tap,255.0,high,None,1.0,23.0,0.0,3025.0
2022-05-07 16:31:57.984848+00:00,None,None,None,None,100.0,mdi:gesture-double-tap,255.0,high,None,5.0,23.0,0.0,3025.0
2022-05-07 17:52:51.098548+00:00,None,None,None,None,100.0,mdi:gesture-double-tap,215.0,high,None,5.0,23.0,0.0,3025.0
2022-05-07 17:52:52.315892+00:00,None,None,None,None,100.0,mdi:gesture-double-tap,191.0,high,None,5.0,23.0,0.0,3025.0
2022-05-07 17:53:02.539228+00:00,vibration,None,None,None,100.0,mdi:gesture-double-tap,231.0,high,None,5.0,23.0,1.0,3025.0
2022-05-07 17:53:02.543024+00:00,vibration,None,None,None,100.0,mdi:gesture-double-tap,231.0,high,vibration,5.0,23.0,1.0,3025.0
2022-05-07 17:53:02.549465+00:00,,None,None,None,100.0,mdi:gesture-double-tap,231.0,high,vibration,5.0,23.0,1.0,3025.0
2022-05-07 17:54:32.554213+00:00,None,None,None,None,100.0,mdi:gesture-double-tap,231.0,high,None,5.0,23.0,0.0,3025.0
2022-05-07 17:57:50.985462+00:00,None,None,None,None,100.0,mdi:gesture-double-tap,223.0,high,None,16.0,23.0,0.0,3025.0
2022-05-07 18:02:51.280230+00:00,None,None,None,None,100.0,mdi:gesture-double-tap,255.0,high,None,2.0,23.0,0.0,3025.0
2022-05-07 18:46:49.510913+00:00,None,None,None,None,100.0,mdi:gesture-double-tap,239.0,high,None,2.0,23.0,0.0,3025.0
2022-05-07 19:51:46.868148+00:00,None,None,None,None,100.0,mdi:gesture-double-tap,231.0,high,None,2.0,23.0,0.0,3025.0
2022-05-07 20:48:21.329792+00:00,None,None,None,None,100.0,mdi:gesture-double-tap,255.0,high,None,2.0,23.0,0.0,3025.0
2022-05-07 21:50:50.351368+00:00,None,None,None,None,100.0,mdi:gesture-double-tap,231.0,high,None,2.0,23.0,0.0,3025.0
2022-05-07 21:53:25.985018+00:00,vibration,None,None,None,100.0,mdi:gesture-double-tap,255.0,high,None,2.0,23.0,1.0,3025.0
2022-05-07 21:53:25.988681+00:00,vibration,None,None,None,100.0,mdi:gesture-double-tap,255.0,high,vibration,2.0,23.0,1.0,3025.0
2022-05-07 21:53:25.991318+00:00,,None,None,None,100.0,mdi:gesture-double-tap,255.0,high,vibration,2.0,23.0,1.0,3025.0
2022-05-07 21:54:56.004416+00:00,None,None,None,None,100.0,mdi:gesture-double-tap,255.0,high,None,2.0,23.0,0.0,3025.0
2022-05-07 21:57:26.258390+00:00,None,None,None,None,100.0,mdi:gesture-double-tap,143.0,high,None,6.0,23.0,0.0,3025.0
2022-05-07 22:00:27.585453+00:00,vibration,None,None,None,100.0,mdi:gesture-double-tap,255.0,high,None,6.0,23.0,1.0,3025.0
2022-05-07 22:00:27.589277+00:00,vibration,None,None,None,100.0,mdi:gesture-double-tap,255.0,high,vibration,6.0,23.0,1.0,3025.0
2022-05-07 22:00:27.592375+00:00,,None,None,None,100.0,mdi:gesture-double-tap,255.0,high,vibration,6.0,23.0,1.0,3025.0
2022-05-07 22:01:57.600902+00:00,None,None,None,None,100.0,mdi:gesture-double-tap,255.0,high,None,6.0,23.0,0.0,3025.0
2022-05-07 22:04:26.911342+00:00,None,None,None,None,100.0,mdi:gesture-double-tap,255.0,high,None,20.0,23.0,0.0,3025.0
2022-05-07 23:44:51.686291+00:00,None,None,None,None,100.0,mdi:gesture-double-tap,239.0,high,None,20.0,24.0,0.0,3025.0
2022-05-07 23:48:53.595414+00:00,None,None,None,None,100.0,mdi:gesture-double-tap,239.0,high,None,2.0,24.0,0.0,3025.0
