time,auto_off_str,consumer_connected,consumption,current,device_class_str,energy,illuminance,illuminance_lux,led_disabled_night_str,linkquality,overload_protection_str,power,power_outage_count,power_outage_memory_str,state_class_str,temperature,update_available_str,update_str,value,voltage
2022-04-29 00:03:46.572684+00:00,None,1.0,37.08,0.0084,power,37.08,0.0,0.0,None,255.0,None,1.93,7.0,None,measurement,22.0,None,{'state': None},1.84,230.0
2022-04-29 00:03:46.576247+00:00,None,1.0,37.08,0.0084,power,37.08,0.0,0.0,None,255.0,None,1.93,7.0,None,measurement,22.0,None,{'state': None},1.93,230.0
2022-04-29 00:11:48.561290+00:00,None,1.0,37.08,0.0084,power,37.08,0.0,0.0,None,255.0,None,1.94,7.0,None,measurement,22.0,None,{'state': None},1.93,230.0
2022-04-29 00:11:48.564853+00:00,None,1.0,37.08,0.0084,power,37.08,0.0,0.0,None,255.0,None,1.94,7.0,None,measurement,22.0,None,{'state': None},1.94,230.0
2022-04-29 00:19:14.163872+00:00,None,1.0,37.08,0.0086,power,37.08,0.0,0.0,None,255.0,None,1.97,7.0,None,measurement,22.0,None,{'state': None},1.94,230.0
2022-04-29 00:19:14.167857+00:00,None,1.0,37.08,0.0086,power,37.08,0.0,0.0,None,255.0,None,1.97,7.0,None,measurement,22.0,None,{'state': None},1.97,230.0
2022-04-29 00:26:18.597704+00:00,None,1.0,37.08,0.0083,power,37.08,0.0,0.0,None,255.0,None,1.9,7.0,None,measurement,22.0,None,{'state': None},1.97,230.0
2022-04-29 00:26:18.602728+00:00,None,1.0,37.08,0.0083,power,37.08,0.0,0.0,None,255.0,None,1.9,7.0,None,measurement,22.0,None,{'state': None},1.9,230.0
2022-04-29 00:33:19.490747+00:00,None,1.0,37.08,0.0079,power,37.08,0.0,0.0,None,255.0,None,1.81,7.0,None,measurement,22.0,None,{'state': None},1.9,230.0
2022-04-29 00:33:19.496316+00:00,None,1.0,37.08,0.0079,power,37.08,0.0,0.0,None,255.0,None,1.81,7.0,None,measurement,22.0,None,{'state': None},1.81,230.0
2022-04-29 00:40:30.264360+00:00,None,1.0,37.08,0.0081,power,37.08,0.0,0.0,None,255.0,None,1.86,7.0,None,measurement,22.0,None,{'state': None},1.81,230.0
2022-04-29 00:40:30.270399+00:00,None,1.0,37.08,0.0081,power,37.08,0.0,0.0,None,255.0,None,1.86,7.0,None,measurement,22.0,None,{'state': None},1.86,230.0
2022-04-29 00:47:36.893966+00:00,None,1.0,37.08,0.008,power,37.08,0.0,0.0,None,255.0,None,1.84,7.0,None,measurement,22.0,None,{'state': None},1.86,230.0
2022-04-29 00:47:36.899514+00:00,None,1.0,37.08,0.008,power,37.08,0.0,0.0,None,255.0,None,1.84,7.0,None,measurement,22.0,None,{'state': None},1.84,230.0
2022-04-29 00:54:15.514702+00:00,None,1.0,37.08,0.0087,power,37.08,0.0,0.0,None,255.0,None,2.01,7.0,None,measurement,22.0,None,{'state': None},1.84,230.0
2022-04-29 00:54:15.519067+00:00,None,1.0,37.08,0.0087,power,37.08,0.0,0.0,None,255.0,None,2.01,7.0,None,measurement,22.0,None,{'state': None},2.01,230.0
2022-04-29 01:01:34.531525+00:00,None,1.0,37.08,0.0072,power,37.08,0.0,0.0,None,255.0,None,1.66,7.0,None,measurement,22.0,None,{'state': None},2.01,230.0
2022-04-29 01:01:34.536290+00:00,None,1.0,37.08,0.0072,power,37.08,0.0,0.0,None,255.0,None,1.66,7.0,None,measurement,22.0,None,{'state': None},1.66,230.0
2022-04-29 01:07:09.516920+00:00,None,1.0,37.08,0.0098,power,37.08,0.0,0.0,None,255.0,None,2.24,7.0,None,measurement,21.0,None,{'state': None},1.66,230.0
2022-04-29 01:07:09.522597+00:00,None,1.0,37.08,0.0098,power,37.08,0.0,0.0,None,255.0,None,2.24,7.0,None,measurement,21.0,None,{'state': None},2.24,230.0
2022-04-29 01:12:59.859148+00:00,None,1.0,37.08,0.0076,power,37.08,0.0,0.0,None,255.0,None,1.76,7.0,None,measurement,22.0,None,{'state': None},2.24,230.0
2022-04-29 01:12:59.866163+00:00,None,1.0,37.08,0.0076,power,37.08,0.0,0.0,None,255.0,None,1.76,7.0,None,measurement,22.0,None,{'state': None},1.76,230.0
2022-04-29 01:18:28.090311+00:00,None,1.0,37.08,0.008,power,37.08,0.0,0.0,None,255.0,None,1.84,7.0,None,measurement,21.0,None,{'state': None},1.76,230.0
2022-04-29 01:18:28.093703+00:00,None,1.0,37.08,0.008,power,37.08,0.0,0.0,None,255.0,None,1.84,7.0,None,measurement,21.0,None,{'state': None},1.84,230.0
2022-04-29 01:23:33.453469+00:00,None,1.0,37.08,0.0084,power,37.08,0.0,0.0,None,255.0,None,1.93,7.0,None,measurement,22.0,None,{'state': None},1.84,230.0
2022-04-29 01:23:33.458228+00:00,None,1.0,37.08,0.0084,power,37.08,0.0,0.0,None,255.0,None,1.93,7.0,None,measurement,22.0,None,{'state': None},1.93,230.0
2022-04-29 01:29:33.171523+00:00,None,1.0,37.08,0.0081,power,37.08,0.0,0.0,None,255.0,None,1.86,7.0,None,measurement,21.0,None,{'state': None},1.93,230.0
2022-04-29 01:29:33.176984+00:00,None,1.0,37.08,0.0081,power,37.08,0.0,0.0,None,255.0,None,1.86,7.0,None,measurement,21.0,None,{'state': None},1.86,230.0
2022-04-29 01:35:58.234045+00:00,None,1.0,37.08,0.0079,power,37.08,0.0,0.0,None,255.0,None,1.82,7.0,None,measurement,21.0,None,{'state': None},1.86,230.0
2022-04-29 01:35:58.237754+00:00,None,1.0,37.08,0.0079,power,37.08,0.0,0.0,None,255.0,None,1.82,7.0,None,measurement,21.0,None,{'state': None},1.82,230.0
2022-04-29 01:41:27.114806+00:00,None,1.0,37.08,0.0088,power,37.08,0.0,0.0,None,255.0,None,2.02,7.0,None,measurement,21.0,None,{'state': None},1.82,230.0
2022-04-29 01:41:27.119562+00:00,None,1.0,37.08,0.0088,power,37.08,0.0,0.0,None,255.0,None,2.02,7.0,None,measurement,21.0,None,{'state': None},2.02,230.0
2022-04-29 01:47:01.619837+00:00,None,1.0,37.08,0.0086,power,37.08,0.0,0.0,None,255.0,None,1.93,7.0,None,measurement,21.0,None,{'state': None},2.02,223.0
2022-04-29 01:47:01.624221+00:00,None,1.0,37.08,0.0086,power,37.08,0.0,0.0,None,255.0,None,1.93,7.0,None,measurement,21.0,None,{'state': None},1.93,223.0
2022-04-29 01:54:46.265479+00:00,None,1.0,37.08,0.0083,power,37.08,0.0,0.0,None,255.0,None,1.84,7.0,None,measurement,22.0,None,{'state': None},1.93,223.0
2022-04-29 01:54:46.270887+00:00,None,1.0,37.08,0.0083,power,37.08,0.0,0.0,None,255.0,None,1.84,7.0,None,measurement,22.0,None,{'state': None},1.84,223.0
2022-04-29 02:00:52.611180+00:00,None,1.0,37.08,0.0083,power,37.08,0.0,0.0,None,255.0,None,1.85,7.0,None,measurement,21.0,None,{'state': None},1.84,223.0
2022-04-29 02:00:52.615664+00:00,None,1.0,37.08,0.0083,power,37.08,0.0,0.0,None,255.0,None,1.85,7.0,None,measurement,21.0,None,{'state': None},1.85,223.0
2022-04-29 02:06:11.983321+00:00,None,1.0,37.08,0.009,power,37.08,0.0,0.0,None,255.0,None,2.01,7.0,None,measurement,22.0,None,{'state': None},1.85,223.0
2022-04-29 02:06:11.986885+00:00,None,1.0,37.08,0.009,power,37.08,0.0,0.0,None,255.0,None,2.01,7.0,None,measurement,22.0,None,{'state': None},2.01,223.0
2022-04-29 02:13:47.291003+00:00,None,1.0,37.08,0.0087,power,37.08,0.0,0.0,None,255.0,None,1.93,7.0,None,measurement,21.0,None,{'state': None},2.01,223.0
2022-04-29 02:13:47.298942+00:00,None,1.0,37.08,0.0087,power,37.08,0.0,0.0,None,255.0,None,1.93,7.0,None,measurement,21.0,None,{'state': None},1.93,223.0
2022-04-29 02:21:03.170539+00:00,None,1.0,37.08,0.0091,power,37.08,0.0,0.0,None,255.0,None,2.04,7.0,None,measurement,21.0,None,{'state': None},1.93,223.0
2022-04-29 02:21:03.175498+00:00,None,1.0,37.08,0.0091,power,37.08,0.0,0.0,None,255.0,None,2.04,7.0,None,measurement,21.0,None,{'state': None},2.04,223.0
2022-04-29 02:26:10.035616+00:00,None,1.0,37.08,0.009,power,37.08,0.0,0.0,None,255.0,None,2.01,7.0,None,measurement,22.0,None,{'state': None},2.04,223.0
2022-04-29 02:26:10.040738+00:00,None,1.0,37.08,0.009,power,37.08,0.0,0.0,None,255.0,None,2.01,7.0,None,measurement,22.0,None,{'state': None},2.01,223.0
2022-04-29 02:31:27.203253+00:00,None,1.0,37.08,0.0083,power,37.08,0.0,0.0,None,255.0,None,1.84,7.0,None,measurement,21.0,None,{'state': None},2.01,223.0
2022-04-29 02:31:27.207640+00:00,None,1.0,37.08,0.0083,power,37.08,0.0,0.0,None,255.0,None,1.84,7.0,None,measurement,21.0,None,{'state': None},1.84,223.0
2022-04-29 02:38:30.519112+00:00,None,1.0,37.08,0.009,power,37.08,0.0,0.0,None,255.0,None,2.01,7.0,None,measurement,21.0,None,{'state': None},1.84,223.0
2022-04-29 02:38:30.522839+00:00,None,1.0,37.08,0.009,power,37.08,0.0,0.0,None,255.0,None,2.01,7.0,None,measurement,21.0,None,{'state': None},2.01,223.0
2022-04-29 02:46:24.730536+00:00,None,1.0,37.08,0.0086,power,37.08,0.0,0.0,None,255.0,None,1.92,7.0,None,measurement,21.0,None,{'state': None},2.01,223.0
2022-04-29 02:46:24.735555+00:00,None,1.0,37.08,0.0086,power,37.08,0.0,0.0,None,255.0,None,1.92,7.0,None,measurement,21.0,None,{'state': None},1.92,223.0
2022-04-29 02:52:56.402835+00:00,None,1.0,37.08,0.0075,power,37.08,0.0,0.0,None,255.0,None,1.68,7.0,None,measurement,21.0,None,{'state': None},1.92,223.0
2022-04-29 02:52:56.410120+00:00,None,1.0,37.08,0.0075,power,37.08,0.0,0.0,None,255.0,None,1.68,7.0,None,measurement,21.0,None,{'state': None},1.68,223.0
2022-04-29 02:58:22.430582+00:00,None,1.0,37.08,0.0086,power,37.08,0.0,0.0,None,255.0,None,1.91,7.0,None,measurement,21.0,None,{'state': None},1.68,223.0
2022-04-29 02:58:22.437928+00:00,None,1.0,37.08,0.0086,power,37.08,0.0,0.0,None,255.0,None,1.91,7.0,None,measurement,21.0,None,{'state': None},1.91,223.0
2022-04-29 03:04:00.228895+00:00,None,1.0,37.08,0.0089,power,37.08,0.0,0.0,None,255.0,None,1.98,7.0,None,measurement,21.0,None,{'state': None},1.91,223.0
2022-04-29 03:04:00.232830+00:00,None,1.0,37.08,0.0089,power,37.08,0.0,0.0,None,255.0,None,1.98,7.0,None,measurement,21.0,None,{'state': None},1.98,223.0
2022-04-29 03:10:43.080842+00:00,None,1.0,37.08,0.0088,power,37.08,0.0,0.0,None,255.0,None,1.96,7.0,None,measurement,21.0,None,{'state': None},1.98,223.0
2022-04-29 03:10:43.084080+00:00,None,1.0,37.08,0.0088,power,37.08,0.0,0.0,None,255.0,None,1.96,7.0,None,measurement,21.0,None,{'state': None},1.96,223.0
2022-04-29 03:16:56.709353+00:00,None,1.0,37.08,0.009,power,37.08,0.0,0.0,None,255.0,None,2.0,7.0,None,measurement,21.0,None,{'state': None},1.96,223.0
2022-04-29 03:16:56.715308+00:00,None,1.0,37.08,0.009,power,37.08,0.0,0.0,None,255.0,None,2.0,7.0,None,measurement,21.0,None,{'state': None},2.0,223.0
2022-04-29 03:24:55.348226+00:00,None,1.0,37.08,0.0087,power,37.08,0.0,0.0,None,255.0,None,1.93,7.0,None,measurement,21.0,None,{'state': None},2.0,223.0
2022-04-29 03:24:55.352296+00:00,None,1.0,37.08,0.0087,power,37.08,0.0,0.0,None,255.0,None,1.93,7.0,None,measurement,21.0,None,{'state': None},1.93,223.0
2022-04-29 03:30:43.857875+00:00,None,1.0,37.08,0.0086,power,37.08,0.0,0.0,None,255.0,None,1.93,7.0,None,measurement,21.0,None,{'state': None},1.93,223.0
2022-04-29 03:37:58.464118+00:00,None,1.0,37.08,0.008,power,37.08,0.0,0.0,None,255.0,None,1.78,7.0,None,measurement,21.0,None,{'state': None},1.93,223.0
2022-04-29 03:37:58.469342+00:00,None,1.0,37.08,0.008,power,37.08,0.0,0.0,None,255.0,None,1.78,7.0,None,measurement,21.0,None,{'state': None},1.78,223.0
2022-04-29 03:43:45.858471+00:00,None,1.0,37.08,0.0081,power,37.08,0.0,0.0,None,255.0,None,1.81,7.0,None,measurement,21.0,None,{'state': None},1.78,223.0
2022-04-29 03:43:45.864663+00:00,None,1.0,37.08,0.0081,power,37.08,0.0,0.0,None,255.0,None,1.81,7.0,None,measurement,21.0,None,{'state': None},1.81,223.0
2022-04-29 03:51:45.319695+00:00,None,1.0,37.08,0.0084,power,37.08,0.0,0.0,None,255.0,None,1.88,7.0,None,measurement,21.0,None,{'state': None},1.81,223.0
2022-04-29 03:51:45.323123+00:00,None,1.0,37.08,0.0084,power,37.08,0.0,0.0,None,255.0,None,1.88,7.0,None,measurement,21.0,None,{'state': None},1.88,223.0
2022-04-29 03:59:35.417783+00:00,None,1.0,37.08,0.009,power,37.08,0.0,0.0,None,255.0,None,2.0,7.0,None,measurement,21.0,None,{'state': None},1.88,223.0
2022-04-29 03:59:35.425570+00:00,None,1.0,37.08,0.009,power,37.08,0.0,0.0,None,255.0,None,2.0,7.0,None,measurement,21.0,None,{'state': None},2.0,223.0
2022-04-29 04:07:36.094293+00:00,None,1.0,37.09,0.0084,power,37.09,0.0,0.0,None,255.0,None,1.87,7.0,None,measurement,21.0,None,{'state': None},2.0,223.0
2022-04-29 04:07:36.101500+00:00,None,1.0,37.09,0.0084,power,37.09,0.0,0.0,None,255.0,None,1.87,7.0,None,measurement,21.0,None,{'state': None},1.87,223.0
2022-04-29 04:13:27.218482+00:00,None,1.0,37.09,0.0091,power,37.09,0.0,0.0,None,255.0,None,2.04,7.0,None,measurement,21.0,None,{'state': None},1.87,223.0
2022-04-29 04:13:27.223945+00:00,None,1.0,37.09,0.0091,power,37.09,0.0,0.0,None,255.0,None,2.04,7.0,None,measurement,21.0,None,{'state': None},2.04,223.0
2022-04-29 04:21:00.470772+00:00,None,1.0,37.09,0.0082,power,37.09,0.0,0.0,None,255.0,None,1.88,7.0,None,measurement,21.0,None,{'state': None},2.04,230.0
2022-04-29 04:21:00.476437+00:00,None,1.0,37.09,0.0082,power,37.09,0.0,0.0,None,255.0,None,1.88,7.0,None,measurement,21.0,None,{'state': None},1.88,230.0
2022-04-29 04:27:10.245486+00:00,None,1.0,37.09,0.008,power,37.09,0.0,0.0,None,255.0,None,1.83,7.0,None,measurement,21.0,None,{'state': None},1.88,230.0
2022-04-29 04:27:10.252037+00:00,None,1.0,37.09,0.008,power,37.09,0.0,0.0,None,255.0,None,1.83,7.0,None,measurement,21.0,None,{'state': None},1.83,230.0
2022-04-29 04:34:32.213251+00:00,None,1.0,37.09,0.0082,power,37.09,0.0,0.0,None,255.0,None,1.84,7.0,None,measurement,21.0,None,{'state': None},1.83,223.0
2022-04-29 04:34:32.216789+00:00,None,1.0,37.09,0.0082,power,37.09,0.0,0.0,None,255.0,None,1.84,7.0,None,measurement,21.0,None,{'state': None},1.84,223.0
2022-04-29 04:39:58.854568+00:00,None,1.0,37.09,0.0082,power,37.09,0.0,0.0,None,255.0,None,1.88,7.0,None,measurement,21.0,None,{'state': None},1.84,230.0
2022-04-29 04:39:58.859102+00:00,None,1.0,37.09,0.0082,power,37.09,0.0,0.0,None,255.0,None,1.88,7.0,None,measurement,21.0,None,{'state': None},1.88,230.0
2022-04-29 04:46:53.079022+00:00,None,1.0,37.09,0.0083,power,37.09,0.0,0.0,None,255.0,None,1.92,7.0,None,measurement,21.0,None,{'state': None},1.88,230.0
2022-04-29 04:46:53.083849+00:00,None,1.0,37.09,0.0083,power,37.09,0.0,0.0,None,255.0,None,1.92,7.0,None,measurement,21.0,None,{'state': None},1.92,230.0
2022-04-29 04:53:46.627197+00:00,None,1.0,37.09,0.0079,power,37.09,0.0,0.0,None,255.0,None,1.81,7.0,None,measurement,21.0,None,{'state': None},1.92,230.0
2022-04-29 04:53:46.633748+00:00,None,1.0,37.09,0.0079,power,37.09,0.0,0.0,None,255.0,None,1.81,7.0,None,measurement,21.0,None,{'state': None},1.81,230.0
2022-04-29 05:00:57.784264+00:00,None,1.0,37.09,0.0083,power,37.09,0.0,0.0,None,255.0,None,1.84,7.0,None,measurement,21.0,None,{'state': None},1.81,223.0
2022-04-29 05:00:57.790990+00:00,None,1.0,37.09,0.0083,power,37.09,0.0,0.0,None,255.0,None,1.84,7.0,None,measurement,21.0,None,{'state': None},1.84,223.0
2022-04-29 05:07:15.723878+00:00,None,1.0,37.09,0.0109,power,37.09,0.0,0.0,None,255.0,None,2.44,7.0,None,measurement,21.0,None,{'state': None},1.84,223.0
2022-04-29 05:07:15.728421+00:00,None,1.0,37.09,0.0109,power,37.09,0.0,0.0,None,255.0,None,2.44,7.0,None,measurement,21.0,None,{'state': None},2.44,223.0
2022-04-29 05:12:28.242607+00:00,None,1.0,37.09,0.0088,power,37.09,0.0,0.0,None,255.0,None,1.97,7.0,None,measurement,21.0,None,{'state': None},2.44,223.0
2022-04-29 05:12:28.246205+00:00,None,1.0,37.09,0.0088,power,37.09,0.0,0.0,None,255.0,None,1.97,7.0,None,measurement,21.0,None,{'state': None},1.97,223.0
2022-04-29 05:19:54.551861+00:00,None,1.0,37.09,0.0086,power,37.09,0.0,0.0,None,255.0,None,1.92,7.0,None,measurement,21.0,None,{'state': None},1.97,223.0
2022-04-29 05:19:54.558247+00:00,None,1.0,37.09,0.0086,power,37.09,0.0,0.0,None,255.0,None,1.92,7.0,None,measurement,21.0,None,{'state': None},1.92,223.0
2022-04-29 05:25:17.977809+00:00,None,1.0,37.09,0.0084,power,37.09,0.0,0.0,None,255.0,None,1.88,7.0,None,measurement,21.0,None,{'state': None},1.92,223.0
2022-04-29 05:25:17.981557+00:00,None,1.0,37.09,0.0084,power,37.09,0.0,0.0,None,255.0,None,1.88,7.0,None,measurement,21.0,None,{'state': None},1.88,223.0
2022-04-29 05:31:45.276904+00:00,None,1.0,37.09,0.0089,power,37.09,0.0,0.0,None,255.0,None,1.98,7.0,None,measurement,21.0,None,{'state': None},1.88,223.0
2022-04-29 05:31:45.280195+00:00,None,1.0,37.09,0.0089,power,37.09,0.0,0.0,None,255.0,None,1.98,7.0,None,measurement,21.0,None,{'state': None},1.98,223.0
2022-04-29 05:39:26.808165+00:00,None,1.0,37.09,0.0087,power,37.09,0.0,0.0,None,255.0,None,1.96,7.0,None,measurement,21.0,None,{'state': None},1.98,226.0
2022-04-29 05:39:26.814979+00:00,None,1.0,37.09,0.0087,power,37.09,0.0,0.0,None,255.0,None,1.96,7.0,None,measurement,21.0,None,{'state': None},1.96,226.0
2022-04-29 05:46:35.461757+00:00,None,1.0,37.09,0.0085,power,37.09,0.0,0.0,None,255.0,None,1.91,7.0,None,measurement,21.0,None,{'state': None},1.96,226.0
2022-04-29 05:46:35.466189+00:00,None,1.0,37.09,0.0085,power,37.09,0.0,0.0,None,255.0,None,1.91,7.0,None,measurement,21.0,None,{'state': None},1.91,226.0
2022-04-29 05:51:54.650326+00:00,None,1.0,37.09,0.0091,power,37.09,0.0,0.0,None,255.0,None,2.05,7.0,None,measurement,21.0,None,{'state': None},1.91,226.0
2022-04-29 05:51:54.656993+00:00,None,1.0,37.09,0.0091,power,37.09,0.0,0.0,None,255.0,None,2.05,7.0,None,measurement,21.0,None,{'state': None},2.05,226.0
2022-04-29 05:57:40.031673+00:00,None,1.0,37.09,0.0087,power,37.09,0.0,0.0,None,255.0,None,1.96,7.0,None,measurement,21.0,None,{'state': None},2.05,226.0
2022-04-29 05:57:40.036235+00:00,None,1.0,37.09,0.0087,power,37.09,0.0,0.0,None,255.0,None,1.96,7.0,None,measurement,21.0,None,{'state': None},1.96,226.0
2022-04-29 06:04:44.264821+00:00,None,1.0,37.09,0.0066,power,37.09,0.0,0.0,None,255.0,None,1.49,7.0,None,measurement,21.0,None,{'state': None},1.96,226.0
2022-04-29 06:04:44.270227+00:00,None,1.0,37.09,0.0066,power,37.09,0.0,0.0,None,255.0,None,1.49,7.0,None,measurement,21.0,None,{'state': None},1.49,226.0
2022-04-29 06:11:08.470888+00:00,None,1.0,37.09,0.0086,power,37.09,0.0,0.0,None,255.0,None,1.94,7.0,None,measurement,21.0,None,{'state': None},1.49,226.0
2022-04-29 06:11:08.477619+00:00,None,1.0,37.09,0.0086,power,37.09,0.0,0.0,None,255.0,None,1.94,7.0,None,measurement,21.0,None,{'state': None},1.94,226.0
2022-04-29 06:18:27.695714+00:00,None,1.0,37.09,0.0082,power,37.09,0.0,0.0,None,255.0,None,1.86,7.0,None,measurement,21.0,None,{'state': None},1.94,226.0
2022-04-29 06:18:27.702535+00:00,None,1.0,37.09,0.0082,power,37.09,0.0,0.0,None,255.0,None,1.86,7.0,None,measurement,21.0,None,{'state': None},1.86,226.0
2022-04-29 06:26:26.463702+00:00,None,1.0,37.09,0.0086,power,37.09,0.0,0.0,None,255.0,None,1.95,7.0,None,measurement,21.0,None,{'state': None},1.86,226.0
2022-04-29 06:26:26.469248+00:00,None,1.0,37.09,0.0086,power,37.09,0.0,0.0,None,255.0,None,1.95,7.0,None,measurement,21.0,None,{'state': None},1.95,226.0
2022-04-29 06:32:47.547529+00:00,None,1.0,37.09,0.0078,power,37.09,0.0,0.0,None,255.0,None,1.75,7.0,None,measurement,21.0,None,{'state': None},1.95,226.0
2022-04-29 06:32:47.552183+00:00,None,1.0,37.09,0.0078,power,37.09,0.0,0.0,None,255.0,None,1.75,7.0,None,measurement,21.0,None,{'state': None},1.75,226.0
2022-04-29 06:38:19.719007+00:00,None,1.0,37.09,0.0081,power,37.09,0.0,0.0,None,255.0,None,1.83,7.0,None,measurement,21.0,None,{'state': None},1.75,226.0
2022-04-29 06:38:19.725571+00:00,None,1.0,37.09,0.0081,power,37.09,0.0,0.0,None,255.0,None,1.83,7.0,None,measurement,21.0,None,{'state': None},1.83,226.0
2022-04-29 06:43:54.218816+00:00,None,1.0,37.09,0.0086,power,37.09,0.0,0.0,None,255.0,None,1.93,7.0,None,measurement,21.0,None,{'state': None},1.83,226.0
2022-04-29 06:43:54.223473+00:00,None,1.0,37.09,0.0086,power,37.09,0.0,0.0,None,255.0,None,1.93,7.0,None,measurement,21.0,None,{'state': None},1.93,226.0
2022-04-29 06:50:06.314371+00:00,None,1.0,37.09,0.0079,power,37.09,0.0,0.0,None,255.0,None,1.79,7.0,None,measurement,21.0,None,{'state': None},1.93,226.0
2022-04-29 06:50:06.322186+00:00,None,1.0,37.09,0.0079,power,37.09,0.0,0.0,None,255.0,None,1.79,7.0,None,measurement,21.0,None,{'state': None},1.79,226.0
2022-04-29 06:56:44.130604+00:00,None,1.0,37.09,0.008,power,37.09,0.0,0.0,None,255.0,None,1.82,7.0,None,measurement,21.0,None,{'state': None},1.79,226.0
2022-04-29 06:56:44.136868+00:00,None,1.0,37.09,0.008,power,37.09,0.0,0.0,None,255.0,None,1.82,7.0,None,measurement,21.0,None,{'state': None},1.82,226.0
2022-04-29 07:03:54.901927+00:00,None,1.0,37.09,0.0089,power,37.09,0.0,0.0,None,255.0,None,2.01,7.0,None,measurement,21.0,None,{'state': None},1.82,226.0
2022-04-29 07:03:54.908047+00:00,None,1.0,37.09,0.0089,power,37.09,0.0,0.0,None,255.0,None,2.01,7.0,None,measurement,21.0,None,{'state': None},2.01,226.0
2022-04-29 07:10:40.579082+00:00,None,1.0,37.09,0.0091,power,37.09,0.0,0.0,None,255.0,None,2.06,7.0,None,measurement,21.0,None,{'state': None},2.01,226.0
2022-04-29 07:10:40.585141+00:00,None,1.0,37.09,0.0091,power,37.09,0.0,0.0,None,255.0,None,2.06,7.0,None,measurement,21.0,None,{'state': None},2.06,226.0
2022-04-29 07:18:22.523837+00:00,None,1.0,37.09,0.0083,power,37.09,0.0,0.0,None,255.0,None,1.88,7.0,None,measurement,21.0,None,{'state': None},2.06,226.0
2022-04-29 07:18:22.529726+00:00,None,1.0,37.09,0.0083,power,37.09,0.0,0.0,None,255.0,None,1.88,7.0,None,measurement,21.0,None,{'state': None},1.88,226.0
2022-04-29 07:23:43.796896+00:00,None,1.0,37.09,0.0091,power,37.09,0.0,0.0,None,255.0,None,2.06,7.0,None,measurement,21.0,None,{'state': None},1.88,226.0
2022-04-29 07:23:43.802000+00:00,None,1.0,37.09,0.0091,power,37.09,0.0,0.0,None,255.0,None,2.06,7.0,None,measurement,21.0,None,{'state': None},2.06,226.0
2022-04-29 07:31:20.994480+00:00,None,1.0,37.09,0.0082,power,37.09,0.0,0.0,None,255.0,None,1.86,7.0,None,measurement,21.0,None,{'state': None},2.06,226.0
2022-04-29 07:31:20.999330+00:00,None,1.0,37.09,0.0082,power,37.09,0.0,0.0,None,255.0,None,1.86,7.0,None,measurement,21.0,None,{'state': None},1.86,226.0
2022-04-29 07:38:26.227952+00:00,None,1.0,37.09,0.0084,power,37.09,0.0,0.0,None,255.0,None,1.9,7.0,None,measurement,21.0,None,{'state': None},1.86,226.0
2022-04-29 07:38:26.231889+00:00,None,1.0,37.09,0.0084,power,37.09,0.0,0.0,None,255.0,None,1.9,7.0,None,measurement,21.0,None,{'state': None},1.9,226.0
2022-04-29 07:45:59.671825+00:00,None,1.0,37.09,0.0081,power,37.09,0.0,0.0,None,255.0,None,1.83,7.0,None,measurement,21.0,None,{'state': None},1.9,226.0
2022-04-29 07:45:59.677449+00:00,None,1.0,37.09,0.0081,power,37.09,0.0,0.0,None,255.0,None,1.83,7.0,None,measurement,21.0,None,{'state': None},1.83,226.0
2022-04-29 07:51:12.102652+00:00,None,1.0,37.09,0.0085,power,37.09,0.0,0.0,None,255.0,None,1.92,7.0,None,measurement,21.0,None,{'state': None},1.83,226.0
2022-04-29 07:51:12.107450+00:00,None,1.0,37.09,0.0085,power,37.09,0.0,0.0,None,255.0,None,1.92,7.0,None,measurement,21.0,None,{'state': None},1.92,226.0
2022-04-29 07:57:51.103802+00:00,None,1.0,37.09,0.0084,power,37.09,0.0,0.0,None,255.0,None,1.9,7.0,None,measurement,21.0,None,{'state': None},1.92,226.0
2022-04-29 07:57:51.110635+00:00,None,1.0,37.09,0.0084,power,37.09,0.0,0.0,None,255.0,None,1.9,7.0,None,measurement,21.0,None,{'state': None},1.9,226.0
2022-04-29 08:03:16.825528+00:00,None,1.0,37.09,0.008,power,37.09,0.0,0.0,None,255.0,None,1.81,7.0,None,measurement,21.0,None,{'state': None},1.9,226.0
2022-04-29 08:03:16.830517+00:00,None,1.0,37.09,0.008,power,37.09,0.0,0.0,None,255.0,None,1.81,7.0,None,measurement,21.0,None,{'state': None},1.81,226.0
2022-04-29 08:09:14.930431+00:00,None,1.0,37.09,0.0088,power,37.09,0.0,0.0,None,255.0,None,1.98,7.0,None,measurement,21.0,None,{'state': None},1.81,226.0
2022-04-29 08:09:14.937210+00:00,None,1.0,37.09,0.0088,power,37.09,0.0,0.0,None,255.0,None,1.98,7.0,None,measurement,21.0,None,{'state': None},1.98,226.0
2022-04-29 08:14:33.912051+00:00,None,1.0,37.09,0.0082,power,37.09,0.0,0.0,None,255.0,None,1.84,7.0,None,measurement,21.0,None,{'state': None},1.98,226.0
2022-04-29 08:14:33.919095+00:00,None,1.0,37.09,0.0082,power,37.09,0.0,0.0,None,255.0,None,1.84,7.0,None,measurement,21.0,None,{'state': None},1.84,226.0
2022-04-29 08:19:45.806116+00:00,None,1.0,37.09,0.0088,power,37.09,0.0,0.0,None,255.0,None,1.98,7.0,None,measurement,21.0,None,{'state': None},1.84,226.0
2022-04-29 08:19:45.812475+00:00,None,1.0,37.09,0.0088,power,37.09,0.0,0.0,None,255.0,None,1.98,7.0,None,measurement,21.0,None,{'state': None},1.98,226.0
2022-04-29 08:26:52.034434+00:00,None,1.0,37.09,0.0084,power,37.09,0.0,0.0,None,255.0,None,1.9,7.0,None,measurement,21.0,None,{'state': None},1.98,226.0
2022-04-29 08:26:52.040421+00:00,None,1.0,37.09,0.0084,power,37.09,0.0,0.0,None,255.0,None,1.9,7.0,None,measurement,21.0,None,{'state': None},1.9,226.0
2022-04-29 08:33:33.282105+00:00,None,1.0,37.09,0.0078,power,37.09,0.0,0.0,None,255.0,None,1.77,7.0,None,measurement,21.0,None,{'state': None},1.9,226.0
2022-04-29 08:33:33.288386+00:00,None,1.0,37.09,0.0078,power,37.09,0.0,0.0,None,255.0,None,1.77,7.0,None,measurement,21.0,None,{'state': None},1.77,226.0
2022-04-29 08:40:44.375803+00:00,None,1.0,37.09,0.0086,power,37.09,0.0,0.0,None,255.0,None,1.95,7.0,None,measurement,21.0,None,{'state': None},1.77,226.0
2022-04-29 08:40:44.381551+00:00,None,1.0,37.09,0.0086,power,37.09,0.0,0.0,None,255.0,None,1.95,7.0,None,measurement,21.0,None,{'state': None},1.95,226.0
2022-04-29 08:46:29.158018+00:00,None,1.0,37.09,0.0084,power,37.09,0.0,0.0,None,255.0,None,1.9,7.0,None,measurement,21.0,None,{'state': None},1.95,226.0
2022-04-29 08:46:29.161681+00:00,None,1.0,37.09,0.0084,power,37.09,0.0,0.0,None,255.0,None,1.9,7.0,None,measurement,21.0,None,{'state': None},1.9,226.0
2022-04-29 08:53:09.573884+00:00,None,1.0,37.09,0.0085,power,37.09,0.0,0.0,None,255.0,None,1.91,7.0,None,measurement,21.0,None,{'state': None},1.9,226.0
2022-04-29 08:53:09.580148+00:00,None,1.0,37.09,0.0085,power,37.09,0.0,0.0,None,255.0,None,1.91,7.0,None,measurement,21.0,None,{'state': None},1.91,226.0
2022-04-29 08:59:16.217709+00:00,None,1.0,37.09,0.0081,power,37.09,0.0,0.0,None,255.0,None,1.82,7.0,None,measurement,21.0,None,{'state': None},1.91,226.0
2022-04-29 08:59:16.222547+00:00,None,1.0,37.09,0.0081,power,37.09,0.0,0.0,None,255.0,None,1.82,7.0,None,measurement,21.0,None,{'state': None},1.82,226.0
2022-04-29 09:06:26.175865+00:00,None,1.0,37.09,0.0088,power,37.09,0.0,0.0,None,255.0,None,1.99,7.0,None,measurement,21.0,None,{'state': None},1.82,226.0
2022-04-29 09:06:26.181599+00:00,None,1.0,37.09,0.0088,power,37.09,0.0,0.0,None,255.0,None,1.99,7.0,None,measurement,21.0,None,{'state': None},1.99,226.0
2022-04-29 09:13:39.569532+00:00,None,1.0,37.09,0.0086,power,37.09,0.0,0.0,None,255.0,None,1.93,7.0,None,measurement,21.0,None,{'state': None},1.99,226.0
2022-04-29 09:13:39.575482+00:00,None,1.0,37.09,0.0086,power,37.09,0.0,0.0,None,255.0,None,1.93,7.0,None,measurement,21.0,None,{'state': None},1.93,226.0
2022-04-29 09:19:03.993419+00:00,None,1.0,37.09,0.0087,power,37.09,0.0,0.0,None,255.0,None,1.96,7.0,None,measurement,21.0,None,{'state': None},1.93,226.0
2022-04-29 09:19:04.003496+00:00,None,1.0,37.09,0.0087,power,37.09,0.0,0.0,None,255.0,None,1.96,7.0,None,measurement,21.0,None,{'state': None},1.96,226.0
2022-04-29 09:25:07.210514+00:00,None,1.0,37.09,0.0083,power,37.09,0.0,0.0,None,255.0,None,1.87,7.0,None,measurement,21.0,None,{'state': None},1.96,226.0
2022-04-29 09:25:07.214832+00:00,None,1.0,37.09,0.0083,power,37.09,0.0,0.0,None,255.0,None,1.87,7.0,None,measurement,21.0,None,{'state': None},1.87,226.0
2022-04-29 09:30:49.064957+00:00,None,1.0,37.09,0.0084,power,37.09,0.0,0.0,None,255.0,None,1.89,7.0,None,measurement,21.0,None,{'state': None},1.87,226.0
2022-04-29 09:30:49.071168+00:00,None,1.0,37.09,0.0084,power,37.09,0.0,0.0,None,255.0,None,1.89,7.0,None,measurement,21.0,None,{'state': None},1.89,226.0
2022-04-29 09:38:52.881973+00:00,None,1.0,37.09,0.0086,power,37.09,0.0,0.0,None,255.0,None,1.95,7.0,None,measurement,21.0,None,{'state': None},1.89,226.0
2022-04-29 09:38:52.889181+00:00,None,1.0,37.09,0.0086,power,37.09,0.0,0.0,None,255.0,None,1.95,7.0,None,measurement,21.0,None,{'state': None},1.95,226.0
2022-04-29 09:46:08.171752+00:00,None,1.0,37.09,0.0083,power,37.09,0.0,0.0,None,255.0,None,1.88,7.0,None,measurement,21.0,None,{'state': None},1.95,226.0
2022-04-29 09:46:08.177674+00:00,None,1.0,37.09,0.0083,power,37.09,0.0,0.0,None,255.0,None,1.88,7.0,None,measurement,21.0,None,{'state': None},1.88,226.0
2022-04-29 09:52:06.874119+00:00,None,1.0,37.1,0.0084,power,37.1,0.0,0.0,None,255.0,None,1.9,7.0,None,measurement,21.0,None,{'state': None},1.88,226.0
2022-04-29 09:52:06.878600+00:00,None,1.0,37.1,0.0084,power,37.1,0.0,0.0,None,255.0,None,1.9,7.0,None,measurement,21.0,None,{'state': None},1.9,226.0
2022-04-29 09:58:26.950403+00:00,None,1.0,37.1,0.0081,power,37.1,0.0,0.0,None,255.0,None,1.84,7.0,None,measurement,22.0,None,{'state': None},1.9,226.0
2022-04-29 09:58:26.954775+00:00,None,1.0,37.1,0.0081,power,37.1,0.0,0.0,None,255.0,None,1.84,7.0,None,measurement,22.0,None,{'state': None},1.84,226.0
2022-04-29 10:04:49.737250+00:00,None,1.0,37.1,0.0082,power,37.1,0.0,0.0,None,255.0,None,1.85,7.0,None,measurement,22.0,None,{'state': None},1.84,226.0
2022-04-29 10:04:49.741091+00:00,None,1.0,37.1,0.0082,power,37.1,0.0,0.0,None,255.0,None,1.85,7.0,None,measurement,22.0,None,{'state': None},1.85,226.0
2022-04-29 10:10:57.395058+00:00,None,1.0,37.1,0.0085,power,37.1,0.0,0.0,None,255.0,None,1.91,7.0,None,measurement,22.0,None,{'state': None},1.85,226.0
2022-04-29 10:10:57.398952+00:00,None,1.0,37.1,0.0085,power,37.1,0.0,0.0,None,255.0,None,1.91,7.0,None,measurement,22.0,None,{'state': None},1.91,226.0
2022-04-29 10:17:10.325923+00:00,None,1.0,37.1,0.0084,power,37.1,0.0,0.0,None,255.0,None,1.9,7.0,None,measurement,21.0,None,{'state': None},1.91,226.0
2022-04-29 10:17:10.332045+00:00,None,1.0,37.1,0.0084,power,37.1,0.0,0.0,None,255.0,None,1.9,7.0,None,measurement,21.0,None,{'state': None},1.9,226.0
2022-04-29 10:24:49.923658+00:00,None,1.0,37.1,0.009,power,37.1,0.0,0.0,None,255.0,None,2.03,7.0,None,measurement,22.0,None,{'state': None},1.9,226.0
2022-04-29 10:24:49.930022+00:00,None,1.0,37.1,0.009,power,37.1,0.0,0.0,None,255.0,None,2.03,7.0,None,measurement,22.0,None,{'state': None},2.03,226.0
2022-04-29 10:30:43.972304+00:00,None,1.0,37.1,0.0086,power,37.1,0.0,0.0,None,255.0,None,1.94,7.0,None,measurement,22.0,None,{'state': None},2.03,226.0
2022-04-29 10:30:43.979839+00:00,None,1.0,37.1,0.0086,power,37.1,0.0,0.0,None,255.0,None,1.94,7.0,None,measurement,22.0,None,{'state': None},1.94,226.0
2022-04-29 10:38:22.654796+00:00,None,1.0,37.1,0.0082,power,37.1,0.0,0.0,None,255.0,None,1.86,7.0,None,measurement,22.0,None,{'state': None},1.94,226.0
2022-04-29 10:38:22.658295+00:00,None,1.0,37.1,0.0082,power,37.1,0.0,0.0,None,255.0,None,1.86,7.0,None,measurement,22.0,None,{'state': None},1.86,226.0
2022-04-29 10:45:56.134477+00:00,None,1.0,37.1,0.0081,power,37.1,0.0,0.0,None,255.0,None,1.84,7.0,None,measurement,22.0,None,{'state': None},1.86,226.0
2022-04-29 10:45:56.140754+00:00,None,1.0,37.1,0.0081,power,37.1,0.0,0.0,None,255.0,None,1.84,7.0,None,measurement,22.0,None,{'state': None},1.84,226.0
2022-04-29 10:53:38.370237+00:00,None,1.0,37.1,0.0082,power,37.1,0.0,0.0,None,255.0,None,1.86,7.0,None,measurement,22.0,None,{'state': None},1.84,226.0
2022-04-29 10:53:38.376893+00:00,None,1.0,37.1,0.0082,power,37.1,0.0,0.0,None,255.0,None,1.86,7.0,None,measurement,22.0,None,{'state': None},1.86,226.0
2022-04-29 11:01:13.934607+00:00,None,1.0,37.1,0.009,power,37.1,0.0,0.0,None,255.0,None,2.04,7.0,None,measurement,22.0,None,{'state': None},1.86,226.0
2022-04-29 11:01:13.940081+00:00,None,1.0,37.1,0.009,power,37.1,0.0,0.0,None,255.0,None,2.04,7.0,None,measurement,22.0,None,{'state': None},2.04,226.0
2022-04-29 11:08:50.407640+00:00,None,1.0,37.1,0.0083,power,37.1,0.0,0.0,None,255.0,None,1.87,7.0,None,measurement,22.0,None,{'state': None},2.04,226.0
2022-04-29 11:08:50.412731+00:00,None,1.0,37.1,0.0083,power,37.1,0.0,0.0,None,255.0,None,1.87,7.0,None,measurement,22.0,None,{'state': None},1.87,226.0
2022-04-29 11:16:53.283653+00:00,None,1.0,37.1,0.0084,power,37.1,0.0,0.0,None,255.0,None,1.9,7.0,None,measurement,22.0,None,{'state': None},1.87,226.0
2022-04-29 11:16:53.287270+00:00,None,1.0,37.1,0.0084,power,37.1,0.0,0.0,None,255.0,None,1.9,7.0,None,measurement,22.0,None,{'state': None},1.9,226.0
2022-04-29 11:24:01.658233+00:00,None,1.0,37.1,0.0081,power,37.1,0.0,0.0,None,255.0,None,1.83,7.0,None,measurement,22.0,None,{'state': None},1.9,226.0
2022-04-29 11:24:01.665208+00:00,None,1.0,37.1,0.0081,power,37.1,0.0,0.0,None,255.0,None,1.83,7.0,None,measurement,22.0,None,{'state': None},1.83,226.0
2022-04-29 11:29:51.956748+00:00,None,1.0,37.1,0.0084,power,37.1,0.0,0.0,None,255.0,None,1.89,7.0,None,measurement,22.0,None,{'state': None},1.83,226.0
2022-04-29 11:29:51.962104+00:00,None,1.0,37.1,0.0084,power,37.1,0.0,0.0,None,255.0,None,1.89,7.0,None,measurement,22.0,None,{'state': None},1.89,226.0
2022-04-29 11:35:56.623225+00:00,None,1.0,37.1,0.0089,power,37.1,0.0,0.0,None,255.0,None,2.01,7.0,None,measurement,22.0,None,{'state': None},1.89,226.0
2022-04-29 11:35:56.629738+00:00,None,1.0,37.1,0.0089,power,37.1,0.0,0.0,None,255.0,None,2.01,7.0,None,measurement,22.0,None,{'state': None},2.01,226.0
2022-04-29 11:41:29.407421+00:00,None,1.0,37.1,0.0088,power,37.1,0.0,0.0,None,255.0,None,1.98,7.0,None,measurement,22.0,None,{'state': None},2.01,226.0
2022-04-29 11:41:29.417643+00:00,None,1.0,37.1,0.0088,power,37.1,0.0,0.0,None,255.0,None,1.98,7.0,None,measurement,22.0,None,{'state': None},1.98,226.0
2022-04-29 11:48:25.170674+00:00,None,1.0,37.1,0.008,power,37.1,0.0,0.0,None,255.0,None,1.81,7.0,None,measurement,22.0,None,{'state': None},1.98,226.0
2022-04-29 11:48:25.178327+00:00,None,1.0,37.1,0.008,power,37.1,0.0,0.0,None,255.0,None,1.81,7.0,None,measurement,22.0,None,{'state': None},1.81,226.0
2022-04-29 11:54:20.601786+00:00,None,1.0,37.1,0.0083,power,37.1,0.0,0.0,None,255.0,None,1.88,7.0,None,measurement,22.0,None,{'state': None},1.81,226.0
2022-04-29 11:54:20.607106+00:00,None,1.0,37.1,0.0083,power,37.1,0.0,0.0,None,255.0,None,1.88,7.0,None,measurement,22.0,None,{'state': None},1.88,226.0
2022-04-29 12:01:17.989361+00:00,None,1.0,37.1,0.0086,power,37.1,0.0,0.0,None,255.0,None,1.95,7.0,None,measurement,22.0,None,{'state': None},1.88,226.0
2022-04-29 12:01:17.994543+00:00,None,1.0,37.1,0.0086,power,37.1,0.0,0.0,None,255.0,None,1.95,7.0,None,measurement,22.0,None,{'state': None},1.95,226.0
2022-04-29 12:08:19.782833+00:00,None,1.0,37.1,0.0093,power,37.1,0.0,0.0,None,255.0,None,2.1,7.0,None,measurement,22.0,None,{'state': None},1.95,226.0
2022-04-29 12:08:19.788128+00:00,None,1.0,37.1,0.0093,power,37.1,0.0,0.0,None,255.0,None,2.1,7.0,None,measurement,22.0,None,{'state': None},2.1,226.0
2022-04-29 12:15:35.479895+00:00,None,1.0,37.1,0.0084,power,37.1,0.0,0.0,None,255.0,None,1.9,7.0,None,measurement,22.0,None,{'state': None},2.1,226.0
2022-04-29 12:15:35.485702+00:00,None,1.0,37.1,0.0084,power,37.1,0.0,0.0,None,255.0,None,1.9,7.0,None,measurement,22.0,None,{'state': None},1.9,226.0
2022-04-29 12:23:14.787290+00:00,None,1.0,37.1,0.0085,power,37.1,0.0,0.0,None,255.0,None,1.92,7.0,None,measurement,22.0,None,{'state': None},1.9,226.0
2022-04-29 12:23:14.790870+00:00,None,1.0,37.1,0.0085,power,37.1,0.0,0.0,None,255.0,None,1.92,7.0,None,measurement,22.0,None,{'state': None},1.92,226.0
2022-04-29 12:31:04.283397+00:00,None,1.0,37.1,0.0102,power,37.1,0.0,0.0,None,255.0,None,2.3,7.0,None,measurement,22.0,None,{'state': None},1.92,226.0
2022-04-29 12:31:04.291089+00:00,None,1.0,37.1,0.0102,power,37.1,0.0,0.0,None,255.0,None,2.3,7.0,None,measurement,22.0,None,{'state': None},2.3,226.0
2022-04-29 12:37:30.784041+00:00,None,1.0,37.1,0.008,power,37.1,0.0,0.0,None,255.0,None,1.82,7.0,None,measurement,22.0,None,{'state': None},2.3,226.0
2022-04-29 12:37:30.788341+00:00,None,1.0,37.1,0.008,power,37.1,0.0,0.0,None,255.0,None,1.82,7.0,None,measurement,22.0,None,{'state': None},1.82,226.0
2022-04-29 12:45:06.676305+00:00,None,1.0,37.1,0.0081,power,37.1,0.0,0.0,None,255.0,None,1.84,7.0,None,measurement,22.0,None,{'state': None},1.82,226.0
2022-04-29 12:45:06.682614+00:00,None,1.0,37.1,0.0081,power,37.1,0.0,0.0,None,255.0,None,1.84,7.0,None,measurement,22.0,None,{'state': None},1.84,226.0
2022-04-29 12:50:49.220291+00:00,None,1.0,37.1,0.0084,power,37.1,0.0,0.0,None,255.0,None,1.89,7.0,None,measurement,22.0,None,{'state': None},1.84,226.0
2022-04-29 12:50:49.226122+00:00,None,1.0,37.1,0.0084,power,37.1,0.0,0.0,None,255.0,None,1.89,7.0,None,measurement,22.0,None,{'state': None},1.89,226.0
2022-04-29 12:56:00.940667+00:00,None,1.0,37.1,0.0082,power,37.1,0.0,0.0,None,255.0,None,1.84,7.0,None,measurement,22.0,None,{'state': None},1.89,226.0
2022-04-29 12:56:00.945997+00:00,None,1.0,37.1,0.0082,power,37.1,0.0,0.0,None,255.0,None,1.84,7.0,None,measurement,22.0,None,{'state': None},1.84,226.0
2022-04-29 13:02:04.156987+00:00,None,1.0,37.1,0.0082,power,37.1,0.0,0.0,None,255.0,None,1.85,7.0,None,measurement,22.0,None,{'state': None},1.84,226.0
2022-04-29 13:02:04.161642+00:00,None,1.0,37.1,0.0082,power,37.1,0.0,0.0,None,255.0,None,1.85,7.0,None,measurement,22.0,None,{'state': None},1.85,226.0
2022-04-29 13:07:48.435588+00:00,None,1.0,37.1,0.0089,power,37.1,0.0,0.0,None,255.0,None,1.94,7.0,None,measurement,22.0,None,{'state': None},1.85,219.0
2022-04-29 13:07:48.439978+00:00,None,1.0,37.1,0.0089,power,37.1,0.0,0.0,None,255.0,None,1.94,7.0,None,measurement,22.0,None,{'state': None},1.94,219.0
2022-04-29 13:13:17.887777+00:00,None,1.0,37.1,0.0093,power,37.1,0.0,0.0,None,255.0,None,2.1,7.0,None,measurement,22.0,None,{'state': None},1.94,226.0
2022-04-29 13:13:17.893959+00:00,None,1.0,37.1,0.0093,power,37.1,0.0,0.0,None,255.0,None,2.1,7.0,None,measurement,22.0,None,{'state': None},2.1,226.0
2022-04-29 13:18:33.334760+00:00,None,1.0,37.1,0.0092,power,37.1,0.0,0.0,None,255.0,None,2.09,7.0,None,measurement,22.0,None,{'state': None},2.1,226.0
2022-04-29 13:18:33.339181+00:00,None,1.0,37.1,0.0092,power,37.1,0.0,0.0,None,255.0,None,2.09,7.0,None,measurement,22.0,None,{'state': None},2.09,226.0
2022-04-29 13:20:20.899592+00:00,None,1.0,37.1,0.0092,power,37.1,0.0,0.0,None,255.0,None,27.94,7.0,None,measurement,22.0,None,{'state': None},2.09,226.0
2022-04-29 13:20:20.905315+00:00,None,1.0,37.1,0.0092,power,37.1,0.0,0.0,None,255.0,None,27.94,7.0,None,measurement,22.0,None,{'state': None},27.94,226.0
2022-04-29 13:20:23.711839+00:00,None,1.0,37.1,0.0092,power,37.1,0.0,0.0,None,255.0,None,55.33,7.0,None,measurement,22.0,None,{'state': None},27.94,226.0
2022-04-29 13:20:23.718408+00:00,None,1.0,37.1,0.0092,power,37.1,0.0,0.0,None,255.0,None,55.33,7.0,None,measurement,22.0,None,{'state': None},55.33,226.0
2022-04-29 13:20:33.798790+00:00,None,1.0,37.1,0.0092,power,37.1,0.0,0.0,None,255.0,None,61.87,7.0,None,measurement,22.0,None,{'state': None},55.33,226.0
2022-04-29 13:20:33.805095+00:00,None,1.0,37.1,0.0092,power,37.1,0.0,0.0,None,255.0,None,61.87,7.0,None,measurement,22.0,None,{'state': None},61.87,226.0
2022-04-29 13:22:14.614250+00:00,None,1.0,37.1,0.0092,power,37.1,0.0,0.0,None,255.0,None,55.33,7.0,None,measurement,22.0,None,{'state': None},61.87,226.0
2022-04-29 13:22:14.624298+00:00,None,1.0,37.1,0.0092,power,37.1,0.0,0.0,None,255.0,None,55.33,7.0,None,measurement,22.0,None,{'state': None},55.33,226.0
2022-04-29 13:22:24.683629+00:00,None,1.0,37.1,0.0092,power,37.1,0.0,0.0,None,255.0,None,59.86,7.0,None,measurement,22.0,None,{'state': None},55.33,226.0
2022-04-29 13:22:24.689741+00:00,None,1.0,37.1,0.0092,power,37.1,0.0,0.0,None,255.0,None,59.86,7.0,None,measurement,22.0,None,{'state': None},59.86,226.0
2022-04-29 13:25:08.951785+00:00,None,1.0,37.11,0.2738,power,37.11,0.0,0.0,None,255.0,None,61.87,7.0,None,measurement,22.0,None,{'state': None},59.86,226.0
2022-04-29 13:25:08.957393+00:00,None,1.0,37.11,0.2738,power,37.11,0.0,0.0,None,255.0,None,61.87,7.0,None,measurement,22.0,None,{'state': None},61.87,226.0
2022-04-29 13:38:43.365689+00:00,None,1.0,37.12,0.2715,power,37.12,0.0,0.0,None,255.0,None,61.37,7.0,None,measurement,22.0,None,{'state': None},61.87,226.0
2022-04-29 13:38:43.371239+00:00,None,1.0,37.12,0.2715,power,37.12,0.0,0.0,None,255.0,None,61.37,7.0,None,measurement,22.0,None,{'state': None},61.37,226.0
2022-04-29 13:45:12.817422+00:00,None,1.0,37.13,0.2715,power,37.13,0.0,0.0,None,255.0,None,61.37,7.0,None,measurement,22.0,None,{'state': None},61.37,226.0
2022-04-29 13:52:55.114265+00:00,None,1.0,37.13,0.2715,power,37.13,0.0,0.0,None,255.0,None,10.27,7.0,None,measurement,22.0,None,{'state': None},61.37,226.0
2022-04-29 13:52:55.126515+00:00,None,1.0,37.13,0.2715,power,37.13,0.0,0.0,None,255.0,None,10.27,7.0,None,measurement,22.0,None,{'state': None},10.27,226.0
2022-04-29 13:53:32.219267+00:00,None,1.0,37.13,0.2715,power,37.13,0.0,0.0,None,255.0,None,1.83,7.0,None,measurement,22.0,None,{'state': None},10.27,226.0
2022-04-29 13:53:32.224619+00:00,None,1.0,37.13,0.2715,power,37.13,0.0,0.0,None,255.0,None,1.83,7.0,None,measurement,22.0,None,{'state': None},1.83,226.0
2022-04-29 13:59:21.334102+00:00,None,1.0,37.13,0.0082,power,37.13,0.0,0.0,None,255.0,None,1.84,7.0,None,measurement,22.0,None,{'state': None},1.83,226.0
2022-04-29 13:59:21.338232+00:00,None,1.0,37.13,0.0082,power,37.13,0.0,0.0,None,255.0,None,1.84,7.0,None,measurement,22.0,None,{'state': None},1.84,226.0
2022-04-29 14:05:18.932120+00:00,None,1.0,37.13,0.0083,power,37.13,0.0,0.0,None,255.0,None,1.87,7.0,None,measurement,22.0,None,{'state': None},1.84,226.0
2022-04-29 14:05:18.935974+00:00,None,1.0,37.13,0.0083,power,37.13,0.0,0.0,None,255.0,None,1.87,7.0,None,measurement,22.0,None,{'state': None},1.87,226.0
2022-04-29 14:11:46.770258+00:00,None,1.0,37.13,0.0087,power,37.13,0.0,0.0,None,255.0,None,1.97,7.0,None,measurement,22.0,None,{'state': None},1.87,226.0
2022-04-29 14:11:46.776223+00:00,None,1.0,37.13,0.0087,power,37.13,0.0,0.0,None,255.0,None,1.97,7.0,None,measurement,22.0,None,{'state': None},1.97,226.0
2022-04-29 14:13:40.362818+00:00,None,1.0,37.13,0.0087,power,37.13,0.0,0.0,None,255.0,None,55.33,7.0,None,measurement,22.0,None,{'state': None},1.97,226.0
2022-04-29 14:13:40.367504+00:00,None,1.0,37.13,0.0087,power,37.13,0.0,0.0,None,255.0,None,55.33,7.0,None,measurement,22.0,None,{'state': None},55.33,226.0
2022-04-29 14:13:50.436193+00:00,None,1.0,37.13,0.0087,power,37.13,0.0,0.0,None,255.0,None,62.88,7.0,None,measurement,22.0,None,{'state': None},55.33,226.0
2022-04-29 14:13:50.441361+00:00,None,1.0,37.13,0.0087,power,37.13,0.0,0.0,None,255.0,None,62.88,7.0,None,measurement,22.0,None,{'state': None},62.88,226.0
2022-04-29 14:15:31.271068+00:00,None,1.0,37.13,0.0087,power,37.13,0.0,0.0,None,255.0,None,58.85,7.0,None,measurement,22.0,None,{'state': None},62.88,226.0
2022-04-29 14:15:31.276040+00:00,None,1.0,37.13,0.0087,power,37.13,0.0,0.0,None,255.0,None,58.85,7.0,None,measurement,22.0,None,{'state': None},58.85,226.0
2022-04-29 14:17:21.369739+00:00,None,1.0,37.14,0.2715,power,37.14,0.0,0.0,None,255.0,None,61.37,7.0,None,measurement,22.0,None,{'state': None},58.85,226.0
2022-04-29 14:17:21.373342+00:00,None,1.0,37.14,0.2715,power,37.14,0.0,0.0,None,255.0,None,61.37,7.0,None,measurement,22.0,None,{'state': None},61.37,226.0
2022-04-29 14:23:06.650776+00:00,None,1.0,37.14,0.2738,power,37.14,0.0,0.0,None,255.0,None,61.87,7.0,None,measurement,22.0,None,{'state': None},61.37,226.0
2022-04-29 14:23:06.655260+00:00,None,1.0,37.14,0.2738,power,37.14,0.0,0.0,None,255.0,None,61.87,7.0,None,measurement,22.0,None,{'state': None},61.87,226.0
2022-04-29 14:30:30.113645+00:00,None,1.0,37.15,0.2715,power,37.15,0.0,0.0,None,255.0,None,61.37,7.0,None,measurement,22.0,None,{'state': None},61.87,226.0
2022-04-29 14:30:30.118778+00:00,None,1.0,37.15,0.2715,power,37.15,0.0,0.0,None,255.0,None,61.37,7.0,None,measurement,22.0,None,{'state': None},61.37,226.0
2022-04-29 14:30:38.569936+00:00,None,1.0,37.15,0.2715,power,37.15,0.0,0.0,None,255.0,None,52.31,7.0,None,measurement,22.0,None,{'state': None},61.37,226.0
2022-04-29 14:30:38.574681+00:00,None,1.0,37.15,0.2715,power,37.15,0.0,0.0,None,255.0,None,52.31,7.0,None,measurement,22.0,None,{'state': None},52.31,226.0
2022-04-29 14:30:58.715891+00:00,None,1.0,37.15,0.2715,power,37.15,0.0,0.0,None,255.0,None,61.87,7.0,None,measurement,22.0,None,{'state': None},52.31,226.0
2022-04-29 14:30:58.720050+00:00,None,1.0,37.15,0.2715,power,37.15,0.0,0.0,None,255.0,None,61.87,7.0,None,measurement,22.0,None,{'state': None},61.87,226.0
2022-04-29 14:33:50.122874+00:00,None,1.0,37.15,0.2715,power,37.15,0.0,0.0,None,255.0,None,55.83,7.0,None,measurement,22.0,None,{'state': None},61.87,226.0
2022-04-29 14:33:50.128361+00:00,None,1.0,37.15,0.2715,power,37.15,0.0,0.0,None,255.0,None,55.83,7.0,None,measurement,22.0,None,{'state': None},55.83,226.0
2022-04-29 14:35:01.901844+00:00,None,1.0,37.15,0.2715,power,37.15,0.0,0.0,None,255.0,None,17.34,7.0,None,measurement,22.0,None,{'state': None},55.83,226.0
2022-04-29 14:35:01.906650+00:00,None,1.0,37.15,0.2715,power,37.15,0.0,0.0,None,255.0,None,17.34,7.0,None,measurement,22.0,None,{'state': None},17.34,226.0
2022-04-29 14:35:18.033411+00:00,None,1.0,37.15,0.2715,power,37.15,0.0,0.0,None,255.0,None,41.92,7.0,None,measurement,22.0,None,{'state': None},17.34,226.0
2022-04-29 14:35:18.038527+00:00,None,1.0,37.15,0.2715,power,37.15,0.0,0.0,None,255.0,None,41.92,7.0,None,measurement,22.0,None,{'state': None},41.92,226.0
2022-04-29 14:35:20.958344+00:00,None,1.0,37.15,0.2715,power,37.15,0.0,0.0,None,255.0,None,55.33,7.0,None,measurement,22.0,None,{'state': None},41.92,226.0
2022-04-29 14:35:20.965535+00:00,None,1.0,37.15,0.2715,power,37.15,0.0,0.0,None,255.0,None,55.33,7.0,None,measurement,22.0,None,{'state': None},55.33,226.0
2022-04-29 14:35:41.105717+00:00,None,1.0,37.15,0.2715,power,37.15,0.0,0.0,None,255.0,None,61.87,7.0,None,measurement,22.0,None,{'state': None},55.33,226.0
2022-04-29 14:35:41.111197+00:00,None,1.0,37.15,0.2715,power,37.15,0.0,0.0,None,255.0,None,61.87,7.0,None,measurement,22.0,None,{'state': None},61.87,226.0
2022-04-29 14:38:32.290780+00:00,None,1.0,37.16,0.2715,power,37.16,0.0,0.0,None,255.0,None,61.37,7.0,None,measurement,23.0,None,{'state': None},61.87,226.0
2022-04-29 14:38:32.296295+00:00,None,1.0,37.16,0.2715,power,37.16,0.0,0.0,None,255.0,None,61.37,7.0,None,measurement,23.0,None,{'state': None},61.37,226.0
2022-04-29 14:41:13.785438+00:00,None,1.0,37.16,0.2715,power,37.16,0.0,0.0,None,255.0,None,57.34,7.0,None,measurement,23.0,None,{'state': None},61.37,226.0
2022-04-29 14:41:13.793800+00:00,None,1.0,37.16,0.2715,power,37.16,0.0,0.0,None,255.0,None,57.34,7.0,None,measurement,23.0,None,{'state': None},57.34,226.0
2022-04-29 14:41:23.880081+00:00,None,1.0,37.16,0.2715,power,37.16,0.0,0.0,None,255.0,None,60.86,7.0,None,measurement,23.0,None,{'state': None},57.34,226.0
2022-04-29 14:41:23.885854+00:00,None,1.0,37.16,0.2715,power,37.16,0.0,0.0,None,255.0,None,60.86,7.0,None,measurement,23.0,None,{'state': None},60.86,226.0
2022-04-29 14:45:12.929619+00:00,None,1.0,37.17,0.2715,power,37.17,0.0,0.0,None,255.0,None,61.37,7.0,None,measurement,23.0,None,{'state': None},60.86,226.0
2022-04-29 14:45:12.934189+00:00,None,1.0,37.17,0.2715,power,37.17,0.0,0.0,None,255.0,None,61.37,7.0,None,measurement,23.0,None,{'state': None},61.37,226.0
2022-04-29 14:50:31.198343+00:00,None,1.0,37.17,0.2671,power,37.17,0.0,0.0,None,255.0,None,60.36,7.0,None,measurement,23.0,None,{'state': None},61.37,226.0
2022-04-29 14:50:31.205143+00:00,None,1.0,37.17,0.2671,power,37.17,0.0,0.0,None,255.0,None,60.36,7.0,None,measurement,23.0,None,{'state': None},60.36,226.0
2022-04-29 14:58:28.626506+00:00,None,1.0,37.18,0.2715,power,37.18,0.0,0.0,None,255.0,None,61.37,7.0,None,measurement,23.0,None,{'state': None},60.36,226.0
2022-04-29 14:58:28.632699+00:00,None,1.0,37.18,0.2715,power,37.18,0.0,0.0,None,255.0,None,61.37,7.0,None,measurement,23.0,None,{'state': None},61.37,226.0
2022-04-29 14:58:58.157741+00:00,None,1.0,37.18,0.2715,power,37.18,0.0,0.0,None,255.0,None,10.27,7.0,None,measurement,23.0,None,{'state': None},61.37,226.0
2022-04-29 14:58:58.163083+00:00,None,1.0,37.18,0.2715,power,37.18,0.0,0.0,None,255.0,None,10.27,7.0,None,measurement,23.0,None,{'state': None},10.27,226.0
2022-04-29 14:59:10.262064+00:00,None,1.0,37.18,0.2715,power,37.18,0.0,0.0,None,255.0,None,15.72,7.0,None,measurement,23.0,None,{'state': None},10.27,226.0
2022-04-29 14:59:10.267435+00:00,None,1.0,37.18,0.2715,power,37.18,0.0,0.0,None,255.0,None,15.72,7.0,None,measurement,23.0,None,{'state': None},15.72,226.0
2022-04-29 14:59:14.685271+00:00,None,1.0,37.18,0.2715,power,37.18,0.0,0.0,None,255.0,None,11.7,7.0,None,measurement,23.0,None,{'state': None},15.72,226.0
2022-04-29 14:59:14.688575+00:00,None,1.0,37.18,0.2715,power,37.18,0.0,0.0,None,255.0,None,11.7,7.0,None,measurement,23.0,None,{'state': None},11.7,226.0
2022-04-29 15:00:01.386220+00:00,None,1.0,37.18,0.2715,power,37.18,0.0,0.0,None,255.0,None,17.96,7.0,None,measurement,23.0,None,{'state': None},11.7,226.0
2022-04-29 15:00:01.393059+00:00,None,1.0,37.18,0.2715,power,37.18,0.0,0.0,None,255.0,None,17.96,7.0,None,measurement,23.0,None,{'state': None},17.96,226.0
2022-04-29 15:00:06.614007+00:00,None,1.0,37.18,0.2715,power,37.18,0.0,0.0,None,255.0,None,11.7,7.0,None,measurement,23.0,None,{'state': None},17.96,226.0
2022-04-29 15:00:06.619313+00:00,None,1.0,37.18,0.2715,power,37.18,0.0,0.0,None,255.0,None,11.7,7.0,None,measurement,23.0,None,{'state': None},11.7,226.0
2022-04-29 15:02:23.521489+00:00,None,1.0,37.18,0.2715,power,37.18,0.0,0.0,None,255.0,None,8.38,7.0,None,measurement,23.0,None,{'state': None},11.7,226.0
2022-04-29 15:02:23.526812+00:00,None,1.0,37.18,0.2715,power,37.18,0.0,0.0,None,255.0,None,8.38,7.0,None,measurement,23.0,None,{'state': None},8.38,226.0
2022-04-29 15:03:35.407173+00:00,None,1.0,37.18,0.0371,power,37.18,0.0,0.0,None,255.0,None,8.38,7.0,None,measurement,23.0,None,{'state': None},8.38,226.0
2022-04-29 15:03:37.723264+00:00,None,1.0,37.18,0.0371,power,37.18,0.0,0.0,None,255.0,None,0.79,7.0,None,measurement,23.0,None,{'state': None},8.38,226.0
2022-04-29 15:03:37.729246+00:00,None,1.0,37.18,0.0371,power,37.18,0.0,0.0,None,255.0,None,0.79,7.0,None,measurement,23.0,None,{'state': None},0.79,226.0
2022-04-29 15:09:15.539226+00:00,None,1.0,37.18,0.004,power,37.18,0.0,0.0,None,255.0,None,0.9,7.0,None,measurement,23.0,None,{'state': None},0.79,226.0
2022-04-29 15:09:15.543457+00:00,None,1.0,37.18,0.004,power,37.18,0.0,0.0,None,255.0,None,0.9,7.0,None,measurement,23.0,None,{'state': None},0.9,226.0
2022-04-29 15:15:19.383859+00:00,None,1.0,37.18,0.003,power,37.18,0.0,0.0,None,255.0,None,0.67,7.0,None,measurement,23.0,None,{'state': None},0.9,226.0
2022-04-29 15:15:19.389769+00:00,None,1.0,37.18,0.003,power,37.18,0.0,0.0,None,255.0,None,0.67,7.0,None,measurement,23.0,None,{'state': None},0.67,226.0
2022-04-29 15:21:01.553350+00:00,None,1.0,37.18,0.0035,power,37.18,0.0,0.0,None,255.0,None,0.79,7.0,None,measurement,23.0,None,{'state': None},0.67,226.0
2022-04-29 15:21:01.559673+00:00,None,1.0,37.18,0.0035,power,37.18,0.0,0.0,None,255.0,None,0.79,7.0,None,measurement,23.0,None,{'state': None},0.79,226.0
2022-04-29 15:28:14.920004+00:00,None,1.0,37.18,0.0027,power,37.18,0.0,0.0,None,255.0,None,0.61,7.0,None,measurement,23.0,None,{'state': None},0.79,226.0
2022-04-29 15:28:14.926910+00:00,None,1.0,37.18,0.0027,power,37.18,0.0,0.0,None,255.0,None,0.61,7.0,None,measurement,23.0,None,{'state': None},0.61,226.0
2022-04-29 15:35:49.477192+00:00,None,1.0,37.18,0.0077,power,37.18,0.0,0.0,None,255.0,None,1.75,7.0,None,measurement,22.0,None,{'state': None},0.61,226.0
2022-04-29 15:35:49.482218+00:00,None,1.0,37.18,0.0077,power,37.18,0.0,0.0,None,255.0,None,1.75,7.0,None,measurement,22.0,None,{'state': None},1.75,226.0
2022-04-29 15:42:10.470842+00:00,None,1.0,37.18,0.0076,power,37.18,0.0,0.0,None,255.0,None,1.73,7.0,None,measurement,22.0,None,{'state': None},1.75,226.0
2022-04-29 15:42:10.475607+00:00,None,1.0,37.18,0.0076,power,37.18,0.0,0.0,None,255.0,None,1.73,7.0,None,measurement,22.0,None,{'state': None},1.73,226.0
2022-04-29 15:49:08.227790+00:00,None,1.0,37.18,0.0084,power,37.18,0.0,0.0,None,255.0,None,1.9,7.0,None,measurement,22.0,None,{'state': None},1.73,226.0
2022-04-29 15:49:08.231154+00:00,None,1.0,37.18,0.0084,power,37.18,0.0,0.0,None,255.0,None,1.9,7.0,None,measurement,22.0,None,{'state': None},1.9,226.0
2022-04-29 15:56:46.935585+00:00,None,1.0,37.18,0.0112,power,37.18,0.0,0.0,None,255.0,None,2.53,7.0,None,measurement,22.0,None,{'state': None},1.9,226.0
2022-04-29 15:56:46.942860+00:00,None,1.0,37.18,0.0112,power,37.18,0.0,0.0,None,255.0,None,2.53,7.0,None,measurement,22.0,None,{'state': None},2.53,226.0
2022-04-29 16:01:52.105483+00:00,None,1.0,37.18,0.0081,power,37.18,0.0,0.0,None,255.0,None,1.83,7.0,None,measurement,22.0,None,{'state': None},2.53,226.0
2022-04-29 16:01:52.109811+00:00,None,1.0,37.18,0.0081,power,37.18,0.0,0.0,None,255.0,None,1.83,7.0,None,measurement,22.0,None,{'state': None},1.83,226.0
2022-04-29 16:07:56.433673+00:00,None,1.0,37.18,0.0081,power,37.18,0.0,0.0,None,255.0,None,1.82,7.0,None,measurement,22.0,None,{'state': None},1.83,226.0
2022-04-29 16:07:56.437297+00:00,None,1.0,37.18,0.0081,power,37.18,0.0,0.0,None,255.0,None,1.82,7.0,None,measurement,22.0,None,{'state': None},1.82,226.0
2022-04-29 16:13:25.189210+00:00,None,1.0,37.18,0.0077,power,37.18,0.0,0.0,None,255.0,None,1.75,7.0,None,measurement,22.0,None,{'state': None},1.82,226.0
2022-04-29 16:13:25.195679+00:00,None,1.0,37.18,0.0077,power,37.18,0.0,0.0,None,255.0,None,1.75,7.0,None,measurement,22.0,None,{'state': None},1.75,226.0
2022-04-29 16:19:16.423769+00:00,None,1.0,37.18,0.0077,power,37.18,0.0,0.0,None,255.0,None,1.74,7.0,None,measurement,22.0,None,{'state': None},1.75,226.0
2022-04-29 16:19:16.430123+00:00,None,1.0,37.18,0.0077,power,37.18,0.0,0.0,None,255.0,None,1.74,7.0,None,measurement,22.0,None,{'state': None},1.74,226.0
2022-04-29 16:25:50.192813+00:00,None,1.0,37.18,0.0079,power,37.18,0.0,0.0,None,255.0,None,1.78,7.0,None,measurement,22.0,None,{'state': None},1.74,226.0
2022-04-29 16:25:50.197062+00:00,None,1.0,37.18,0.0079,power,37.18,0.0,0.0,None,255.0,None,1.78,7.0,None,measurement,22.0,None,{'state': None},1.78,226.0
2022-04-29 16:27:25.653829+00:00,None,1.0,37.18,0.0079,power,37.18,0.0,0.0,None,255.0,None,60.36,7.0,None,measurement,22.0,None,{'state': None},1.78,226.0
2022-04-29 16:27:25.657140+00:00,None,1.0,37.18,0.0079,power,37.18,0.0,0.0,None,255.0,None,60.36,7.0,None,measurement,22.0,None,{'state': None},60.36,226.0
2022-04-29 16:31:44.561295+00:00,None,1.0,37.19,0.2715,power,37.19,0.0,0.0,None,255.0,None,61.37,7.0,None,measurement,22.0,None,{'state': None},60.36,226.0
2022-04-29 16:31:44.566219+00:00,None,1.0,37.19,0.2715,power,37.19,0.0,0.0,None,255.0,None,61.37,7.0,None,measurement,22.0,None,{'state': None},61.37,226.0
2022-04-29 16:39:16.803094+00:00,None,1.0,37.19,0.2738,power,37.19,0.0,0.0,None,255.0,None,61.87,7.0,None,measurement,22.0,None,{'state': None},61.37,226.0
2022-04-29 16:39:16.808687+00:00,None,1.0,37.19,0.2738,power,37.19,0.0,0.0,None,255.0,None,61.87,7.0,None,measurement,22.0,None,{'state': None},61.87,226.0
2022-04-29 16:45:24.333903+00:00,None,1.0,37.19,0.2738,power,37.19,0.0,0.0,None,255.0,None,52.81,7.0,None,measurement,22.0,None,{'state': None},61.87,226.0
2022-04-29 16:45:24.338841+00:00,None,1.0,37.19,0.2738,power,37.19,0.0,0.0,None,255.0,None,52.81,7.0,None,measurement,22.0,None,{'state': None},52.81,226.0
2022-04-29 16:45:34.414789+00:00,None,1.0,37.19,0.2738,power,37.19,0.0,0.0,None,255.0,None,61.87,7.0,None,measurement,22.0,None,{'state': None},52.81,226.0
2022-04-29 16:45:34.420389+00:00,None,1.0,37.19,0.2738,power,37.19,0.0,0.0,None,255.0,None,61.87,7.0,None,measurement,22.0,None,{'state': None},61.87,226.0
2022-04-29 16:46:44.787198+00:00,None,1.0,37.2,0.2738,power,37.2,0.0,0.0,None,255.0,None,61.87,7.0,None,measurement,23.0,None,{'state': None},61.87,226.0
2022-04-29 16:54:46.488879+00:00,None,1.0,37.21,0.2715,power,37.21,0.0,0.0,None,255.0,None,61.37,7.0,None,measurement,23.0,None,{'state': None},61.87,226.0
2022-04-29 16:54:46.495641+00:00,None,1.0,37.21,0.2715,power,37.21,0.0,0.0,None,255.0,None,61.37,7.0,None,measurement,23.0,None,{'state': None},61.37,226.0
2022-04-29 17:00:45.870624+00:00,None,1.0,37.22,0.276,power,37.22,0.0,0.0,None,255.0,None,62.37,7.0,None,measurement,23.0,None,{'state': None},61.37,226.0
2022-04-29 17:00:45.876231+00:00,None,1.0,37.22,0.276,power,37.22,0.0,0.0,None,255.0,None,62.37,7.0,None,measurement,23.0,None,{'state': None},62.37,226.0
2022-04-29 17:08:32.033834+00:00,None,1.0,37.22,0.2693,power,37.22,0.0,0.0,None,255.0,None,60.86,7.0,None,measurement,23.0,None,{'state': None},62.37,226.0
2022-04-29 17:08:32.040121+00:00,None,1.0,37.22,0.2693,power,37.22,0.0,0.0,None,255.0,None,60.86,7.0,None,measurement,23.0,None,{'state': None},60.86,226.0
2022-04-29 17:14:03.190374+00:00,None,1.0,37.23,0.2693,power,37.23,0.0,0.0,None,255.0,None,60.86,7.0,None,measurement,23.0,None,{'state': None},60.86,226.0
2022-04-29 17:20:44.707623+00:00,None,1.0,37.24,0.2671,power,37.24,0.0,0.0,None,255.0,None,60.36,7.0,None,measurement,23.0,None,{'state': None},60.86,226.0
2022-04-29 17:20:44.713629+00:00,None,1.0,37.24,0.2671,power,37.24,0.0,0.0,None,255.0,None,60.36,7.0,None,measurement,23.0,None,{'state': None},60.36,226.0
2022-04-29 17:24:33.261536+00:00,None,1.0,37.24,0.2671,power,37.24,0.0,0.0,None,199.0,None,57.34,7.0,None,measurement,23.0,None,{'state': None},60.36,226.0
2022-04-29 17:24:33.269668+00:00,None,1.0,37.24,0.2671,power,37.24,0.0,0.0,None,199.0,None,57.34,7.0,None,measurement,23.0,None,{'state': None},57.34,226.0
2022-04-29 17:27:20.582620+00:00,None,1.0,37.24,0.2515,power,37.24,0.0,0.0,None,255.0,None,56.84,7.0,None,measurement,23.0,None,{'state': None},57.34,226.0
2022-04-29 17:27:20.586773+00:00,None,1.0,37.24,0.2515,power,37.24,0.0,0.0,None,255.0,None,56.84,7.0,None,measurement,23.0,None,{'state': None},56.84,226.0
2022-04-29 17:31:56.827081+00:00,None,1.0,37.24,0.2515,power,37.24,0.0,0.0,None,255.0,None,53.82,7.0,None,measurement,23.0,None,{'state': None},56.84,226.0
2022-04-29 17:31:56.832434+00:00,None,1.0,37.24,0.2515,power,37.24,0.0,0.0,None,255.0,None,53.82,7.0,None,measurement,23.0,None,{'state': None},53.82,226.0
2022-04-29 17:32:16.971002+00:00,None,1.0,37.24,0.2515,power,37.24,0.0,0.0,None,255.0,None,57.85,7.0,None,measurement,23.0,None,{'state': None},53.82,226.0
2022-04-29 17:32:16.977083+00:00,None,1.0,37.24,0.2515,power,37.24,0.0,0.0,None,255.0,None,57.85,7.0,None,measurement,23.0,None,{'state': None},57.85,226.0
2022-04-29 17:34:17.962274+00:00,None,1.0,37.24,0.2515,power,37.24,0.0,0.0,None,255.0,None,53.82,7.0,None,measurement,23.0,None,{'state': None},57.85,226.0
2022-04-29 17:34:17.969041+00:00,None,1.0,37.24,0.2515,power,37.24,0.0,0.0,None,255.0,None,53.82,7.0,None,measurement,23.0,None,{'state': None},53.82,226.0
2022-04-29 17:34:28.031588+00:00,None,1.0,37.24,0.2515,power,37.24,0.0,0.0,None,255.0,None,57.34,7.0,None,measurement,23.0,None,{'state': None},53.82,226.0
2022-04-29 17:34:28.040364+00:00,None,1.0,37.24,0.2515,power,37.24,0.0,0.0,None,255.0,None,57.34,7.0,None,measurement,23.0,None,{'state': None},57.34,226.0
2022-04-29 17:35:06.259989+00:00,None,1.0,37.25,0.2537,power,37.25,0.0,0.0,None,255.0,None,57.34,7.0,None,measurement,23.0,None,{'state': None},57.34,226.0
2022-04-29 17:41:53.925104+00:00,None,1.0,37.26,0.256,power,37.26,0.0,0.0,None,255.0,None,57.85,7.0,None,measurement,23.0,None,{'state': None},57.34,226.0
2022-04-29 17:41:53.928263+00:00,None,1.0,37.26,0.256,power,37.26,0.0,0.0,None,255.0,None,57.85,7.0,None,measurement,23.0,None,{'state': None},57.85,226.0
2022-04-29 17:46:59.992388+00:00,None,1.0,37.26,0.2515,power,37.26,0.0,0.0,None,255.0,None,56.84,7.0,None,measurement,23.0,None,{'state': None},57.85,226.0
2022-04-29 17:46:59.997341+00:00,None,1.0,37.26,0.2515,power,37.26,0.0,0.0,None,255.0,None,56.84,7.0,None,measurement,23.0,None,{'state': None},56.84,226.0
2022-04-29 17:49:05.090380+00:00,None,1.0,37.26,0.2515,power,37.26,0.0,0.0,None,255.0,None,53.82,7.0,None,measurement,23.0,None,{'state': None},56.84,226.0
2022-04-29 17:49:05.096480+00:00,None,1.0,37.26,0.2515,power,37.26,0.0,0.0,None,255.0,None,53.82,7.0,None,measurement,23.0,None,{'state': None},53.82,226.0
2022-04-29 17:54:43.234959+00:00,None,1.0,37.27,0.2337,power,37.27,0.0,0.0,None,255.0,None,52.81,7.0,None,measurement,23.0,None,{'state': None},53.82,226.0
2022-04-29 17:54:43.241926+00:00,None,1.0,37.27,0.2337,power,37.27,0.0,0.0,None,255.0,None,52.81,7.0,None,measurement,23.0,None,{'state': None},52.81,226.0
2022-04-29 18:01:53.269944+00:00,None,1.0,37.27,0.2337,power,37.27,0.0,0.0,None,255.0,None,10.06,7.0,None,measurement,23.0,None,{'state': None},52.81,226.0
2022-04-29 18:01:53.274168+00:00,None,1.0,37.27,0.2337,power,37.27,0.0,0.0,None,255.0,None,10.06,7.0,None,measurement,23.0,None,{'state': None},10.06,226.0
2022-04-29 18:02:19.379238+00:00,None,1.0,37.28,0.0454,power,37.28,0.0,0.0,None,255.0,None,10.27,7.0,None,measurement,23.0,None,{'state': None},10.06,226.0
2022-04-29 18:02:19.382469+00:00,None,1.0,37.28,0.0454,power,37.28,0.0,0.0,None,255.0,None,10.27,7.0,None,measurement,23.0,None,{'state': None},10.27,226.0
2022-04-29 18:02:41.845358+00:00,None,1.0,37.28,0.0454,power,37.28,0.0,0.0,None,255.0,None,0.97,7.0,None,measurement,23.0,None,{'state': None},10.27,226.0
2022-04-29 18:02:41.850175+00:00,None,1.0,37.28,0.0454,power,37.28,0.0,0.0,None,255.0,None,0.97,7.0,None,measurement,23.0,None,{'state': None},0.97,226.0
2022-04-29 18:09:35.814521+00:00,None,1.0,37.28,0.003,power,37.28,0.0,0.0,None,255.0,None,0.69,7.0,None,measurement,23.0,None,{'state': None},0.97,226.0
2022-04-29 18:09:35.820471+00:00,None,1.0,37.28,0.003,power,37.28,0.0,0.0,None,255.0,None,0.69,7.0,None,measurement,23.0,None,{'state': None},0.69,226.0
2022-04-29 18:15:00.129732+00:00,None,1.0,37.28,0.003,power,37.28,0.0,0.0,None,255.0,None,0.68,7.0,None,measurement,23.0,None,{'state': None},0.69,226.0
2022-04-29 18:15:00.133657+00:00,None,1.0,37.28,0.003,power,37.28,0.0,0.0,None,255.0,None,0.68,7.0,None,measurement,23.0,None,{'state': None},0.68,226.0
2022-04-29 18:22:01.320057+00:00,None,1.0,37.28,0.0026,power,37.28,0.0,0.0,None,255.0,None,0.59,7.0,None,measurement,23.0,None,{'state': None},0.68,226.0
2022-04-29 18:22:01.324971+00:00,None,1.0,37.28,0.0026,power,37.28,0.0,0.0,None,255.0,None,0.59,7.0,None,measurement,23.0,None,{'state': None},0.59,226.0
2022-04-29 18:27:23.819514+00:00,None,1.0,37.28,0.0036,power,37.28,0.0,0.0,None,255.0,None,0.81,7.0,None,measurement,23.0,None,{'state': None},0.59,226.0
2022-04-29 18:27:23.824677+00:00,None,1.0,37.28,0.0036,power,37.28,0.0,0.0,None,255.0,None,0.81,7.0,None,measurement,23.0,None,{'state': None},0.81,226.0
2022-04-29 18:33:00.938510+00:00,None,1.0,37.28,0.0026,power,37.28,0.0,0.0,None,255.0,None,0.58,7.0,None,measurement,23.0,None,{'state': None},0.81,226.0
2022-04-29 18:33:00.944411+00:00,None,1.0,37.28,0.0026,power,37.28,0.0,0.0,None,255.0,None,0.58,7.0,None,measurement,23.0,None,{'state': None},0.58,226.0
2022-04-29 18:40:18.043726+00:00,None,1.0,37.28,0.0031,power,37.28,0.0,0.0,None,255.0,None,0.7,7.0,None,measurement,23.0,None,{'state': None},0.58,226.0
2022-04-29 18:40:18.047612+00:00,None,1.0,37.28,0.0031,power,37.28,0.0,0.0,None,255.0,None,0.7,7.0,None,measurement,23.0,None,{'state': None},0.7,226.0
2022-04-29 18:47:17.747251+00:00,None,1.0,37.28,0.0035,power,37.28,0.0,0.0,None,255.0,None,0.8,7.0,None,measurement,23.0,None,{'state': None},0.7,226.0
2022-04-29 18:47:17.752740+00:00,None,1.0,37.28,0.0035,power,37.28,0.0,0.0,None,255.0,None,0.8,7.0,None,measurement,23.0,None,{'state': None},0.8,226.0
2022-04-29 18:53:13.113793+00:00,None,1.0,37.28,0.0029,power,37.28,0.0,0.0,None,255.0,None,0.64,7.0,None,measurement,23.0,None,{'state': None},0.8,219.0
2022-04-29 18:53:13.118624+00:00,None,1.0,37.28,0.0029,power,37.28,0.0,0.0,None,255.0,None,0.64,7.0,None,measurement,23.0,None,{'state': None},0.64,219.0
2022-04-29 19:00:33.770172+00:00,None,1.0,37.28,0.0038,power,37.28,0.0,0.0,None,255.0,None,0.84,7.0,None,measurement,23.0,None,{'state': None},0.64,219.0
2022-04-29 19:00:33.774982+00:00,None,1.0,37.28,0.0038,power,37.28,0.0,0.0,None,255.0,None,0.84,7.0,None,measurement,23.0,None,{'state': None},0.84,219.0
2022-04-29 19:06:01.418918+00:00,None,1.0,37.28,0.0027,power,37.28,0.0,0.0,None,255.0,None,0.62,7.0,None,measurement,23.0,None,{'state': None},0.84,226.0
2022-04-29 19:06:01.423557+00:00,None,1.0,37.28,0.0027,power,37.28,0.0,0.0,None,255.0,None,0.62,7.0,None,measurement,23.0,None,{'state': None},0.62,226.0
2022-04-29 19:12:40.838192+00:00,None,1.0,37.28,0.004,power,37.28,0.0,0.0,None,255.0,None,0.9,7.0,None,measurement,22.0,None,{'state': None},0.62,226.0
2022-04-29 19:12:40.842513+00:00,None,1.0,37.28,0.004,power,37.28,0.0,0.0,None,255.0,None,0.9,7.0,None,measurement,22.0,None,{'state': None},0.9,226.0
2022-04-29 19:17:54.771987+00:00,None,1.0,37.28,0.0035,power,37.28,0.0,0.0,None,255.0,None,0.79,7.0,None,measurement,23.0,None,{'state': None},0.9,226.0
2022-04-29 19:17:54.777690+00:00,None,1.0,37.28,0.0035,power,37.28,0.0,0.0,None,255.0,None,0.79,7.0,None,measurement,23.0,None,{'state': None},0.79,226.0
2022-04-29 19:25:00.997826+00:00,None,1.0,37.28,0.003,power,37.28,0.0,0.0,None,255.0,None,0.67,7.0,None,measurement,22.0,None,{'state': None},0.79,226.0
2022-04-29 19:25:01.002696+00:00,None,1.0,37.28,0.003,power,37.28,0.0,0.0,None,255.0,None,0.67,7.0,None,measurement,22.0,None,{'state': None},0.67,226.0
2022-04-29 19:30:27.423199+00:00,None,1.0,37.28,0.0032,power,37.28,0.0,0.0,None,255.0,None,0.73,7.0,None,measurement,22.0,None,{'state': None},0.67,226.0
2022-04-29 19:30:27.428697+00:00,None,1.0,37.28,0.0032,power,37.28,0.0,0.0,None,255.0,None,0.73,7.0,None,measurement,22.0,None,{'state': None},0.73,226.0
2022-04-29 19:36:20.674345+00:00,None,1.0,37.28,0.0039,power,37.28,0.0,0.0,None,255.0,None,0.87,7.0,None,measurement,22.0,None,{'state': None},0.73,226.0
2022-04-29 19:36:20.680560+00:00,None,1.0,37.28,0.0039,power,37.28,0.0,0.0,None,255.0,None,0.87,7.0,None,measurement,22.0,None,{'state': None},0.87,226.0
2022-04-29 19:43:29.541124+00:00,None,1.0,37.28,0.0035,power,37.28,0.0,0.0,None,255.0,None,0.8,7.0,None,measurement,22.0,None,{'state': None},0.87,226.0
2022-04-29 19:43:29.547927+00:00,None,1.0,37.28,0.0035,power,37.28,0.0,0.0,None,255.0,None,0.8,7.0,None,measurement,22.0,None,{'state': None},0.8,226.0
2022-04-29 19:51:13.879743+00:00,None,1.0,37.28,0.0111,power,37.28,0.0,0.0,None,255.0,None,2.5,7.0,None,measurement,22.0,None,{'state': None},0.8,226.0
2022-04-29 19:51:13.885900+00:00,None,1.0,37.28,0.0111,power,37.28,0.0,0.0,None,255.0,None,2.5,7.0,None,measurement,22.0,None,{'state': None},2.5,226.0
2022-04-29 19:57:21.023360+00:00,None,1.0,37.28,0.0078,power,37.28,0.0,0.0,None,255.0,None,1.75,7.0,None,measurement,22.0,None,{'state': None},2.5,226.0
2022-04-29 19:57:21.026890+00:00,None,1.0,37.28,0.0078,power,37.28,0.0,0.0,None,255.0,None,1.75,7.0,None,measurement,22.0,None,{'state': None},1.75,226.0
2022-04-29 20:02:59.371643+00:00,None,1.0,37.28,0.0082,power,37.28,0.0,0.0,None,255.0,None,1.85,7.0,None,measurement,22.0,None,{'state': None},1.75,226.0
2022-04-29 20:02:59.377451+00:00,None,1.0,37.28,0.0082,power,37.28,0.0,0.0,None,255.0,None,1.85,7.0,None,measurement,22.0,None,{'state': None},1.85,226.0
2022-04-29 20:08:08.156793+00:00,None,1.0,37.28,0.0081,power,37.28,0.0,0.0,None,255.0,None,1.84,7.0,None,measurement,22.0,None,{'state': None},1.85,226.0
2022-04-29 20:08:08.163892+00:00,None,1.0,37.28,0.0081,power,37.28,0.0,0.0,None,255.0,None,1.84,7.0,None,measurement,22.0,None,{'state': None},1.84,226.0
2022-04-29 20:13:20.771372+00:00,None,1.0,37.28,0.0083,power,37.28,0.0,0.0,None,255.0,None,1.88,7.0,None,measurement,22.0,None,{'state': None},1.84,226.0
2022-04-29 20:13:20.777266+00:00,None,1.0,37.28,0.0083,power,37.28,0.0,0.0,None,255.0,None,1.88,7.0,None,measurement,22.0,None,{'state': None},1.88,226.0
2022-04-29 20:26:43.134427+00:00,None,1.0,37.28,0.008,power,37.28,0.0,0.0,None,255.0,None,1.82,7.0,None,measurement,22.0,None,{'state': None},1.88,226.0
2022-04-29 20:26:43.140818+00:00,None,1.0,37.28,0.008,power,37.28,0.0,0.0,None,255.0,None,1.82,7.0,None,measurement,22.0,None,{'state': None},1.82,226.0
2022-04-29 20:32:23.993880+00:00,None,1.0,37.28,0.0084,power,37.28,0.0,0.0,None,255.0,None,1.9,7.0,None,measurement,22.0,None,{'state': None},1.82,226.0
2022-04-29 20:32:24.000129+00:00,None,1.0,37.28,0.0084,power,37.28,0.0,0.0,None,255.0,None,1.9,7.0,None,measurement,22.0,None,{'state': None},1.9,226.0
2022-04-29 20:40:16.796127+00:00,None,1.0,37.28,0.0079,power,37.28,0.0,0.0,None,255.0,None,1.78,7.0,None,measurement,22.0,None,{'state': None},1.9,226.0
2022-04-29 20:40:16.803088+00:00,None,1.0,37.28,0.0079,power,37.28,0.0,0.0,None,255.0,None,1.78,7.0,None,measurement,22.0,None,{'state': None},1.78,226.0
2022-04-29 20:47:00.758353+00:00,None,1.0,37.28,0.0086,power,37.28,0.0,0.0,None,255.0,None,1.93,7.0,None,measurement,22.0,None,{'state': None},1.78,226.0
2022-04-29 20:47:00.764120+00:00,None,1.0,37.28,0.0086,power,37.28,0.0,0.0,None,255.0,None,1.93,7.0,None,measurement,22.0,None,{'state': None},1.93,226.0
2022-04-29 20:53:33.809102+00:00,None,1.0,37.28,0.0083,power,37.28,0.0,0.0,None,255.0,None,1.88,7.0,None,measurement,22.0,None,{'state': None},1.93,226.0
2022-04-29 20:53:33.813921+00:00,None,1.0,37.28,0.0083,power,37.28,0.0,0.0,None,255.0,None,1.88,7.0,None,measurement,22.0,None,{'state': None},1.88,226.0
2022-04-29 21:06:15.358950+00:00,None,1.0,37.28,0.0086,power,37.28,0.0,0.0,None,255.0,None,1.95,7.0,None,measurement,22.0,None,{'state': None},1.88,226.0
2022-04-29 21:06:15.363156+00:00,None,1.0,37.28,0.0086,power,37.28,0.0,0.0,None,255.0,None,1.95,7.0,None,measurement,22.0,None,{'state': None},1.95,226.0
2022-04-29 21:12:20.104633+00:00,None,1.0,37.28,0.0084,power,37.28,0.0,0.0,None,255.0,None,1.89,7.0,None,measurement,22.0,None,{'state': None},1.95,226.0
2022-04-29 21:12:20.109939+00:00,None,1.0,37.28,0.0084,power,37.28,0.0,0.0,None,255.0,None,1.89,7.0,None,measurement,22.0,None,{'state': None},1.89,226.0
2022-04-29 21:19:49.127818+00:00,None,1.0,37.28,0.0082,power,37.28,0.0,0.0,None,255.0,None,1.86,7.0,None,measurement,22.0,None,{'state': None},1.89,226.0
2022-04-29 21:19:49.132787+00:00,None,1.0,37.28,0.0082,power,37.28,0.0,0.0,None,255.0,None,1.86,7.0,None,measurement,22.0,None,{'state': None},1.86,226.0
2022-04-29 21:25:49.435426+00:00,None,1.0,37.28,0.0084,power,37.28,0.0,0.0,None,255.0,None,1.9,7.0,None,measurement,22.0,None,{'state': None},1.86,226.0
2022-04-29 21:25:49.440434+00:00,None,1.0,37.28,0.0084,power,37.28,0.0,0.0,None,255.0,None,1.9,7.0,None,measurement,22.0,None,{'state': None},1.9,226.0
2022-04-29 21:31:14.672875+00:00,None,1.0,37.28,0.0078,power,37.28,0.0,0.0,None,255.0,None,1.76,7.0,None,measurement,22.0,None,{'state': None},1.9,226.0
2022-04-29 21:31:14.680836+00:00,None,1.0,37.28,0.0078,power,37.28,0.0,0.0,None,255.0,None,1.76,7.0,None,measurement,22.0,None,{'state': None},1.76,226.0
2022-04-29 21:42:48.855921+00:00,None,1.0,37.28,0.0079,power,37.28,0.0,0.0,None,255.0,None,1.78,7.0,None,measurement,22.0,None,{'state': None},1.76,226.0
2022-04-29 21:42:48.861110+00:00,None,1.0,37.28,0.0079,power,37.28,0.0,0.0,None,255.0,None,1.78,7.0,None,measurement,22.0,None,{'state': None},1.78,226.0
2022-04-29 21:48:22.287855+00:00,None,1.0,37.28,0.0081,power,37.28,0.0,0.0,None,255.0,None,1.83,7.0,None,measurement,22.0,None,{'state': None},1.78,226.0
2022-04-29 21:48:22.295808+00:00,None,1.0,37.28,0.0081,power,37.28,0.0,0.0,None,255.0,None,1.83,7.0,None,measurement,22.0,None,{'state': None},1.83,226.0
2022-04-29 21:55:37.165062+00:00,None,1.0,37.28,0.0082,power,37.28,0.0,0.0,None,255.0,None,1.86,7.0,None,measurement,22.0,None,{'state': None},1.83,226.0
2022-04-29 21:55:37.169718+00:00,None,1.0,37.28,0.0082,power,37.28,0.0,0.0,None,255.0,None,1.86,7.0,None,measurement,22.0,None,{'state': None},1.86,226.0
2022-04-29 22:01:20.120936+00:00,None,1.0,37.28,0.0111,power,37.28,0.0,0.0,None,255.0,None,2.5,7.0,None,measurement,22.0,None,{'state': None},1.86,226.0
2022-04-29 22:01:20.125619+00:00,None,1.0,37.28,0.0111,power,37.28,0.0,0.0,None,255.0,None,2.5,7.0,None,measurement,22.0,None,{'state': None},2.5,226.0
2022-04-29 22:07:10.355123+00:00,None,1.0,37.28,0.0083,power,37.28,0.0,0.0,None,255.0,None,1.88,7.0,None,measurement,22.0,None,{'state': None},2.5,226.0
2022-04-29 22:07:10.361720+00:00,None,1.0,37.28,0.0083,power,37.28,0.0,0.0,None,255.0,None,1.88,7.0,None,measurement,22.0,None,{'state': None},1.88,226.0
2022-04-29 22:21:49.935495+00:00,None,1.0,37.28,0.0077,power,37.28,0.0,0.0,None,255.0,None,1.75,7.0,None,measurement,22.0,None,{'state': None},1.88,226.0
2022-04-29 22:21:49.942800+00:00,None,1.0,37.28,0.0077,power,37.28,0.0,0.0,None,255.0,None,1.75,7.0,None,measurement,22.0,None,{'state': None},1.75,226.0
2022-04-29 22:27:34.920711+00:00,None,1.0,37.28,0.0082,power,37.28,0.0,0.0,None,255.0,None,1.84,7.0,None,measurement,22.0,None,{'state': None},1.75,226.0
2022-04-29 22:27:34.924631+00:00,None,1.0,37.28,0.0082,power,37.28,0.0,0.0,None,255.0,None,1.84,7.0,None,measurement,22.0,None,{'state': None},1.84,226.0
2022-04-29 22:35:30.586075+00:00,None,1.0,37.28,0.0086,power,37.28,0.0,0.0,None,247.0,None,1.94,7.0,None,measurement,22.0,None,{'state': None},1.84,226.0
2022-04-29 22:35:30.592155+00:00,None,1.0,37.28,0.0086,power,37.28,0.0,0.0,None,247.0,None,1.94,7.0,None,measurement,22.0,None,{'state': None},1.94,226.0
2022-04-29 22:43:03.917530+00:00,None,1.0,37.28,0.0085,power,37.28,0.0,0.0,None,255.0,None,1.91,7.0,None,measurement,22.0,None,{'state': None},1.94,226.0
2022-04-29 22:43:03.923463+00:00,None,1.0,37.28,0.0085,power,37.28,0.0,0.0,None,255.0,None,1.91,7.0,None,measurement,22.0,None,{'state': None},1.91,226.0
2022-04-29 22:49:47.080390+00:00,None,1.0,37.28,0.0076,power,37.28,0.0,0.0,None,255.0,None,1.72,7.0,None,measurement,22.0,None,{'state': None},1.91,226.0
2022-04-29 22:49:47.086324+00:00,None,1.0,37.28,0.0076,power,37.28,0.0,0.0,None,255.0,None,1.72,7.0,None,measurement,22.0,None,{'state': None},1.72,226.0
2022-04-29 22:57:01.164314+00:00,None,1.0,37.28,0.0084,power,37.28,0.0,0.0,None,255.0,None,1.89,7.0,None,measurement,22.0,None,{'state': None},1.72,226.0
2022-04-29 22:57:01.169404+00:00,None,1.0,37.28,0.0084,power,37.28,0.0,0.0,None,255.0,None,1.89,7.0,None,measurement,22.0,None,{'state': None},1.89,226.0
2022-04-29 23:02:11.854249+00:00,None,1.0,37.28,0.0083,power,37.28,0.0,0.0,None,255.0,None,1.88,7.0,None,measurement,22.0,None,{'state': None},1.89,226.0
2022-04-29 23:02:11.857547+00:00,None,1.0,37.28,0.0083,power,37.28,0.0,0.0,None,255.0,None,1.88,7.0,None,measurement,22.0,None,{'state': None},1.88,226.0
2022-04-29 23:09:54.020353+00:00,None,1.0,37.28,0.0087,power,37.28,0.0,0.0,None,255.0,None,1.97,7.0,None,measurement,22.0,None,{'state': None},1.88,226.0
2022-04-29 23:09:54.024362+00:00,None,1.0,37.28,0.0087,power,37.28,0.0,0.0,None,255.0,None,1.97,7.0,None,measurement,22.0,None,{'state': None},1.97,226.0
2022-04-29 23:15:49.573138+00:00,None,1.0,37.28,0.0084,power,37.28,0.0,0.0,None,255.0,None,1.89,7.0,None,measurement,22.0,None,{'state': None},1.97,226.0
2022-04-29 23:15:49.578291+00:00,None,1.0,37.28,0.0084,power,37.28,0.0,0.0,None,255.0,None,1.89,7.0,None,measurement,22.0,None,{'state': None},1.89,226.0
2022-04-29 23:23:27.867206+00:00,None,1.0,37.28,0.0081,power,37.28,0.0,0.0,None,255.0,None,1.84,7.0,None,measurement,22.0,None,{'state': None},1.89,226.0
2022-04-29 23:23:27.872898+00:00,None,1.0,37.28,0.0081,power,37.28,0.0,0.0,None,255.0,None,1.84,7.0,None,measurement,22.0,None,{'state': None},1.84,226.0
2022-04-29 23:31:28.632855+00:00,None,1.0,37.28,0.0086,power,37.28,0.0,0.0,None,255.0,None,1.94,7.0,None,measurement,22.0,None,{'state': None},1.84,226.0
2022-04-29 23:31:28.640871+00:00,None,1.0,37.28,0.0086,power,37.28,0.0,0.0,None,255.0,None,1.94,7.0,None,measurement,22.0,None,{'state': None},1.94,226.0
2022-04-29 23:38:49.789009+00:00,None,1.0,37.28,0.0081,power,37.28,0.0,0.0,None,255.0,None,1.83,7.0,None,measurement,22.0,None,{'state': None},1.94,226.0
2022-04-29 23:38:49.793811+00:00,None,1.0,37.28,0.0081,power,37.28,0.0,0.0,None,255.0,None,1.83,7.0,None,measurement,22.0,None,{'state': None},1.83,226.0
2022-04-29 23:46:08.536850+00:00,None,1.0,37.28,0.0079,power,37.28,0.0,0.0,None,255.0,None,1.79,7.0,None,measurement,22.0,None,{'state': None},1.83,226.0
2022-04-29 23:46:08.543606+00:00,None,1.0,37.28,0.0079,power,37.28,0.0,0.0,None,255.0,None,1.79,7.0,None,measurement,22.0,None,{'state': None},1.79,226.0
2022-04-29 23:52:53.513990+00:00,None,1.0,37.28,0.008,power,37.28,0.0,0.0,None,255.0,None,1.8,7.0,None,measurement,22.0,None,{'state': None},1.79,226.0
2022-04-29 23:52:53.520016+00:00,None,1.0,37.28,0.008,power,37.28,0.0,0.0,None,255.0,None,1.8,7.0,None,measurement,22.0,None,{'state': None},1.8,226.0
