time,action_str,angle_x_str,angle_y_str,angle_z_str,battery,icon_str,linkquality,sensitivity_str,state,strength,temperature,vibration,voltage
2022-05-30 01:26:01.859993+00:00,None,None,None,None,100.0,mdi:gesture-double-tap,255.0,high,None,2.0,28.0,0.0,3035.0
2022-05-30 02:23:37.408632+00:00,None,None,None,None,100.0,mdi:gesture-double-tap,255.0,high,None,2.0,27.0,0.0,3035.0
2022-05-30 03:27:00.939208+00:00,None,None,None,None,100.0,mdi:gesture-double-tap,247.0,high,None,2.0,27.0,0.0,3035.0
2022-05-30 03:40:24.850821+00:00,vibration,None,None,None,100.0,mdi:gesture-double-tap,255.0,high,None,2.0,27.0,1.0,3035.0
2022-05-30 03:40:24.854521+00:00,vibration,None,None,None,100.0,mdi:gesture-double-tap,255.0,high,vibration,2.0,27.0,1.0,3035.0
2022-05-30 03:40:24.856974+00:00,,None,None,None,100.0,mdi:gesture-double-tap,255.0,high,vibration,2.0,27.0,1.0,3035.0
2022-05-30 03:41:54.864190+00:00,None,None,None,None,100.0,mdi:gesture-double-tap,255.0,high,None,2.0,27.0,0.0,3035.0
2022-05-30 03:44:24.937277+00:00,None,None,None,None,100.0,mdi:gesture-double-tap,255.0,high,None,15.0,27.0,0.0,3035.0
2022-05-30 04:13:32.573696+00:00,vibration,None,None,None,100.0,mdi:gesture-double-tap,255.0,high,None,15.0,27.0,1.0,3035.0
2022-05-30 04:13:32.576410+00:00,vibration,None,None,None,100.0,mdi:gesture-double-tap,255.0,high,vibration,15.0,27.0,1.0,3035.0
2022-05-30 04:13:32.582215+00:00,,None,None,None,100.0,mdi:gesture-double-tap,255.0,high,vibration,15.0,27.0,1.0,3035.0
2022-05-30 04:15:02.583803+00:00,None,None,None,None,100.0,mdi:gesture-double-tap,255.0,high,None,15.0,27.0,0.0,3035.0
2022-05-30 04:17:32.631676+00:00,None,None,None,None,100.0,mdi:gesture-double-tap,255.0,high,None,9.0,27.0,0.0,3035.0
2022-05-30 04:22:32.845955+00:00,None,None,None,None,100.0,mdi:gesture-double-tap,255.0,high,None,7.0,27.0,0.0,3035.0
2022-05-30 07:27:31.299162+00:00,None,None,None,None,100.0,mdi:gesture-double-tap,255.0,high,None,7.0,26.0,0.0,3035.0
2022-05-30 08:27:31.544846+00:00,None,None,None,None,100.0,mdi:gesture-double-tap,239.0,high,None,7.0,26.0,0.0,3035.0
2022-05-30 09:28:11.062247+00:00,None,None,None,None,100.0,mdi:gesture-double-tap,247.0,high,None,7.0,27.0,0.0,3035.0
2022-05-30 10:31:48.387302+00:00,None,None,None,None,100.0,mdi:gesture-double-tap,231.0,high,None,7.0,27.0,0.0,3035.0
2022-05-30 11:06:47.909482+00:00,vibration,None,None,None,100.0,mdi:gesture-double-tap,255.0,high,None,7.0,27.0,1.0,3035.0
2022-05-30 11:06:47.912359+00:00,vibration,None,None,None,100.0,mdi:gesture-double-tap,255.0,high,vibration,7.0,27.0,1.0,3035.0
2022-05-30 11:06:47.916001+00:00,,None,None,None,100.0,mdi:gesture-double-tap,255.0,high,vibration,7.0,27.0,1.0,3035.0
2022-05-30 11:08:17.923811+00:00,None,None,None,None,100.0,mdi:gesture-double-tap,255.0,high,None,7.0,27.0,0.0,3035.0
2022-05-30 11:08:51.707026+00:00,vibration,None,None,None,100.0,mdi:gesture-double-tap,255.0,high,None,7.0,27.0,1.0,3035.0
2022-05-30 11:08:51.709638+00:00,vibration,None,None,None,100.0,mdi:gesture-double-tap,255.0,high,vibration,7.0,27.0,1.0,3035.0
2022-05-30 11:08:51.722800+00:00,,None,None,None,100.0,mdi:gesture-double-tap,255.0,high,vibration,7.0,27.0,1.0,3035.0
2022-05-30 11:10:21.721178+00:00,None,None,None,None,100.0,mdi:gesture-double-tap,255.0,high,None,7.0,27.0,0.0,3035.0
2022-05-30 11:10:46.405910+00:00,None,None,None,None,100.0,mdi:gesture-double-tap,255.0,high,None,33.0,27.0,0.0,3035.0
2022-05-30 11:28:42.885053+00:00,None,None,None,None,100.0,mdi:gesture-double-tap,231.0,high,None,4.0,27.0,0.0,3035.0
2022-05-30 12:15:41.058538+00:00,None,None,None,None,100.0,mdi:gesture-double-tap,239.0,high,None,4.0,27.0,0.0,3035.0
2022-05-30 12:56:46.957963+00:00,vibration,None,None,None,100.0,mdi:gesture-double-tap,255.0,high,None,4.0,27.0,1.0,3035.0
2022-05-30 12:56:46.960768+00:00,vibration,None,None,None,100.0,mdi:gesture-double-tap,255.0,high,vibration,4.0,27.0,1.0,3035.0
2022-05-30 12:56:46.970139+00:00,,None,None,None,100.0,mdi:gesture-double-tap,255.0,high,vibration,4.0,27.0,1.0,3035.0
2022-05-30 12:58:16.979758+00:00,None,None,None,None,100.0,mdi:gesture-double-tap,255.0,high,None,4.0,27.0,0.0,3035.0
2022-05-30 13:00:45.906182+00:00,None,None,None,None,100.0,mdi:gesture-double-tap,255.0,high,None,29.0,27.0,0.0,3035.0
2022-05-30 13:06:16.242879+00:00,None,None,None,None,100.0,mdi:gesture-double-tap,255.0,high,None,17.0,27.0,0.0,3035.0
2022-05-30 13:14:18.614983+00:00,vibration,None,None,None,100.0,mdi:gesture-double-tap,255.0,high,None,17.0,27.0,1.0,3035.0
2022-05-30 13:14:18.617781+00:00,vibration,None,None,None,100.0,mdi:gesture-double-tap,255.0,high,vibration,17.0,27.0,1.0,3035.0
2022-05-30 13:14:18.620194+00:00,,None,None,None,100.0,mdi:gesture-double-tap,255.0,high,vibration,17.0,27.0,1.0,3035.0
2022-05-30 13:15:48.632789+00:00,None,None,None,None,100.0,mdi:gesture-double-tap,255.0,high,None,17.0,27.0,0.0,3035.0
2022-05-30 13:18:18.871600+00:00,None,None,None,None,100.0,mdi:gesture-double-tap,255.0,high,None,15.0,27.0,0.0,3035.0
2022-05-30 13:50:25.289150+00:00,vibration,None,None,None,100.0,mdi:gesture-double-tap,255.0,high,None,15.0,27.0,1.0,3035.0
2022-05-30 13:50:25.292037+00:00,vibration,None,None,None,100.0,mdi:gesture-double-tap,255.0,high,vibration,15.0,27.0,1.0,3035.0
2022-05-30 13:50:25.295115+00:00,,None,None,None,100.0,mdi:gesture-double-tap,255.0,high,vibration,15.0,27.0,1.0,3035.0
2022-05-30 13:51:55.307697+00:00,None,None,None,None,100.0,mdi:gesture-double-tap,255.0,high,None,15.0,27.0,0.0,3035.0
2022-05-30 13:54:19.583694+00:00,None,None,None,None,100.0,mdi:gesture-double-tap,255.0,high,None,21.0,27.0,0.0,3035.0
2022-05-30 15:52:30.801098+00:00,vibration,None,None,None,100.0,mdi:gesture-double-tap,255.0,high,None,21.0,27.0,1.0,3035.0
2022-05-30 15:52:30.804306+00:00,vibration,None,None,None,100.0,mdi:gesture-double-tap,255.0,high,vibration,21.0,27.0,1.0,3035.0
2022-05-30 15:52:30.816787+00:00,,None,None,None,100.0,mdi:gesture-double-tap,255.0,high,vibration,21.0,27.0,1.0,3035.0
2022-05-30 15:54:00.818978+00:00,None,None,None,None,100.0,mdi:gesture-double-tap,255.0,high,None,21.0,27.0,0.0,3035.0
2022-05-30 15:56:30.726129+00:00,None,None,None,None,100.0,mdi:gesture-double-tap,255.0,high,None,16.0,27.0,0.0,3035.0
2022-05-30 16:01:31.002585+00:00,None,None,None,None,100.0,mdi:gesture-double-tap,255.0,high,None,14.0,27.0,0.0,3035.0
2022-05-30 17:58:05.356634+00:00,None,None,None,None,100.0,mdi:gesture-double-tap,255.0,high,None,1.0,27.0,0.0,3035.0
