time,action_str,angle_x_str,angle_y_str,angle_z_str,battery,icon_str,linkquality,sensitivity_str,state,strength,temperature,vibration,voltage
2022-05-20 01:59:59.213122+00:00,None,None,None,None,100.0,mdi:gesture-double-tap,255.0,high,None,4.0,27.0,0.0,3035.0
2022-05-20 02:04:01.199099+00:00,None,None,None,None,100.0,mdi:gesture-double-tap,255.0,high,None,2.0,27.0,0.0,3035.0
2022-05-20 03:40:18.402408+00:00,vibration,None,None,None,100.0,mdi:gesture-double-tap,255.0,high,None,2.0,27.0,1.0,3035.0
2022-05-20 03:40:18.406070+00:00,vibration,None,None,None,100.0,mdi:gesture-double-tap,255.0,high,vibration,2.0,27.0,1.0,3035.0
2022-05-20 03:40:18.409140+00:00,,None,None,None,100.0,mdi:gesture-double-tap,255.0,high,vibration,2.0,27.0,1.0,3035.0
2022-05-20 03:41:48.417677+00:00,None,None,None,None,100.0,mdi:gesture-double-tap,255.0,high,None,2.0,27.0,0.0,3035.0
2022-05-20 03:44:15.365217+00:00,None,None,None,None,100.0,mdi:gesture-double-tap,255.0,high,None,16.0,27.0,0.0,3035.0
2022-05-20 04:09:52.801712+00:00,vibration,None,None,None,100.0,mdi:gesture-double-tap,239.0,high,None,16.0,27.0,1.0,3035.0
2022-05-20 04:09:52.804481+00:00,vibration,None,None,None,100.0,mdi:gesture-double-tap,239.0,high,vibration,16.0,27.0,1.0,3035.0
2022-05-20 04:09:52.806972+00:00,,None,None,None,100.0,mdi:gesture-double-tap,239.0,high,vibration,16.0,27.0,1.0,3035.0
2022-05-20 04:11:22.816130+00:00,None,None,None,None,100.0,mdi:gesture-double-tap,239.0,high,None,16.0,27.0,0.0,3035.0
2022-05-20 04:13:52.824880+00:00,None,None,None,None,100.0,mdi:gesture-double-tap,255.0,high,None,11.0,27.0,0.0,3035.0
2022-05-20 05:50:12.894988+00:00,None,None,None,None,100.0,mdi:gesture-double-tap,239.0,high,None,11.0,27.0,0.0,3035.0
2022-05-20 07:54:16.241278+00:00,None,None,None,None,100.0,mdi:gesture-double-tap,255.0,high,None,11.0,27.0,0.0,3035.0
2022-05-20 08:55:48.239681+00:00,vibration,None,None,None,100.0,mdi:gesture-double-tap,255.0,high,None,11.0,27.0,1.0,3035.0
2022-05-20 08:55:48.242628+00:00,vibration,None,None,None,100.0,mdi:gesture-double-tap,255.0,high,vibration,11.0,27.0,1.0,3035.0
2022-05-20 08:55:48.245169+00:00,,None,None,None,100.0,mdi:gesture-double-tap,255.0,high,vibration,11.0,27.0,1.0,3035.0
2022-05-20 08:57:18.256978+00:00,None,None,None,None,100.0,mdi:gesture-double-tap,255.0,high,None,11.0,27.0,0.0,3035.0
2022-05-20 08:59:47.056840+00:00,None,None,None,None,100.0,mdi:gesture-double-tap,255.0,high,None,19.0,27.0,0.0,3035.0
2022-05-20 09:47:13.057679+00:00,None,None,None,None,100.0,mdi:gesture-double-tap,223.0,high,None,19.0,27.0,0.0,3035.0
2022-05-20 09:47:14.142713+00:00,vibration,None,None,None,100.0,mdi:gesture-double-tap,223.0,high,None,19.0,27.0,1.0,3035.0
2022-05-20 09:47:14.145779+00:00,vibration,None,None,None,100.0,mdi:gesture-double-tap,223.0,high,vibration,19.0,27.0,1.0,3035.0
2022-05-20 09:47:14.159384+00:00,,None,None,None,100.0,mdi:gesture-double-tap,223.0,high,vibration,19.0,27.0,1.0,3035.0
2022-05-20 09:48:44.158004+00:00,None,None,None,None,100.0,mdi:gesture-double-tap,223.0,high,None,19.0,27.0,0.0,3035.0
2022-05-20 09:51:14.337353+00:00,None,None,None,None,100.0,mdi:gesture-double-tap,239.0,high,None,4.0,27.0,0.0,3035.0
2022-05-20 10:47:48.410020+00:00,None,None,None,None,100.0,mdi:gesture-double-tap,223.0,high,None,4.0,27.0,0.0,3035.0
2022-05-20 10:51:50.407783+00:00,None,None,None,None,100.0,mdi:gesture-double-tap,231.0,high,None,2.0,27.0,0.0,3035.0
2022-05-20 11:44:52.587374+00:00,None,None,None,None,100.0,mdi:gesture-double-tap,255.0,high,None,2.0,27.0,0.0,3035.0
2022-05-20 12:41:14.477761+00:00,None,None,None,None,100.0,mdi:gesture-double-tap,223.0,high,None,2.0,28.0,0.0,3035.0
2022-05-20 12:42:10.271018+00:00,vibration,None,None,None,100.0,mdi:gesture-double-tap,207.0,high,None,2.0,28.0,1.0,3035.0
2022-05-20 12:42:10.273862+00:00,vibration,None,None,None,100.0,mdi:gesture-double-tap,207.0,high,vibration,2.0,28.0,1.0,3035.0
2022-05-20 12:42:10.283960+00:00,,None,None,None,100.0,mdi:gesture-double-tap,207.0,high,vibration,2.0,28.0,1.0,3035.0
2022-05-20 12:43:40.291363+00:00,None,None,None,None,100.0,mdi:gesture-double-tap,207.0,high,None,2.0,28.0,0.0,3035.0
2022-05-20 12:46:10.453446+00:00,None,None,None,None,100.0,mdi:gesture-double-tap,239.0,high,None,6.0,28.0,0.0,3035.0
2022-05-20 13:33:59.432623+00:00,None,None,None,None,100.0,mdi:gesture-double-tap,255.0,high,None,6.0,27.0,0.0,3035.0
2022-05-20 13:38:01.358974+00:00,None,None,None,None,100.0,mdi:gesture-double-tap,247.0,high,None,2.0,27.0,0.0,3035.0
2022-05-20 14:12:34.932874+00:00,None,None,None,None,100.0,mdi:gesture-double-tap,255.0,high,None,2.0,27.0,0.0,3035.0
2022-05-20 14:24:18.761432+00:00,None,None,None,None,100.0,mdi:gesture-double-tap,255.0,high,None,2.0,28.0,0.0,3035.0
