time,action_str,angle_x_str,angle_y_str,angle_z_str,battery,icon_str,linkquality,sensitivity_str,state,strength,temperature,vibration,voltage
2022-06-17 04:07:07.276600+00:00,vibration,None,None,None,100.0,mdi:gesture-double-tap,255.0,high,None,1.0,30.0,1.0,3045.0
2022-06-17 04:07:07.280017+00:00,vibration,None,None,None,100.0,mdi:gesture-double-tap,255.0,high,vibration,1.0,30.0,1.0,3045.0
2022-06-17 04:07:07.292329+00:00,,None,None,None,100.0,mdi:gesture-double-tap,255.0,high,vibration,1.0,30.0,1.0,3045.0
2022-06-17 04:08:37.283553+00:00,None,None,None,None,100.0,mdi:gesture-double-tap,255.0,high,None,1.0,30.0,0.0,3045.0
2022-06-17 04:11:05.886310+00:00,None,None,None,None,100.0,mdi:gesture-double-tap,255.0,high,None,19.0,30.0,0.0,3045.0
2022-06-17 14:08:05.329933+00:00,vibration,None,None,None,100.0,mdi:gesture-double-tap,255.0,high,None,19.0,30.0,1.0,3045.0
2022-06-17 14:08:05.332670+00:00,vibration,None,None,None,100.0,mdi:gesture-double-tap,255.0,high,vibration,19.0,30.0,1.0,3045.0
2022-06-17 14:08:05.335166+00:00,,None,None,None,100.0,mdi:gesture-double-tap,255.0,high,vibration,19.0,30.0,1.0,3045.0
2022-06-17 14:09:35.343163+00:00,None,None,None,None,100.0,mdi:gesture-double-tap,255.0,high,None,19.0,30.0,0.0,3045.0
2022-06-17 14:12:05.514009+00:00,None,None,None,None,100.0,mdi:gesture-double-tap,255.0,high,None,5.0,30.0,0.0,3045.0
2022-06-17 14:43:10.759603+00:00,vibration,None,None,None,100.0,mdi:gesture-double-tap,255.0,high,None,5.0,30.0,1.0,3045.0
2022-06-17 14:43:10.763149+00:00,vibration,None,None,None,100.0,mdi:gesture-double-tap,255.0,high,vibration,5.0,30.0,1.0,3045.0
2022-06-17 14:43:10.766398+00:00,,None,None,None,100.0,mdi:gesture-double-tap,255.0,high,vibration,5.0,30.0,1.0,3045.0
2022-06-17 14:44:40.777637+00:00,None,None,None,None,100.0,mdi:gesture-double-tap,255.0,high,None,5.0,30.0,0.0,3045.0
2022-06-17 14:47:10.297325+00:00,None,None,None,None,100.0,mdi:gesture-double-tap,255.0,high,None,10.0,30.0,0.0,3045.0
2022-06-17 14:56:56.596890+00:00,None,None,None,None,100.0,mdi:gesture-double-tap,255.0,high,None,10.0,31.0,0.0,3045.0
2022-06-17 15:00:57.873788+00:00,None,None,None,None,100.0,mdi:gesture-double-tap,255.0,high,None,4.0,31.0,0.0,3045.0
2022-06-17 15:07:47.220681+00:00,vibration,None,None,None,100.0,mdi:gesture-double-tap,255.0,high,None,4.0,31.0,1.0,3045.0
2022-06-17 15:07:47.224280+00:00,vibration,None,None,None,100.0,mdi:gesture-double-tap,255.0,high,vibration,4.0,31.0,1.0,3045.0
2022-06-17 15:07:47.228472+00:00,,None,None,None,100.0,mdi:gesture-double-tap,255.0,high,vibration,4.0,31.0,1.0,3045.0
2022-06-17 15:09:16.610484+00:00,vibration,None,None,None,100.0,mdi:gesture-double-tap,255.0,high,vibration,4.0,31.0,1.0,3045.0
2022-06-17 15:09:16.612864+00:00,,None,None,None,100.0,mdi:gesture-double-tap,255.0,high,vibration,4.0,31.0,1.0,3045.0
2022-06-17 15:10:46.630030+00:00,None,None,None,None,100.0,mdi:gesture-double-tap,255.0,high,None,4.0,31.0,0.0,3045.0
2022-06-17 15:11:08.602711+00:00,vibration,None,None,None,100.0,mdi:gesture-double-tap,255.0,high,None,4.0,31.0,1.0,3045.0
2022-06-17 15:11:08.605398+00:00,vibration,None,None,None,100.0,mdi:gesture-double-tap,255.0,high,vibration,4.0,31.0,1.0,3045.0
2022-06-17 15:11:08.618194+00:00,,None,None,None,100.0,mdi:gesture-double-tap,255.0,high,vibration,4.0,31.0,1.0,3045.0
2022-06-17 15:11:44.774919+00:00,None,None,None,None,100.0,mdi:gesture-double-tap,255.0,high,None,42.0,31.0,1.0,3045.0
2022-06-17 15:12:17.705111+00:00,vibration,None,None,None,100.0,mdi:gesture-double-tap,255.0,high,None,42.0,31.0,1.0,3045.0
2022-06-17 15:12:17.707873+00:00,vibration,None,None,None,100.0,mdi:gesture-double-tap,255.0,high,vibration,42.0,31.0,1.0,3045.0
2022-06-17 15:12:17.711672+00:00,,None,None,None,100.0,mdi:gesture-double-tap,255.0,high,vibration,42.0,31.0,1.0,3045.0
2022-06-17 15:13:47.712548+00:00,None,None,None,None,100.0,mdi:gesture-double-tap,255.0,high,None,42.0,31.0,0.0,3045.0
2022-06-17 15:16:43.236839+00:00,None,None,None,None,100.0,mdi:gesture-double-tap,255.0,high,None,38.0,31.0,0.0,3045.0
2022-06-17 21:19:50.335122+00:00,vibration,None,None,None,100.0,mdi:gesture-double-tap,255.0,high,None,38.0,31.0,1.0,3045.0
2022-06-17 21:19:50.337912+00:00,vibration,None,None,None,100.0,mdi:gesture-double-tap,255.0,high,vibration,38.0,31.0,1.0,3045.0
2022-06-17 21:19:50.340928+00:00,,None,None,None,100.0,mdi:gesture-double-tap,255.0,high,vibration,38.0,31.0,1.0,3045.0
2022-06-17 21:21:20.356979+00:00,None,None,None,None,100.0,mdi:gesture-double-tap,255.0,high,None,38.0,31.0,0.0,3045.0
2022-06-17 21:23:49.134862+00:00,None,None,None,None,100.0,mdi:gesture-double-tap,255.0,high,None,17.0,31.0,0.0,3045.0
2022-06-17 21:43:28.150818+00:00,None,None,None,None,100.0,mdi:gesture-double-tap,255.0,high,None,1.0,31.0,0.0,3045.0
2022-06-17 22:34:19.719987+00:00,None,None,None,None,100.0,mdi:gesture-double-tap,255.0,high,None,1.0,30.0,0.0,3045.0
2022-06-17 22:56:49.778943+00:00,vibration,None,None,None,100.0,mdi:gesture-double-tap,255.0,high,None,1.0,30.0,1.0,3045.0
2022-06-17 22:56:49.781704+00:00,vibration,None,None,None,100.0,mdi:gesture-double-tap,255.0,high,vibration,1.0,30.0,1.0,3045.0
2022-06-17 22:56:49.784689+00:00,,None,None,None,100.0,mdi:gesture-double-tap,255.0,high,vibration,1.0,30.0,1.0,3045.0
2022-06-17 22:58:19.798007+00:00,None,None,None,None,100.0,mdi:gesture-double-tap,255.0,high,None,1.0,30.0,0.0,3045.0
2022-06-17 23:00:48.479185+00:00,None,None,None,None,100.0,mdi:gesture-double-tap,255.0,high,None,11.0,30.0,0.0,3045.0
2022-06-17 23:29:16.208176+00:00,None,None,None,None,100.0,mdi:gesture-double-tap,255.0,high,None,11.0,31.0,0.0,3045.0
