time,action_str,angle_x_str,angle_y_str,angle_z_str,battery,icon_str,linkquality,sensitivity_str,state,strength,temperature,vibration,voltage
2022-05-27 02:17:49.385897+00:00,None,None,None,None,100.0,mdi:gesture-double-tap,231.0,high,None,19.0,26.0,0.0,3035.0
2022-05-27 03:15:56.457308+00:00,None,None,None,None,100.0,mdi:gesture-double-tap,255.0,high,None,19.0,26.0,0.0,3035.0
2022-05-27 03:40:17.268901+00:00,vibration,None,None,None,100.0,mdi:gesture-double-tap,255.0,high,None,19.0,26.0,1.0,3035.0
2022-05-27 03:40:17.271931+00:00,vibration,None,None,None,100.0,mdi:gesture-double-tap,255.0,high,vibration,19.0,26.0,1.0,3035.0
2022-05-27 03:40:17.282478+00:00,,None,None,None,100.0,mdi:gesture-double-tap,255.0,high,vibration,19.0,26.0,1.0,3035.0
2022-05-27 03:41:47.282603+00:00,None,None,None,None,100.0,mdi:gesture-double-tap,255.0,high,None,19.0,26.0,0.0,3035.0
2022-05-27 03:44:17.458540+00:00,None,None,None,None,100.0,mdi:gesture-double-tap,255.0,high,None,8.0,26.0,0.0,3035.0
2022-05-27 04:07:22.700426+00:00,vibration,None,None,None,100.0,mdi:gesture-double-tap,255.0,high,None,8.0,26.0,1.0,3035.0
2022-05-27 04:07:22.703311+00:00,vibration,None,None,None,100.0,mdi:gesture-double-tap,255.0,high,vibration,8.0,26.0,1.0,3035.0
2022-05-27 04:07:22.718667+00:00,,None,None,None,100.0,mdi:gesture-double-tap,255.0,high,vibration,8.0,26.0,1.0,3035.0
2022-05-27 04:08:52.717299+00:00,None,None,None,None,100.0,mdi:gesture-double-tap,255.0,high,None,8.0,26.0,0.0,3035.0
2022-05-27 04:11:22.914189+00:00,None,None,None,None,100.0,mdi:gesture-double-tap,255.0,high,None,5.0,26.0,0.0,3035.0
2022-05-27 06:15:25.343611+00:00,vibration,None,None,None,100.0,mdi:gesture-double-tap,255.0,high,None,5.0,26.0,1.0,3035.0
2022-05-27 06:15:25.347504+00:00,vibration,None,None,None,100.0,mdi:gesture-double-tap,255.0,high,vibration,5.0,26.0,1.0,3035.0
2022-05-27 06:15:25.350479+00:00,,None,None,None,100.0,mdi:gesture-double-tap,255.0,high,vibration,5.0,26.0,1.0,3035.0
2022-05-27 06:16:55.361423+00:00,None,None,None,None,100.0,mdi:gesture-double-tap,255.0,high,None,5.0,26.0,0.0,3035.0
2022-05-27 06:19:24.677571+00:00,None,None,None,None,100.0,mdi:gesture-double-tap,255.0,high,None,22.0,26.0,0.0,3035.0
2022-05-27 07:12:48.480825+00:00,None,None,None,None,100.0,mdi:gesture-double-tap,255.0,high,None,4.0,26.0,0.0,3035.0
2022-05-27 08:07:53.992561+00:00,vibration,None,None,None,100.0,mdi:gesture-double-tap,255.0,high,None,4.0,26.0,1.0,3035.0
2022-05-27 08:07:53.995534+00:00,vibration,None,None,None,100.0,mdi:gesture-double-tap,255.0,high,vibration,4.0,26.0,1.0,3035.0
2022-05-27 08:07:54.050708+00:00,,None,None,None,100.0,mdi:gesture-double-tap,255.0,high,vibration,4.0,26.0,1.0,3035.0
2022-05-27 08:09:24.012117+00:00,None,None,None,None,100.0,mdi:gesture-double-tap,255.0,high,None,4.0,26.0,0.0,3035.0
2022-05-27 08:11:54.170907+00:00,None,None,None,None,100.0,mdi:gesture-double-tap,255.0,high,None,5.0,26.0,0.0,3035.0
2022-05-27 09:08:14.207595+00:00,None,None,None,None,100.0,mdi:gesture-double-tap,255.0,high,None,5.0,25.0,0.0,3035.0
2022-05-27 09:12:16.341786+00:00,None,None,None,None,100.0,mdi:gesture-double-tap,255.0,high,None,1.0,25.0,0.0,3035.0
2022-05-27 10:00:34.472073+00:00,None,None,None,None,100.0,mdi:gesture-double-tap,255.0,high,None,1.0,26.0,0.0,3035.0
2022-05-27 10:01:02.465032+00:00,vibration,None,None,None,100.0,mdi:gesture-double-tap,255.0,high,None,1.0,26.0,1.0,3035.0
2022-05-27 10:01:02.468390+00:00,vibration,None,None,None,100.0,mdi:gesture-double-tap,255.0,high,vibration,1.0,26.0,1.0,3035.0
2022-05-27 10:01:02.478289+00:00,,None,None,None,100.0,mdi:gesture-double-tap,255.0,high,vibration,1.0,26.0,1.0,3035.0
2022-05-27 10:02:32.490180+00:00,None,None,None,None,100.0,mdi:gesture-double-tap,255.0,high,None,1.0,26.0,0.0,3035.0
2022-05-27 10:05:02.664288+00:00,None,None,None,None,100.0,mdi:gesture-double-tap,255.0,high,None,6.0,26.0,0.0,3035.0
2022-05-27 10:52:13.170488+00:00,None,None,None,None,100.0,mdi:gesture-double-tap,255.0,high,None,6.0,25.0,0.0,3035.0
2022-05-27 11:52:51.838239+00:00,None,None,None,None,100.0,mdi:gesture-double-tap,255.0,high,None,6.0,26.0,0.0,3035.0
2022-05-27 12:43:17.577885+00:00,None,None,None,None,100.0,mdi:gesture-double-tap,255.0,high,None,4.0,26.0,0.0,3035.0
2022-05-27 14:40:36.758955+00:00,None,None,None,None,100.0,mdi:gesture-double-tap,239.0,high,None,4.0,26.0,0.0,3035.0
2022-05-27 14:44:38.709340+00:00,None,None,None,None,100.0,mdi:gesture-double-tap,247.0,high,None,2.0,26.0,0.0,3035.0
2022-05-27 14:55:11.185205+00:00,vibration,None,None,None,100.0,mdi:gesture-double-tap,255.0,high,None,2.0,26.0,1.0,3035.0
2022-05-27 14:55:11.188010+00:00,vibration,None,None,None,100.0,mdi:gesture-double-tap,255.0,high,vibration,2.0,26.0,1.0,3035.0
2022-05-27 14:55:11.206901+00:00,,None,None,None,100.0,mdi:gesture-double-tap,255.0,high,vibration,2.0,26.0,1.0,3035.0
2022-05-27 14:56:16.182688+00:00,vibration,None,None,None,100.0,mdi:gesture-double-tap,255.0,high,vibration,2.0,26.0,1.0,3035.0
2022-05-27 14:56:16.185046+00:00,,None,None,None,100.0,mdi:gesture-double-tap,255.0,high,vibration,2.0,26.0,1.0,3035.0
2022-05-27 14:57:46.200429+00:00,None,None,None,None,100.0,mdi:gesture-double-tap,255.0,high,None,2.0,26.0,0.0,3035.0
2022-05-27 14:59:06.633033+00:00,None,None,None,None,100.0,mdi:gesture-double-tap,255.0,high,None,49.0,26.0,0.0,3035.0
2022-05-27 14:59:40.303623+00:00,vibration,None,None,None,100.0,mdi:gesture-double-tap,255.0,high,None,49.0,26.0,1.0,3035.0
2022-05-27 14:59:40.307247+00:00,vibration,None,None,None,100.0,mdi:gesture-double-tap,255.0,high,vibration,49.0,26.0,1.0,3035.0
2022-05-27 14:59:40.310399+00:00,,None,None,None,100.0,mdi:gesture-double-tap,255.0,high,vibration,49.0,26.0,1.0,3035.0
2022-05-27 15:01:10.330071+00:00,None,None,None,None,100.0,mdi:gesture-double-tap,255.0,high,None,49.0,26.0,0.0,3035.0
2022-05-27 15:04:03.739307+00:00,None,None,None,None,100.0,mdi:gesture-double-tap,247.0,high,None,64.0,26.0,0.0,3035.0
2022-05-27 15:28:10.803528+00:00,None,None,None,None,100.0,mdi:gesture-double-tap,255.0,high,None,64.0,26.0,0.0,3035.0
2022-05-27 17:26:36.026015+00:00,vibration,None,None,None,100.0,mdi:gesture-double-tap,239.0,high,None,64.0,26.0,1.0,3035.0
2022-05-27 17:26:36.029688+00:00,vibration,None,None,None,100.0,mdi:gesture-double-tap,239.0,high,vibration,64.0,26.0,1.0,3035.0
2022-05-27 17:26:36.042057+00:00,,None,None,None,100.0,mdi:gesture-double-tap,239.0,high,vibration,64.0,26.0,1.0,3035.0
2022-05-27 17:28:06.050328+00:00,None,None,None,None,100.0,mdi:gesture-double-tap,239.0,high,None,64.0,26.0,0.0,3035.0
2022-05-27 17:30:28.965948+00:00,None,None,None,None,100.0,mdi:gesture-double-tap,255.0,high,None,12.0,26.0,0.0,3035.0
2022-05-27 17:33:47.180616+00:00,vibration,None,None,None,100.0,mdi:gesture-double-tap,255.0,high,None,12.0,26.0,1.0,3035.0
2022-05-27 17:33:47.185807+00:00,vibration,None,None,None,100.0,mdi:gesture-double-tap,255.0,high,vibration,12.0,26.0,1.0,3035.0
2022-05-27 17:33:47.189925+00:00,,None,None,None,100.0,mdi:gesture-double-tap,255.0,high,vibration,12.0,26.0,1.0,3035.0
2022-05-27 17:35:17.198480+00:00,None,None,None,None,100.0,mdi:gesture-double-tap,255.0,high,None,12.0,26.0,0.0,3035.0
2022-05-27 17:37:46.103692+00:00,None,None,None,None,100.0,mdi:gesture-double-tap,255.0,high,None,16.0,26.0,0.0,3035.0
2022-05-27 18:24:32.555671+00:00,None,None,None,None,100.0,mdi:gesture-double-tap,231.0,high,None,16.0,26.0,0.0,3035.0
2022-05-27 19:27:46.697679+00:00,None,None,None,None,100.0,mdi:gesture-double-tap,215.0,high,None,16.0,26.0,0.0,3035.0
2022-05-27 20:29:20.810737+00:00,None,None,None,None,100.0,mdi:gesture-double-tap,207.0,high,None,16.0,26.0,0.0,3035.0
2022-05-27 20:33:22.078192+00:00,None,None,None,None,100.0,mdi:gesture-double-tap,255.0,high,None,4.0,26.0,0.0,3035.0
