time,action_str,angle_x_str,angle_y_str,angle_z_str,battery,icon_str,linkquality,sensitivity_str,state,strength,temperature,vibration,voltage
2022-05-19 00:38:23.899710+00:00,None,None,None,None,100.0,mdi:gesture-double-tap,207.0,high,None,16.0,26.0,0.0,3035.0
2022-05-19 01:38:59.090990+00:00,None,None,None,None,100.0,mdi:gesture-double-tap,223.0,high,None,16.0,26.0,0.0,3035.0
2022-05-19 02:43:31.037751+00:00,None,None,None,None,100.0,mdi:gesture-double-tap,191.0,high,None,16.0,27.0,0.0,3035.0
2022-05-19 03:40:36.318995+00:00,vibration,None,None,None,100.0,mdi:gesture-double-tap,231.0,high,None,16.0,27.0,1.0,3035.0
2022-05-19 03:40:36.321938+00:00,vibration,None,None,None,100.0,mdi:gesture-double-tap,231.0,high,vibration,16.0,27.0,1.0,3035.0
2022-05-19 03:40:36.333356+00:00,,None,None,None,100.0,mdi:gesture-double-tap,231.0,high,vibration,16.0,27.0,1.0,3035.0
2022-05-19 03:42:06.333803+00:00,None,None,None,None,100.0,mdi:gesture-double-tap,231.0,high,None,16.0,27.0,0.0,3035.0
2022-05-19 03:44:36.513731+00:00,None,None,None,None,100.0,mdi:gesture-double-tap,255.0,high,None,20.0,27.0,0.0,3035.0
2022-05-19 03:49:36.748257+00:00,None,None,None,None,100.0,mdi:gesture-double-tap,255.0,high,None,10.0,27.0,0.0,3035.0
2022-05-19 04:16:02.897367+00:00,vibration,None,None,None,100.0,mdi:gesture-double-tap,255.0,high,None,10.0,27.0,1.0,3035.0
2022-05-19 04:16:02.900226+00:00,vibration,None,None,None,100.0,mdi:gesture-double-tap,255.0,high,vibration,10.0,27.0,1.0,3035.0
2022-05-19 04:16:02.903294+00:00,,None,None,None,100.0,mdi:gesture-double-tap,255.0,high,vibration,10.0,27.0,1.0,3035.0
2022-05-19 04:17:32.907534+00:00,None,None,None,None,100.0,mdi:gesture-double-tap,255.0,high,None,10.0,27.0,0.0,3035.0
2022-05-19 04:20:02.609744+00:00,None,None,None,None,100.0,mdi:gesture-double-tap,239.0,high,None,8.0,27.0,0.0,3035.0
2022-05-19 04:31:20.662851+00:00,None,None,None,None,100.0,mdi:gesture-double-tap,207.0,high,None,8.0,27.0,0.0,3035.0
2022-05-19 05:32:38.210316+00:00,None,None,None,None,100.0,mdi:gesture-double-tap,255.0,high,None,8.0,26.0,0.0,3035.0
2022-05-19 06:36:42.429876+00:00,None,None,None,None,100.0,mdi:gesture-double-tap,239.0,high,None,4.0,26.0,0.0,3035.0
2022-05-19 07:30:51.042213+00:00,None,None,None,None,100.0,mdi:gesture-double-tap,207.0,high,None,4.0,27.0,0.0,3035.0
2022-05-19 07:55:48.057661+00:00,vibration,None,None,None,100.0,mdi:gesture-double-tap,239.0,high,None,4.0,27.0,1.0,3035.0
2022-05-19 07:55:48.060915+00:00,vibration,None,None,None,100.0,mdi:gesture-double-tap,239.0,high,vibration,4.0,27.0,1.0,3035.0
2022-05-19 07:55:48.064103+00:00,,None,None,None,100.0,mdi:gesture-double-tap,239.0,high,vibration,4.0,27.0,1.0,3035.0
2022-05-19 07:57:18.069853+00:00,None,None,None,None,100.0,mdi:gesture-double-tap,239.0,high,None,4.0,27.0,0.0,3035.0
2022-05-19 07:59:43.458362+00:00,None,None,None,None,100.0,mdi:gesture-double-tap,215.0,high,None,22.0,27.0,0.0,3035.0
2022-05-19 08:04:03.909695+00:00,vibration,None,None,None,100.0,mdi:gesture-double-tap,255.0,high,None,22.0,27.0,1.0,3035.0
2022-05-19 08:04:03.912488+00:00,vibration,None,None,None,100.0,mdi:gesture-double-tap,255.0,high,vibration,22.0,27.0,1.0,3035.0
2022-05-19 08:04:03.922205+00:00,,None,None,None,100.0,mdi:gesture-double-tap,255.0,high,vibration,22.0,27.0,1.0,3035.0
2022-05-19 08:05:33.922778+00:00,None,None,None,None,100.0,mdi:gesture-double-tap,255.0,high,None,22.0,27.0,0.0,3035.0
2022-05-19 08:07:58.910417+00:00,None,None,None,None,100.0,mdi:gesture-double-tap,191.0,high,None,16.0,27.0,0.0,3035.0
2022-05-19 08:17:37.583257+00:00,None,None,None,None,100.0,mdi:gesture-double-tap,207.0,high,None,16.0,26.0,0.0,3035.0
2022-05-19 08:31:45.063582+00:00,vibration,None,None,None,100.0,mdi:gesture-double-tap,255.0,high,None,16.0,26.0,1.0,3035.0
2022-05-19 08:31:45.066428+00:00,vibration,None,None,None,100.0,mdi:gesture-double-tap,255.0,high,vibration,16.0,26.0,1.0,3035.0
2022-05-19 08:31:45.068866+00:00,,None,None,None,100.0,mdi:gesture-double-tap,255.0,high,vibration,16.0,26.0,1.0,3035.0
2022-05-19 08:33:15.080544+00:00,None,None,None,None,100.0,mdi:gesture-double-tap,255.0,high,None,16.0,26.0,0.0,3035.0
2022-05-19 08:35:44.013437+00:00,None,None,None,None,100.0,mdi:gesture-double-tap,231.0,high,None,7.0,26.0,0.0,3035.0
2022-05-19 09:14:52.938852+00:00,None,None,None,None,100.0,mdi:gesture-double-tap,255.0,high,None,7.0,27.0,0.0,3035.0
2022-05-19 10:11:55.516554+00:00,None,None,None,None,100.0,mdi:gesture-double-tap,255.0,high,None,7.0,26.0,0.0,3035.0
2022-05-19 13:19:59.511884+00:00,None,None,None,None,100.0,mdi:gesture-double-tap,255.0,high,None,2.0,26.0,0.0,3035.0
2022-05-19 14:07:30.411084+00:00,None,None,None,None,100.0,mdi:gesture-double-tap,239.0,high,None,2.0,26.0,0.0,3035.0
2022-05-19 15:12:21.789848+00:00,None,None,None,None,100.0,mdi:gesture-double-tap,255.0,high,None,2.0,27.0,0.0,3035.0
2022-05-19 16:36:25.018866+00:00,vibration,None,None,None,100.0,mdi:gesture-double-tap,255.0,high,None,2.0,27.0,1.0,3035.0
2022-05-19 16:36:25.021565+00:00,vibration,None,None,None,100.0,mdi:gesture-double-tap,255.0,high,vibration,2.0,27.0,1.0,3035.0
2022-05-19 16:36:25.024552+00:00,,None,None,None,100.0,mdi:gesture-double-tap,255.0,high,vibration,2.0,27.0,1.0,3035.0
2022-05-19 16:37:24.312748+00:00,vibration,None,None,None,100.0,mdi:gesture-double-tap,255.0,high,vibration,2.0,27.0,1.0,3035.0
2022-05-19 16:37:24.323249+00:00,,None,None,None,100.0,mdi:gesture-double-tap,255.0,high,vibration,2.0,27.0,1.0,3035.0
2022-05-19 16:38:54.327248+00:00,None,None,None,None,100.0,mdi:gesture-double-tap,255.0,high,None,2.0,27.0,0.0,3035.0
2022-05-19 16:40:22.272761+00:00,None,None,None,None,100.0,mdi:gesture-double-tap,255.0,high,None,34.0,27.0,0.0,3035.0
2022-05-19 17:10:47.731331+00:00,None,None,None,None,100.0,mdi:gesture-double-tap,231.0,high,None,34.0,27.0,0.0,3035.0
2022-05-19 17:14:49.040711+00:00,None,None,None,None,100.0,mdi:gesture-double-tap,239.0,high,None,4.0,27.0,0.0,3035.0
2022-05-19 18:03:30.784141+00:00,None,None,None,None,100.0,mdi:gesture-double-tap,231.0,high,None,4.0,27.0,0.0,3035.0
2022-05-19 18:23:44.472687+00:00,vibration,None,None,None,100.0,mdi:gesture-double-tap,255.0,high,None,4.0,27.0,1.0,3035.0
2022-05-19 18:23:44.475647+00:00,vibration,None,None,None,100.0,mdi:gesture-double-tap,255.0,high,vibration,4.0,27.0,1.0,3035.0
2022-05-19 18:23:44.486856+00:00,,None,None,None,100.0,mdi:gesture-double-tap,255.0,high,vibration,4.0,27.0,1.0,3035.0
2022-05-19 18:25:14.484641+00:00,None,None,None,None,100.0,mdi:gesture-double-tap,255.0,high,None,4.0,27.0,0.0,3035.0
2022-05-19 18:27:41.294046+00:00,None,None,None,None,100.0,mdi:gesture-double-tap,247.0,high,None,16.0,27.0,0.0,3035.0
2022-05-19 19:02:41.893856+00:00,None,None,None,None,100.0,mdi:gesture-double-tap,239.0,high,None,16.0,26.0,0.0,3035.0
2022-05-19 19:03:54.207448+00:00,vibration,None,None,None,100.0,mdi:gesture-double-tap,223.0,high,None,16.0,26.0,1.0,3035.0
2022-05-19 19:03:54.211337+00:00,vibration,None,None,None,100.0,mdi:gesture-double-tap,223.0,high,vibration,16.0,26.0,1.0,3035.0
2022-05-19 19:03:54.214405+00:00,,None,None,None,100.0,mdi:gesture-double-tap,223.0,high,vibration,16.0,26.0,1.0,3035.0
2022-05-19 19:05:24.229343+00:00,None,None,None,None,100.0,mdi:gesture-double-tap,223.0,high,None,16.0,26.0,0.0,3035.0
2022-05-19 19:07:53.623097+00:00,None,None,None,None,100.0,mdi:gesture-double-tap,239.0,high,None,16.0,26.0,0.0,3035.0
2022-05-19 20:03:19.222756+00:00,None,None,None,None,100.0,mdi:gesture-double-tap,199.0,high,None,16.0,27.0,0.0,3035.0
2022-05-19 20:35:31.003432+00:00,vibration,None,None,None,100.0,mdi:gesture-double-tap,255.0,high,None,16.0,27.0,1.0,3035.0
2022-05-19 20:35:31.007671+00:00,vibration,None,None,None,100.0,mdi:gesture-double-tap,255.0,high,vibration,16.0,27.0,1.0,3035.0
2022-05-19 20:35:31.018678+00:00,,None,None,None,100.0,mdi:gesture-double-tap,255.0,high,vibration,16.0,27.0,1.0,3035.0
2022-05-19 20:37:01.010920+00:00,None,None,None,None,100.0,mdi:gesture-double-tap,255.0,high,None,16.0,27.0,0.0,3035.0
2022-05-19 20:39:28.629168+00:00,None,None,None,None,100.0,mdi:gesture-double-tap,255.0,high,None,14.0,27.0,0.0,3035.0
2022-05-19 20:56:46.625185+00:00,None,None,None,None,100.0,mdi:gesture-double-tap,239.0,high,None,14.0,27.0,0.0,3035.0
2022-05-19 21:14:06.792757+00:00,vibration,None,None,None,100.0,mdi:gesture-double-tap,255.0,high,None,14.0,27.0,1.0,3035.0
2022-05-19 21:14:06.796329+00:00,vibration,None,None,None,100.0,mdi:gesture-double-tap,255.0,high,vibration,14.0,27.0,1.0,3035.0
2022-05-19 21:14:06.799189+00:00,,None,None,None,100.0,mdi:gesture-double-tap,255.0,high,vibration,14.0,27.0,1.0,3035.0
2022-05-19 21:15:36.800764+00:00,None,None,None,None,100.0,mdi:gesture-double-tap,255.0,high,None,14.0,27.0,0.0,3035.0
2022-05-19 21:18:05.480757+00:00,None,None,None,None,100.0,mdi:gesture-double-tap,255.0,high,None,17.0,27.0,0.0,3035.0
2022-05-19 21:59:54.824563+00:00,None,None,None,None,100.0,mdi:gesture-double-tap,239.0,high,None,4.0,27.0,0.0,3035.0
2022-05-19 22:51:37.109779+00:00,None,None,None,None,100.0,mdi:gesture-double-tap,255.0,high,None,4.0,27.0,0.0,3035.0
2022-05-19 23:51:11.148549+00:00,None,None,None,None,100.0,mdi:gesture-double-tap,239.0,high,None,4.0,27.0,0.0,3035.0
