time,action_str,angle_x_str,angle_y_str,angle_z_str,battery,icon_str,linkquality,sensitivity_str,state,strength,temperature,vibration,voltage
2022-05-26 01:40:17.570263+00:00,None,None,None,None,100.0,mdi:gesture-double-tap,255.0,high,None,4.0,26.0,0.0,3035.0
2022-05-26 03:40:10.441178+00:00,vibration,None,None,None,100.0,mdi:gesture-double-tap,255.0,high,None,4.0,26.0,1.0,3035.0
2022-05-26 03:40:10.443898+00:00,vibration,None,None,None,100.0,mdi:gesture-double-tap,255.0,high,vibration,4.0,26.0,1.0,3035.0
2022-05-26 03:40:10.447594+00:00,,None,None,None,100.0,mdi:gesture-double-tap,255.0,high,vibration,4.0,26.0,1.0,3035.0
2022-05-26 03:41:40.454820+00:00,None,None,None,None,100.0,mdi:gesture-double-tap,255.0,high,None,4.0,26.0,0.0,3035.0
2022-05-26 03:44:10.606312+00:00,None,None,None,None,100.0,mdi:gesture-double-tap,255.0,high,None,6.0,26.0,0.0,3035.0
2022-05-26 04:15:48.166161+00:00,vibration,None,None,None,100.0,mdi:gesture-double-tap,255.0,high,None,6.0,26.0,1.0,3035.0
2022-05-26 04:15:48.169770+00:00,vibration,None,None,None,100.0,mdi:gesture-double-tap,255.0,high,vibration,6.0,26.0,1.0,3035.0
2022-05-26 04:15:48.172410+00:00,,None,None,None,100.0,mdi:gesture-double-tap,255.0,high,vibration,6.0,26.0,1.0,3035.0
2022-05-26 04:17:18.178344+00:00,None,None,None,None,100.0,mdi:gesture-double-tap,255.0,high,None,6.0,26.0,0.0,3035.0
2022-05-26 04:19:48.377965+00:00,None,None,None,None,100.0,mdi:gesture-double-tap,255.0,high,None,14.0,26.0,0.0,3035.0
2022-05-26 04:29:19.658305+00:00,None,None,None,None,100.0,mdi:gesture-double-tap,255.0,high,None,5.0,26.0,0.0,3035.0
2022-05-26 04:34:19.984929+00:00,None,None,None,None,100.0,mdi:gesture-double-tap,255.0,high,None,4.0,26.0,0.0,3035.0
2022-05-26 05:21:02.707390+00:00,vibration,None,None,None,100.0,mdi:gesture-double-tap,255.0,high,None,4.0,26.0,1.0,3035.0
2022-05-26 05:21:02.711496+00:00,vibration,None,None,None,100.0,mdi:gesture-double-tap,255.0,high,vibration,4.0,26.0,1.0,3035.0
2022-05-26 05:21:02.714630+00:00,,None,None,None,100.0,mdi:gesture-double-tap,255.0,high,vibration,4.0,26.0,1.0,3035.0
2022-05-26 05:22:32.727587+00:00,None,None,None,None,100.0,mdi:gesture-double-tap,255.0,high,None,4.0,26.0,0.0,3035.0
2022-05-26 05:25:02.582889+00:00,None,None,None,None,100.0,mdi:gesture-double-tap,255.0,high,None,22.0,26.0,0.0,3035.0
2022-05-26 07:28:14.691156+00:00,vibration,None,None,None,100.0,mdi:gesture-double-tap,255.0,high,None,22.0,26.0,1.0,3035.0
2022-05-26 07:28:14.694305+00:00,vibration,None,None,None,100.0,mdi:gesture-double-tap,255.0,high,vibration,22.0,26.0,1.0,3035.0
2022-05-26 07:28:14.735458+00:00,,None,None,None,100.0,mdi:gesture-double-tap,255.0,high,vibration,22.0,26.0,1.0,3035.0
2022-05-26 07:29:44.703180+00:00,None,None,None,None,100.0,mdi:gesture-double-tap,255.0,high,None,22.0,26.0,0.0,3035.0
2022-05-26 07:30:13.907382+00:00,vibration,None,None,None,100.0,mdi:gesture-double-tap,255.0,high,None,22.0,26.0,1.0,3035.0
2022-05-26 07:30:13.910148+00:00,vibration,None,None,None,100.0,mdi:gesture-double-tap,255.0,high,vibration,22.0,26.0,1.0,3035.0
2022-05-26 07:30:13.926048+00:00,,None,None,None,100.0,mdi:gesture-double-tap,255.0,high,vibration,22.0,26.0,1.0,3035.0
2022-05-26 07:31:43.926097+00:00,None,None,None,None,100.0,mdi:gesture-double-tap,255.0,high,None,22.0,26.0,0.0,3035.0
2022-05-26 07:32:14.030353+00:00,None,None,None,None,100.0,mdi:gesture-double-tap,255.0,high,None,26.0,26.0,0.0,3035.0
2022-05-26 07:37:29.273902+00:00,vibration,None,None,None,100.0,mdi:gesture-double-tap,199.0,high,None,26.0,26.0,1.0,3035.0
2022-05-26 07:37:29.278273+00:00,vibration,None,None,None,100.0,mdi:gesture-double-tap,199.0,high,vibration,26.0,26.0,1.0,3035.0
2022-05-26 07:37:29.344586+00:00,,None,None,None,100.0,mdi:gesture-double-tap,199.0,high,vibration,26.0,26.0,1.0,3035.0
2022-05-26 07:38:24.008150+00:00,None,None,None,None,100.0,mdi:gesture-double-tap,255.0,high,None,61.0,26.0,1.0,3035.0
2022-05-26 07:38:59.286705+00:00,None,None,None,None,100.0,mdi:gesture-double-tap,255.0,high,None,61.0,26.0,0.0,3035.0
2022-05-26 08:00:48.378337+00:00,vibration,None,None,None,100.0,mdi:gesture-double-tap,255.0,high,None,61.0,26.0,1.0,3035.0
2022-05-26 08:00:48.381027+00:00,vibration,None,None,None,100.0,mdi:gesture-double-tap,255.0,high,vibration,61.0,26.0,1.0,3035.0
2022-05-26 08:00:48.386067+00:00,,None,None,None,100.0,mdi:gesture-double-tap,255.0,high,vibration,61.0,26.0,1.0,3035.0
2022-05-26 08:02:18.396879+00:00,None,None,None,None,100.0,mdi:gesture-double-tap,255.0,high,None,61.0,26.0,0.0,3035.0
2022-05-26 08:04:48.606178+00:00,None,None,None,None,100.0,mdi:gesture-double-tap,191.0,high,None,15.0,26.0,0.0,3035.0
2022-05-26 08:04:49.828316+00:00,None,None,None,None,100.0,mdi:gesture-double-tap,215.0,high,None,15.0,26.0,0.0,3035.0
2022-05-26 08:09:48.919462+00:00,None,None,None,None,100.0,mdi:gesture-double-tap,239.0,high,None,4.0,26.0,0.0,3035.0
2022-05-26 08:23:11.190239+00:00,None,None,None,None,100.0,mdi:gesture-double-tap,223.0,high,None,2.0,26.0,0.0,3035.0
2022-05-26 08:56:12.623264+00:00,None,None,None,None,100.0,mdi:gesture-double-tap,255.0,high,None,2.0,26.0,0.0,3035.0
2022-05-26 09:00:12.657849+00:00,None,None,None,None,100.0,mdi:gesture-double-tap,223.0,high,None,6.0,26.0,0.0,3035.0
2022-05-26 09:50:15.616111+00:00,None,None,None,None,100.0,mdi:gesture-double-tap,255.0,high,None,6.0,25.0,0.0,3035.0
2022-05-26 10:49:39.761083+00:00,None,None,None,None,100.0,mdi:gesture-double-tap,255.0,high,None,4.0,25.0,0.0,3035.0
2022-05-26 11:37:32.177931+00:00,None,None,None,None,100.0,mdi:gesture-double-tap,255.0,high,None,4.0,26.0,0.0,3035.0
2022-05-26 12:39:56.003853+00:00,None,None,None,None,100.0,mdi:gesture-double-tap,247.0,high,None,4.0,26.0,0.0,3035.0
2022-05-26 13:09:41.794070+00:00,vibration,None,None,None,100.0,mdi:gesture-double-tap,255.0,high,None,4.0,26.0,1.0,3035.0
2022-05-26 13:09:41.798145+00:00,vibration,None,None,None,100.0,mdi:gesture-double-tap,255.0,high,vibration,4.0,26.0,1.0,3035.0
2022-05-26 13:09:41.809446+00:00,,None,None,None,100.0,mdi:gesture-double-tap,255.0,high,vibration,4.0,26.0,1.0,3035.0
2022-05-26 13:11:11.810357+00:00,None,None,None,None,100.0,mdi:gesture-double-tap,255.0,high,None,4.0,26.0,0.0,3035.0
2022-05-26 13:13:42.026419+00:00,None,None,None,None,100.0,mdi:gesture-double-tap,255.0,high,None,14.0,26.0,0.0,3035.0
2022-05-26 13:32:09.467592+00:00,None,None,None,None,100.0,mdi:gesture-double-tap,255.0,high,None,14.0,25.0,0.0,3035.0
2022-05-26 14:30:05.768857+00:00,None,None,None,None,100.0,mdi:gesture-double-tap,255.0,high,None,14.0,26.0,0.0,3035.0
2022-05-26 14:34:55.439878+00:00,None,None,None,None,100.0,mdi:gesture-double-tap,255.0,high,None,2.0,26.0,0.0,3035.0
2022-05-26 17:44:22.748219+00:00,None,None,None,None,100.0,mdi:gesture-double-tap,255.0,high,None,1.0,26.0,0.0,3035.0
2022-05-26 18:17:48.664151+00:00,vibration,None,None,None,100.0,mdi:gesture-double-tap,231.0,high,None,1.0,26.0,1.0,3035.0
2022-05-26 18:17:48.667654+00:00,vibration,None,None,None,100.0,mdi:gesture-double-tap,231.0,high,vibration,1.0,26.0,1.0,3035.0
2022-05-26 18:17:48.678935+00:00,,None,None,None,100.0,mdi:gesture-double-tap,231.0,high,vibration,1.0,26.0,1.0,3035.0
2022-05-26 18:19:12.826134+00:00,vibration,None,None,None,100.0,mdi:gesture-double-tap,255.0,high,vibration,1.0,26.0,1.0,3035.0
2022-05-26 18:19:12.835244+00:00,,None,None,None,100.0,mdi:gesture-double-tap,255.0,high,vibration,1.0,26.0,1.0,3035.0
2022-05-26 18:20:42.844154+00:00,None,None,None,None,100.0,mdi:gesture-double-tap,255.0,high,None,1.0,26.0,0.0,3035.0
2022-05-26 18:21:47.129230+00:00,None,None,None,None,100.0,mdi:gesture-double-tap,239.0,high,None,27.0,26.0,0.0,3035.0
2022-05-26 19:26:48.028442+00:00,None,None,None,None,100.0,mdi:gesture-double-tap,247.0,high,None,27.0,26.0,0.0,3035.0
2022-05-26 20:24:45.769588+00:00,None,None,None,None,100.0,mdi:gesture-double-tap,255.0,high,None,27.0,26.0,0.0,3035.0
2022-05-26 21:26:21.553009+00:00,None,None,None,None,100.0,mdi:gesture-double-tap,255.0,high,None,1.0,26.0,0.0,3035.0
2022-05-26 21:43:18.789294+00:00,vibration,None,None,None,100.0,mdi:gesture-double-tap,255.0,high,None,1.0,26.0,1.0,3035.0
2022-05-26 21:43:18.791948+00:00,vibration,None,None,None,100.0,mdi:gesture-double-tap,255.0,high,vibration,1.0,26.0,1.0,3035.0
2022-05-26 21:43:18.801744+00:00,,None,None,None,100.0,mdi:gesture-double-tap,255.0,high,vibration,1.0,26.0,1.0,3035.0
2022-05-26 21:44:48.806111+00:00,None,None,None,None,100.0,mdi:gesture-double-tap,255.0,high,None,1.0,26.0,0.0,3035.0
2022-05-26 21:47:18.193702+00:00,None,None,None,None,100.0,mdi:gesture-double-tap,239.0,high,None,19.0,26.0,0.0,3035.0
2022-05-26 22:17:06.165745+00:00,None,None,None,None,100.0,mdi:gesture-double-tap,255.0,high,None,19.0,26.0,0.0,3035.0
