time,action_str,angle_x_str,angle_y_str,angle_z_str,battery,icon_str,linkquality,sensitivity_str,state,strength,temperature,vibration,voltage
2022-04-28 00:24:25.682032+00:00,None,None,None,None,100.0,mdi:gesture-double-tap,255.0,high,None,5.0,23.0,0.0,3025.0
2022-04-28 03:40:12.813704+00:00,vibration,None,None,None,100.0,mdi:gesture-double-tap,255.0,high,None,5.0,23.0,1.0,3025.0
2022-04-28 03:40:12.817199+00:00,vibration,None,None,None,100.0,mdi:gesture-double-tap,255.0,high,vibration,5.0,23.0,1.0,3025.0
2022-04-28 03:40:12.824643+00:00,,None,None,None,100.0,mdi:gesture-double-tap,255.0,high,vibration,5.0,23.0,1.0,3025.0
2022-04-28 03:41:42.827045+00:00,None,None,None,None,100.0,mdi:gesture-double-tap,255.0,high,None,5.0,23.0,0.0,3025.0
2022-04-28 03:44:13.022116+00:00,None,None,None,None,100.0,mdi:gesture-double-tap,255.0,high,None,15.0,23.0,0.0,3025.0
2022-04-28 04:15:44.704473+00:00,vibration,None,None,None,100.0,mdi:gesture-double-tap,255.0,high,None,15.0,23.0,1.0,3025.0
2022-04-28 04:15:44.707274+00:00,vibration,None,None,None,100.0,mdi:gesture-double-tap,255.0,high,vibration,15.0,23.0,1.0,3025.0
2022-04-28 04:15:44.710346+00:00,,None,None,None,100.0,mdi:gesture-double-tap,255.0,high,vibration,15.0,23.0,1.0,3025.0
2022-04-28 04:17:14.715405+00:00,None,None,None,None,100.0,mdi:gesture-double-tap,255.0,high,None,15.0,23.0,0.0,3025.0
2022-04-28 04:19:44.722600+00:00,None,None,None,None,100.0,mdi:gesture-double-tap,255.0,high,None,20.0,23.0,0.0,3025.0
2022-04-28 05:13:24.244122+00:00,None,None,None,None,100.0,mdi:gesture-double-tap,255.0,high,None,2.0,23.0,0.0,3025.0
2022-04-28 06:02:37.336851+00:00,vibration,None,None,None,100.0,mdi:gesture-double-tap,255.0,high,None,2.0,23.0,1.0,3025.0
2022-04-28 06:02:37.339952+00:00,vibration,None,None,None,100.0,mdi:gesture-double-tap,255.0,high,vibration,2.0,23.0,1.0,3025.0
2022-04-28 06:02:37.356166+00:00,,None,None,None,100.0,mdi:gesture-double-tap,255.0,high,vibration,2.0,23.0,1.0,3025.0
2022-04-28 06:02:37.539608+00:00,None,None,None,None,100.0,mdi:gesture-double-tap,255.0,high,None,2.0,23.0,1.0,3025.0
2022-04-28 06:04:07.341308+00:00,None,None,None,None,100.0,mdi:gesture-double-tap,255.0,high,None,2.0,23.0,0.0,3025.0
2022-04-28 06:06:37.621308+00:00,None,None,None,None,100.0,mdi:gesture-double-tap,255.0,high,None,17.0,23.0,0.0,3025.0
2022-04-28 06:11:37.972075+00:00,None,None,None,None,100.0,mdi:gesture-double-tap,255.0,high,None,5.0,23.0,0.0,3025.0
2022-04-28 07:00:05.076823+00:00,None,None,None,None,100.0,mdi:gesture-double-tap,255.0,high,None,2.0,23.0,0.0,3025.0
2022-04-28 13:19:48.475002+00:00,vibration,None,None,None,100.0,mdi:gesture-double-tap,255.0,high,None,2.0,23.0,1.0,3025.0
2022-04-28 13:19:48.479339+00:00,vibration,None,None,None,100.0,mdi:gesture-double-tap,255.0,high,vibration,2.0,23.0,1.0,3025.0
2022-04-28 13:19:48.491338+00:00,,None,None,None,100.0,mdi:gesture-double-tap,255.0,high,vibration,2.0,23.0,1.0,3025.0
2022-04-28 13:21:18.491214+00:00,None,None,None,None,100.0,mdi:gesture-double-tap,255.0,high,None,2.0,23.0,0.0,3025.0
2022-04-28 13:23:48.704982+00:00,None,None,None,None,100.0,mdi:gesture-double-tap,255.0,high,None,17.0,23.0,0.0,3025.0
2022-04-28 14:54:05.783848+00:00,vibration,None,None,None,100.0,mdi:gesture-double-tap,255.0,high,None,17.0,23.0,1.0,3025.0
2022-04-28 14:54:05.786908+00:00,vibration,None,None,None,100.0,mdi:gesture-double-tap,255.0,high,vibration,17.0,23.0,1.0,3025.0
2022-04-28 14:54:05.789801+00:00,,None,None,None,100.0,mdi:gesture-double-tap,255.0,high,vibration,17.0,23.0,1.0,3025.0
2022-04-28 14:55:35.802754+00:00,None,None,None,None,100.0,mdi:gesture-double-tap,255.0,high,None,17.0,23.0,0.0,3025.0
2022-04-28 14:58:06.000463+00:00,None,None,None,None,100.0,mdi:gesture-double-tap,255.0,high,None,6.0,23.0,0.0,3025.0
2022-04-28 15:55:32.428351+00:00,None,None,None,None,100.0,mdi:gesture-double-tap,255.0,high,None,7.0,23.0,0.0,3025.0
2022-04-28 16:51:10.846258+00:00,None,None,None,None,100.0,mdi:gesture-double-tap,255.0,high,None,5.0,23.0,0.0,3025.0
2022-04-28 17:40:43.169783+00:00,None,None,None,None,100.0,mdi:gesture-double-tap,239.0,high,None,5.0,23.0,0.0,3025.0
2022-04-28 17:44:45.095084+00:00,None,None,None,None,100.0,mdi:gesture-double-tap,255.0,high,None,2.0,23.0,0.0,3025.0
2022-04-28 17:59:38.434624+00:00,vibration,None,None,None,100.0,mdi:gesture-double-tap,255.0,high,None,2.0,23.0,1.0,3025.0
2022-04-28 17:59:38.439755+00:00,vibration,None,None,None,100.0,mdi:gesture-double-tap,255.0,high,vibration,2.0,23.0,1.0,3025.0
2022-04-28 17:59:38.452772+00:00,,None,None,None,100.0,mdi:gesture-double-tap,255.0,high,vibration,2.0,23.0,1.0,3025.0
2022-04-28 18:00:56.220970+00:00,vibration,None,None,None,100.0,mdi:gesture-double-tap,255.0,high,vibration,2.0,23.0,1.0,3025.0
2022-04-28 18:00:56.231890+00:00,,None,None,None,100.0,mdi:gesture-double-tap,255.0,high,vibration,2.0,23.0,1.0,3025.0
2022-04-28 18:02:26.237078+00:00,None,None,None,None,100.0,mdi:gesture-double-tap,255.0,high,None,2.0,23.0,0.0,3025.0
2022-04-28 18:03:37.028919+00:00,None,None,None,None,100.0,mdi:gesture-double-tap,239.0,high,None,12.0,23.0,0.0,3025.0
2022-04-28 18:17:50.148168+00:00,vibration,None,None,None,100.0,mdi:gesture-double-tap,255.0,high,None,12.0,23.0,1.0,3025.0
2022-04-28 18:17:50.150993+00:00,vibration,None,None,None,100.0,mdi:gesture-double-tap,255.0,high,vibration,12.0,23.0,1.0,3025.0
2022-04-28 18:17:50.154182+00:00,,None,None,None,100.0,mdi:gesture-double-tap,255.0,high,vibration,12.0,23.0,1.0,3025.0
2022-04-28 18:19:20.164835+00:00,None,None,None,None,100.0,mdi:gesture-double-tap,255.0,high,None,12.0,23.0,0.0,3025.0
2022-04-28 18:21:48.760737+00:00,None,None,None,None,100.0,mdi:gesture-double-tap,255.0,high,None,19.0,23.0,0.0,3025.0
2022-04-28 18:34:27.513415+00:00,vibration,None,None,None,100.0,mdi:gesture-double-tap,255.0,high,None,19.0,23.0,1.0,3025.0
2022-04-28 18:34:27.516818+00:00,vibration,None,None,None,100.0,mdi:gesture-double-tap,255.0,high,vibration,19.0,23.0,1.0,3025.0
2022-04-28 18:34:27.519825+00:00,,None,None,None,100.0,mdi:gesture-double-tap,255.0,high,vibration,19.0,23.0,1.0,3025.0
2022-04-28 18:35:57.519629+00:00,None,None,None,None,100.0,mdi:gesture-double-tap,255.0,high,None,19.0,23.0,0.0,3025.0
2022-04-28 18:38:27.741076+00:00,None,None,None,None,100.0,mdi:gesture-double-tap,255.0,high,None,5.0,23.0,0.0,3025.0
2022-04-28 19:30:59.351245+00:00,None,None,None,None,100.0,mdi:gesture-double-tap,255.0,high,None,2.0,23.0,0.0,3025.0
2022-04-28 20:28:28.057154+00:00,vibration,None,None,None,100.0,mdi:gesture-double-tap,255.0,high,None,2.0,23.0,1.0,3025.0
2022-04-28 20:28:28.061317+00:00,vibration,None,None,None,100.0,mdi:gesture-double-tap,255.0,high,vibration,2.0,23.0,1.0,3025.0
2022-04-28 20:28:28.073687+00:00,,None,None,None,100.0,mdi:gesture-double-tap,255.0,high,vibration,2.0,23.0,1.0,3025.0
2022-04-28 20:29:58.075324+00:00,None,None,None,None,100.0,mdi:gesture-double-tap,255.0,high,None,2.0,23.0,0.0,3025.0
2022-04-28 20:30:54.198844+00:00,vibration,None,None,None,100.0,mdi:gesture-double-tap,255.0,high,None,2.0,23.0,1.0,3025.0
2022-04-28 20:30:54.201544+00:00,vibration,None,None,None,100.0,mdi:gesture-double-tap,255.0,high,vibration,2.0,23.0,1.0,3025.0
2022-04-28 20:30:54.204317+00:00,,None,None,None,100.0,mdi:gesture-double-tap,255.0,high,vibration,2.0,23.0,1.0,3025.0
2022-04-28 20:30:54.230097+00:00,None,None,None,None,100.0,mdi:gesture-double-tap,255.0,high,None,29.0,23.0,1.0,3025.0
2022-04-28 20:31:54.146914+00:00,None,None,None,None,100.0,mdi:gesture-double-tap,255.0,high,None,54.0,23.0,1.0,3025.0
2022-04-28 20:32:24.210551+00:00,None,None,None,None,100.0,mdi:gesture-double-tap,255.0,high,None,54.0,23.0,0.0,3025.0
2022-04-28 21:36:40.331626+00:00,vibration,None,None,None,100.0,mdi:gesture-double-tap,255.0,high,None,54.0,23.0,1.0,3025.0
2022-04-28 21:36:40.335768+00:00,vibration,None,None,None,100.0,mdi:gesture-double-tap,255.0,high,vibration,54.0,23.0,1.0,3025.0
2022-04-28 21:36:40.338713+00:00,,None,None,None,100.0,mdi:gesture-double-tap,255.0,high,vibration,54.0,23.0,1.0,3025.0
2022-04-28 21:38:10.347963+00:00,None,None,None,None,100.0,mdi:gesture-double-tap,255.0,high,None,54.0,23.0,0.0,3025.0
2022-04-28 21:40:40.572408+00:00,None,None,None,None,100.0,mdi:gesture-double-tap,255.0,high,None,17.0,23.0,0.0,3025.0
2022-04-28 21:45:57.627662+00:00,vibration,None,None,None,100.0,mdi:gesture-double-tap,255.0,high,None,17.0,23.0,1.0,3025.0
2022-04-28 21:45:57.630826+00:00,vibration,None,None,None,100.0,mdi:gesture-double-tap,255.0,high,vibration,17.0,23.0,1.0,3025.0
2022-04-28 21:45:57.633687+00:00,,None,None,None,100.0,mdi:gesture-double-tap,255.0,high,vibration,17.0,23.0,1.0,3025.0
2022-04-28 21:47:27.642410+00:00,None,None,None,None,100.0,mdi:gesture-double-tap,255.0,high,None,17.0,23.0,0.0,3025.0
2022-04-28 21:49:56.958280+00:00,None,None,None,None,100.0,mdi:gesture-double-tap,255.0,high,None,18.0,23.0,0.0,3025.0
2022-04-28 22:06:48.796535+00:00,None,None,None,None,100.0,mdi:gesture-double-tap,255.0,high,None,5.0,23.0,0.0,3025.0
2022-04-28 22:56:42.432183+00:00,vibration,None,None,None,100.0,mdi:gesture-double-tap,255.0,high,None,5.0,23.0,1.0,3025.0
2022-04-28 22:56:42.435153+00:00,vibration,None,None,None,100.0,mdi:gesture-double-tap,255.0,high,vibration,5.0,23.0,1.0,3025.0
2022-04-28 22:56:42.444770+00:00,,None,None,None,100.0,mdi:gesture-double-tap,255.0,high,vibration,5.0,23.0,1.0,3025.0
2022-04-28 22:58:12.453713+00:00,None,None,None,None,100.0,mdi:gesture-double-tap,255.0,high,None,5.0,23.0,0.0,3025.0
2022-04-28 23:00:42.672922+00:00,None,None,None,None,100.0,mdi:gesture-double-tap,255.0,high,None,6.0,23.0,0.0,3025.0
