time,auto_off_str,consumer_connected,consumption,current,device_class_str,energy,led_disabled_night_str,linkquality,overload_protection_str,power,power_outage_memory_str,state_class_str,temperature,update_available_str,update_str,value,voltage
2022-04-25 00:06:12.028642+00:00,None,1.0,36.61,0.0043,power,36.61,None,255.0,None,0.98,None,measurement,21.0,None,{'state': None},0.79,230.0
2022-04-25 00:06:12.030663+00:00,None,1.0,36.61,0.0043,power,36.61,None,255.0,None,0.98,None,measurement,21.0,None,{'state': None},0.98,230.0
2022-04-25 00:13:31.796831+00:00,None,1.0,36.61,0.004,power,36.61,None,255.0,None,0.92,None,measurement,21.0,None,{'state': None},0.98,230.0
2022-04-25 00:13:31.799563+00:00,None,1.0,36.61,0.004,power,36.61,None,255.0,None,0.92,None,measurement,21.0,None,{'state': None},0.92,230.0
2022-04-25 00:20:46.972131+00:00,None,1.0,36.61,0.0034,power,36.61,None,255.0,None,0.79,None,measurement,21.0,None,{'state': None},0.92,230.0
2022-04-25 00:20:46.974455+00:00,None,1.0,36.61,0.0034,power,36.61,None,255.0,None,0.79,None,measurement,21.0,None,{'state': None},0.79,230.0
2022-04-25 00:27:39.632006+00:00,None,1.0,36.61,0.0043,power,36.61,None,255.0,None,0.99,None,measurement,21.0,None,{'state': None},0.79,230.0
2022-04-25 00:27:39.634573+00:00,None,1.0,36.61,0.0043,power,36.61,None,255.0,None,0.99,None,measurement,21.0,None,{'state': None},0.99,230.0
2022-04-25 00:33:21.580193+00:00,None,1.0,36.61,0.0027,power,36.61,None,255.0,None,0.62,None,measurement,21.0,None,{'state': None},0.99,230.0
2022-04-25 00:33:21.582876+00:00,None,1.0,36.61,0.0027,power,36.61,None,255.0,None,0.62,None,measurement,21.0,None,{'state': None},0.62,230.0
2022-04-25 00:38:51.228646+00:00,None,1.0,36.61,0.0028,power,36.61,None,255.0,None,0.63,None,measurement,21.0,None,{'state': None},0.62,230.0
2022-04-25 00:38:51.231291+00:00,None,1.0,36.61,0.0028,power,36.61,None,255.0,None,0.63,None,measurement,21.0,None,{'state': None},0.63,230.0
2022-04-25 00:45:42.644896+00:00,None,1.0,36.61,0.003,power,36.61,None,255.0,None,0.68,None,measurement,21.0,None,{'state': None},0.63,230.0
2022-04-25 00:45:42.647175+00:00,None,1.0,36.61,0.003,power,36.61,None,255.0,None,0.68,None,measurement,21.0,None,{'state': None},0.68,230.0
2022-04-25 00:53:30.009306+00:00,None,1.0,36.61,0.0033,power,36.61,None,255.0,None,0.77,None,measurement,21.0,None,{'state': None},0.68,230.0
2022-04-25 00:53:30.011593+00:00,None,1.0,36.61,0.0033,power,36.61,None,255.0,None,0.77,None,measurement,21.0,None,{'state': None},0.77,230.0
2022-04-25 01:00:18.198415+00:00,None,1.0,36.61,0.0027,power,36.61,None,255.0,None,0.62,None,measurement,21.0,None,{'state': None},0.77,230.0
2022-04-25 01:00:18.201339+00:00,None,1.0,36.61,0.0027,power,36.61,None,255.0,None,0.62,None,measurement,21.0,None,{'state': None},0.62,230.0
2022-04-25 01:06:23.955651+00:00,None,1.0,36.61,0.0034,power,36.61,None,255.0,None,0.78,None,measurement,21.0,None,{'state': None},0.62,230.0
2022-04-25 01:06:23.958206+00:00,None,1.0,36.61,0.0034,power,36.61,None,255.0,None,0.78,None,measurement,21.0,None,{'state': None},0.78,230.0
2022-04-25 01:13:41.193228+00:00,None,1.0,36.61,0.0041,power,36.61,None,255.0,None,0.94,None,measurement,21.0,None,{'state': None},0.78,230.0
2022-04-25 01:13:41.195920+00:00,None,1.0,36.61,0.0041,power,36.61,None,255.0,None,0.94,None,measurement,21.0,None,{'state': None},0.94,230.0
2022-04-25 01:19:42.592272+00:00,None,1.0,36.61,0.0033,power,36.61,None,255.0,None,0.76,None,measurement,21.0,None,{'state': None},0.94,230.0
2022-04-25 01:19:42.594685+00:00,None,1.0,36.61,0.0033,power,36.61,None,255.0,None,0.76,None,measurement,21.0,None,{'state': None},0.76,230.0
2022-04-25 01:25:43.604783+00:00,None,1.0,36.61,0.0029,power,36.61,None,255.0,None,0.68,None,measurement,21.0,None,{'state': None},0.76,230.0
2022-04-25 01:25:43.606578+00:00,None,1.0,36.61,0.0029,power,36.61,None,255.0,None,0.68,None,measurement,21.0,None,{'state': None},0.68,230.0
2022-04-25 01:30:46.360345+00:00,None,1.0,36.61,0.0041,power,36.61,None,255.0,None,0.95,None,measurement,21.0,None,{'state': None},0.68,230.0
2022-04-25 01:30:46.363228+00:00,None,1.0,36.61,0.0041,power,36.61,None,255.0,None,0.95,None,measurement,21.0,None,{'state': None},0.95,230.0
2022-04-25 01:37:33.444972+00:00,None,1.0,36.61,0.0033,power,36.61,None,255.0,None,0.77,None,measurement,21.0,None,{'state': None},0.95,230.0
2022-04-25 01:37:33.447250+00:00,None,1.0,36.61,0.0033,power,36.61,None,255.0,None,0.77,None,measurement,21.0,None,{'state': None},0.77,230.0
2022-04-25 01:43:13.380314+00:00,None,1.0,36.61,0.0027,power,36.61,None,255.0,None,0.62,None,measurement,21.0,None,{'state': None},0.77,230.0
2022-04-25 01:43:13.383071+00:00,None,1.0,36.61,0.0027,power,36.61,None,255.0,None,0.62,None,measurement,21.0,None,{'state': None},0.62,230.0
2022-04-25 01:51:06.377546+00:00,None,1.0,36.61,0.0025,power,36.61,None,255.0,None,0.59,None,measurement,21.0,None,{'state': None},0.62,230.0
2022-04-25 01:51:06.379217+00:00,None,1.0,36.61,0.0025,power,36.61,None,255.0,None,0.59,None,measurement,21.0,None,{'state': None},0.59,230.0
2022-04-25 01:56:36.160196+00:00,None,1.0,36.61,0.0042,power,36.61,None,255.0,None,0.96,None,measurement,21.0,None,{'state': None},0.59,230.0
2022-04-25 01:56:36.162172+00:00,None,1.0,36.61,0.0042,power,36.61,None,255.0,None,0.96,None,measurement,21.0,None,{'state': None},0.96,230.0
2022-04-25 02:03:24.241022+00:00,None,1.0,36.61,0.0038,power,36.61,None,255.0,None,0.88,None,measurement,21.0,None,{'state': None},0.96,230.0
2022-04-25 02:03:24.244228+00:00,None,1.0,36.61,0.0038,power,36.61,None,255.0,None,0.88,None,measurement,21.0,None,{'state': None},0.88,230.0
2022-04-25 02:08:34.638074+00:00,None,1.0,36.61,0.003,power,36.61,None,255.0,None,0.68,None,measurement,21.0,None,{'state': None},0.88,230.0
2022-04-25 02:08:34.640862+00:00,None,1.0,36.61,0.003,power,36.61,None,255.0,None,0.68,None,measurement,21.0,None,{'state': None},0.68,230.0
2022-04-25 02:14:22.454488+00:00,None,1.0,36.61,0.0031,power,36.61,None,255.0,None,0.72,None,measurement,21.0,None,{'state': None},0.68,230.0
2022-04-25 02:14:22.456963+00:00,None,1.0,36.61,0.0031,power,36.61,None,255.0,None,0.72,None,measurement,21.0,None,{'state': None},0.72,230.0
2022-04-25 02:21:15.362195+00:00,None,1.0,36.61,0.0036,power,36.61,None,255.0,None,0.82,None,measurement,21.0,None,{'state': None},0.72,230.0
2022-04-25 02:21:15.364153+00:00,None,1.0,36.61,0.0036,power,36.61,None,255.0,None,0.82,None,measurement,21.0,None,{'state': None},0.82,230.0
2022-04-25 02:28:36.433282+00:00,None,1.0,36.61,0.0026,power,36.61,None,255.0,None,0.59,None,measurement,21.0,None,{'state': None},0.82,230.0
2022-04-25 02:28:36.435369+00:00,None,1.0,36.61,0.0026,power,36.61,None,255.0,None,0.59,None,measurement,21.0,None,{'state': None},0.59,230.0
2022-04-25 02:36:27.327270+00:00,None,1.0,36.61,0.0081,power,36.61,None,255.0,None,1.86,None,measurement,21.0,None,{'state': None},0.59,230.0
2022-04-25 02:36:27.330169+00:00,None,1.0,36.61,0.0081,power,36.61,None,255.0,None,1.86,None,measurement,21.0,None,{'state': None},1.86,230.0
2022-04-25 02:43:47.496650+00:00,None,1.0,36.61,0.0076,power,36.61,None,255.0,None,1.74,None,measurement,21.0,None,{'state': None},1.86,230.0
2022-04-25 02:43:47.498931+00:00,None,1.0,36.61,0.0076,power,36.61,None,255.0,None,1.74,None,measurement,21.0,None,{'state': None},1.74,230.0
2022-04-25 02:49:32.760491+00:00,None,1.0,36.61,0.0079,power,36.61,None,255.0,None,1.82,None,measurement,21.0,None,{'state': None},1.74,230.0
2022-04-25 02:49:32.763016+00:00,None,1.0,36.61,0.0079,power,36.61,None,255.0,None,1.82,None,measurement,21.0,None,{'state': None},1.82,230.0
2022-04-25 02:57:18.709744+00:00,None,1.0,36.61,0.009,power,36.61,None,255.0,None,2.06,None,measurement,21.0,None,{'state': None},1.82,230.0
2022-04-25 02:57:18.712126+00:00,None,1.0,36.61,0.009,power,36.61,None,255.0,None,2.06,None,measurement,21.0,None,{'state': None},2.06,230.0
2022-04-25 03:02:21.328995+00:00,None,1.0,36.61,0.0079,power,36.61,None,255.0,None,1.81,None,measurement,21.0,None,{'state': None},2.06,230.0
2022-04-25 03:02:21.330191+00:00,None,1.0,36.61,0.0079,power,36.61,None,255.0,None,1.81,None,measurement,21.0,None,{'state': None},1.81,230.0
2022-04-25 03:15:21.247638+00:00,None,1.0,36.61,0.0078,power,36.61,None,255.0,None,1.79,None,measurement,21.0,None,{'state': None},1.81,230.0
2022-04-25 03:15:21.250150+00:00,None,1.0,36.61,0.0078,power,36.61,None,255.0,None,1.79,None,measurement,21.0,None,{'state': None},1.79,230.0
2022-04-25 03:21:54.221321+00:00,None,1.0,36.61,0.0082,power,36.61,None,255.0,None,1.88,None,measurement,21.0,None,{'state': None},1.79,230.0
2022-04-25 03:21:54.223582+00:00,None,1.0,36.61,0.0082,power,36.61,None,255.0,None,1.88,None,measurement,21.0,None,{'state': None},1.88,230.0
2022-04-25 03:27:38.880556+00:00,None,1.0,36.61,0.0085,power,36.61,None,255.0,None,1.96,None,measurement,21.0,None,{'state': None},1.88,230.0
2022-04-25 03:27:38.882539+00:00,None,1.0,36.61,0.0085,power,36.61,None,255.0,None,1.96,None,measurement,21.0,None,{'state': None},1.96,230.0
2022-04-25 03:33:16.908022+00:00,None,1.0,36.61,0.0079,power,36.61,None,255.0,None,1.82,None,measurement,21.0,None,{'state': None},1.96,230.0
2022-04-25 03:33:16.910418+00:00,None,1.0,36.61,0.0079,power,36.61,None,255.0,None,1.82,None,measurement,21.0,None,{'state': None},1.82,230.0
2022-04-25 03:38:20.255870+00:00,None,1.0,36.61,0.0087,power,36.61,None,255.0,None,2.0,None,measurement,21.0,None,{'state': None},1.82,230.0
2022-04-25 03:38:20.261226+00:00,None,1.0,36.61,0.0087,power,36.61,None,255.0,None,2.0,None,measurement,21.0,None,{'state': None},2.0,230.0
2022-04-25 03:45:56.639326+00:00,None,1.0,36.61,0.0083,power,36.61,None,255.0,None,1.9,None,measurement,21.0,None,{'state': None},2.0,230.0
2022-04-25 03:45:56.642125+00:00,None,1.0,36.61,0.0083,power,36.61,None,255.0,None,1.9,None,measurement,21.0,None,{'state': None},1.9,230.0
2022-04-25 03:53:58.300674+00:00,None,1.0,36.61,0.008,power,36.61,None,255.0,None,1.84,None,measurement,21.0,None,{'state': None},1.9,230.0
2022-04-25 03:53:58.302794+00:00,None,1.0,36.61,0.008,power,36.61,None,255.0,None,1.84,None,measurement,21.0,None,{'state': None},1.84,230.0
2022-04-25 03:59:52.877660+00:00,None,1.0,36.61,0.0079,power,36.61,None,255.0,None,1.81,None,measurement,21.0,None,{'state': None},1.84,230.0
2022-04-25 03:59:52.881233+00:00,None,1.0,36.61,0.0079,power,36.61,None,255.0,None,1.81,None,measurement,21.0,None,{'state': None},1.81,230.0
2022-04-25 04:05:20.504150+00:00,None,1.0,36.61,0.0082,power,36.61,None,255.0,None,1.88,None,measurement,21.0,None,{'state': None},1.81,230.0
2022-04-25 04:05:20.506985+00:00,None,1.0,36.61,0.0082,power,36.61,None,255.0,None,1.88,None,measurement,21.0,None,{'state': None},1.88,230.0
2022-04-25 04:12:42.893589+00:00,None,1.0,36.61,0.007,power,36.61,None,255.0,None,1.61,None,measurement,21.0,None,{'state': None},1.88,230.0
2022-04-25 04:12:42.894963+00:00,None,1.0,36.61,0.007,power,36.61,None,255.0,None,1.61,None,measurement,21.0,None,{'state': None},1.61,230.0
2022-04-25 04:18:52.487860+00:00,None,1.0,36.61,0.0081,power,36.61,None,255.0,None,1.82,None,measurement,21.0,None,{'state': None},1.61,223.0
2022-04-25 04:18:52.491217+00:00,None,1.0,36.61,0.0081,power,36.61,None,255.0,None,1.82,None,measurement,21.0,None,{'state': None},1.82,223.0
2022-04-25 04:25:02.471084+00:00,None,1.0,36.61,0.0082,power,36.61,None,255.0,None,1.84,None,measurement,21.0,None,{'state': None},1.82,223.0
2022-04-25 04:25:02.474859+00:00,None,1.0,36.61,0.0082,power,36.61,None,255.0,None,1.84,None,measurement,21.0,None,{'state': None},1.84,223.0
2022-04-25 04:30:55.888799+00:00,None,1.0,36.62,0.0081,power,36.62,None,255.0,None,1.82,None,measurement,21.0,None,{'state': None},1.84,223.0
2022-04-25 04:30:55.891780+00:00,None,1.0,36.62,0.0081,power,36.62,None,255.0,None,1.82,None,measurement,21.0,None,{'state': None},1.82,223.0
2022-04-25 04:38:33.176341+00:00,None,1.0,36.62,0.0092,power,36.62,None,255.0,None,2.06,None,measurement,21.0,None,{'state': None},1.82,223.0
2022-04-25 04:38:33.179149+00:00,None,1.0,36.62,0.0092,power,36.62,None,255.0,None,2.06,None,measurement,21.0,None,{'state': None},2.06,223.0
2022-04-25 04:44:14.749672+00:00,None,1.0,36.62,0.0086,power,36.62,None,255.0,None,1.91,None,measurement,21.0,None,{'state': None},2.06,223.0
2022-04-25 04:44:14.751506+00:00,None,1.0,36.62,0.0086,power,36.62,None,255.0,None,1.91,None,measurement,21.0,None,{'state': None},1.91,223.0
2022-04-25 04:51:17.742045+00:00,None,1.0,36.62,0.0088,power,36.62,None,255.0,None,1.96,None,measurement,21.0,None,{'state': None},1.91,223.0
2022-04-25 04:51:17.743471+00:00,None,1.0,36.62,0.0088,power,36.62,None,255.0,None,1.96,None,measurement,21.0,None,{'state': None},1.96,223.0
2022-04-25 04:57:32.585197+00:00,None,1.0,36.62,0.0086,power,36.62,None,255.0,None,1.91,None,measurement,21.0,None,{'state': None},1.96,223.0
2022-04-25 04:57:32.587264+00:00,None,1.0,36.62,0.0086,power,36.62,None,255.0,None,1.91,None,measurement,21.0,None,{'state': None},1.91,223.0
2022-04-25 05:05:09.869712+00:00,None,1.0,36.62,0.0083,power,36.62,None,255.0,None,1.85,None,measurement,21.0,None,{'state': None},1.91,223.0
2022-04-25 05:05:09.871372+00:00,None,1.0,36.62,0.0083,power,36.62,None,255.0,None,1.85,None,measurement,21.0,None,{'state': None},1.85,223.0
2022-04-25 05:12:56.415720+00:00,None,1.0,36.62,0.0082,power,36.62,None,255.0,None,1.82,None,measurement,21.0,None,{'state': None},1.85,223.0
2022-04-25 05:12:56.417618+00:00,None,1.0,36.62,0.0082,power,36.62,None,255.0,None,1.82,None,measurement,21.0,None,{'state': None},1.82,223.0
2022-04-25 05:26:51.559336+00:00,None,1.0,36.62,0.0081,power,36.62,None,255.0,None,1.81,None,measurement,21.0,None,{'state': None},1.82,223.0
2022-04-25 05:26:51.561888+00:00,None,1.0,36.62,0.0081,power,36.62,None,255.0,None,1.81,None,measurement,21.0,None,{'state': None},1.81,223.0
2022-04-25 05:33:38.658121+00:00,None,1.0,36.62,0.0082,power,36.62,None,255.0,None,1.84,None,measurement,21.0,None,{'state': None},1.81,223.0
2022-04-25 05:33:38.660118+00:00,None,1.0,36.62,0.0082,power,36.62,None,255.0,None,1.84,None,measurement,21.0,None,{'state': None},1.84,223.0
2022-04-25 05:40:35.208228+00:00,None,1.0,36.62,0.0088,power,36.62,None,255.0,None,1.97,None,measurement,21.0,None,{'state': None},1.84,223.0
2022-04-25 05:40:35.209517+00:00,None,1.0,36.62,0.0088,power,36.62,None,255.0,None,1.97,None,measurement,21.0,None,{'state': None},1.97,223.0
2022-04-25 05:47:51.824665+00:00,None,1.0,36.62,0.0082,power,36.62,None,255.0,None,1.83,None,measurement,21.0,None,{'state': None},1.97,223.0
2022-04-25 05:47:51.827668+00:00,None,1.0,36.62,0.0082,power,36.62,None,255.0,None,1.83,None,measurement,21.0,None,{'state': None},1.83,223.0
2022-04-25 05:54:31.070071+00:00,None,1.0,36.62,0.0084,power,36.62,None,255.0,None,1.87,None,measurement,21.0,None,{'state': None},1.83,223.0
2022-04-25 05:54:31.074180+00:00,None,1.0,36.62,0.0084,power,36.62,None,255.0,None,1.87,None,measurement,21.0,None,{'state': None},1.87,223.0
2022-04-25 06:00:52.337698+00:00,None,1.0,36.62,0.0082,power,36.62,None,255.0,None,1.83,None,measurement,21.0,None,{'state': None},1.87,223.0
2022-04-25 06:00:52.339436+00:00,None,1.0,36.62,0.0082,power,36.62,None,255.0,None,1.83,None,measurement,21.0,None,{'state': None},1.83,223.0
2022-04-25 06:08:50.588496+00:00,None,1.0,36.62,0.0069,power,36.62,None,255.0,None,1.53,None,measurement,21.0,None,{'state': None},1.83,223.0
2022-04-25 06:08:50.591109+00:00,None,1.0,36.62,0.0069,power,36.62,None,255.0,None,1.53,None,measurement,21.0,None,{'state': None},1.53,223.0
2022-04-25 06:14:32.245668+00:00,None,1.0,36.62,0.0081,power,36.62,None,255.0,None,1.8,None,measurement,21.0,None,{'state': None},1.53,223.0
2022-04-25 06:14:32.247901+00:00,None,1.0,36.62,0.0081,power,36.62,None,255.0,None,1.8,None,measurement,21.0,None,{'state': None},1.8,223.0
2022-04-25 06:22:29.996044+00:00,None,1.0,36.62,0.0094,power,36.62,None,255.0,None,2.1,None,measurement,21.0,None,{'state': None},1.8,223.0
2022-04-25 06:22:29.998571+00:00,None,1.0,36.62,0.0094,power,36.62,None,255.0,None,2.1,None,measurement,21.0,None,{'state': None},2.1,223.0
2022-04-25 06:29:21.513257+00:00,None,1.0,36.62,0.0086,power,36.62,None,255.0,None,1.91,None,measurement,21.0,None,{'state': None},2.1,223.0
2022-04-25 06:29:21.515439+00:00,None,1.0,36.62,0.0086,power,36.62,None,255.0,None,1.91,None,measurement,21.0,None,{'state': None},1.91,223.0
2022-04-25 06:34:32.709451+00:00,None,1.0,36.62,0.008,power,36.62,None,255.0,None,1.79,None,measurement,21.0,None,{'state': None},1.91,223.0
2022-04-25 06:34:32.711112+00:00,None,1.0,36.62,0.008,power,36.62,None,255.0,None,1.79,None,measurement,21.0,None,{'state': None},1.79,223.0
2022-04-25 06:41:14.870718+00:00,None,1.0,36.62,0.0089,power,36.62,None,255.0,None,1.99,None,measurement,21.0,None,{'state': None},1.79,223.0
2022-04-25 06:41:14.872511+00:00,None,1.0,36.62,0.0089,power,36.62,None,255.0,None,1.99,None,measurement,21.0,None,{'state': None},1.99,223.0
2022-04-25 06:46:42.621653+00:00,None,1.0,36.62,0.0081,power,36.62,None,255.0,None,1.82,None,measurement,21.0,None,{'state': None},1.99,223.0
2022-04-25 06:46:42.623945+00:00,None,1.0,36.62,0.0081,power,36.62,None,255.0,None,1.82,None,measurement,21.0,None,{'state': None},1.82,223.0
2022-04-25 06:54:00.248400+00:00,None,1.0,36.62,0.0089,power,36.62,None,255.0,None,1.99,None,measurement,21.0,None,{'state': None},1.82,223.0
2022-04-25 06:54:00.251200+00:00,None,1.0,36.62,0.0089,power,36.62,None,255.0,None,1.99,None,measurement,21.0,None,{'state': None},1.99,223.0
2022-04-25 07:01:39.629683+00:00,None,1.0,36.62,0.0085,power,36.62,None,255.0,None,1.9,None,measurement,21.0,None,{'state': None},1.99,223.0
2022-04-25 07:01:39.632369+00:00,None,1.0,36.62,0.0085,power,36.62,None,255.0,None,1.9,None,measurement,21.0,None,{'state': None},1.9,223.0
2022-04-25 07:07:09.487924+00:00,None,1.0,36.62,0.0082,power,36.62,None,255.0,None,1.82,None,measurement,21.0,None,{'state': None},1.9,223.0
2022-04-25 07:07:09.490941+00:00,None,1.0,36.62,0.0082,power,36.62,None,255.0,None,1.82,None,measurement,21.0,None,{'state': None},1.82,223.0
2022-04-25 07:14:05.147155+00:00,None,1.0,36.62,0.0083,power,36.62,None,255.0,None,1.86,None,measurement,21.0,None,{'state': None},1.82,223.0
2022-04-25 07:14:05.149128+00:00,None,1.0,36.62,0.0083,power,36.62,None,255.0,None,1.86,None,measurement,21.0,None,{'state': None},1.86,223.0
2022-04-25 07:19:27.540808+00:00,None,1.0,36.62,0.0084,power,36.62,None,255.0,None,1.93,None,measurement,21.0,None,{'state': None},1.86,230.0
2022-04-25 07:19:27.545035+00:00,None,1.0,36.62,0.0084,power,36.62,None,255.0,None,1.93,None,measurement,21.0,None,{'state': None},1.93,230.0
2022-04-25 07:26:17.343791+00:00,None,1.0,36.62,0.0081,power,36.62,None,255.0,None,1.82,None,measurement,20.0,None,{'state': None},1.93,223.0
2022-04-25 07:26:17.345600+00:00,None,1.0,36.62,0.0081,power,36.62,None,255.0,None,1.82,None,measurement,20.0,None,{'state': None},1.82,223.0
2022-04-25 07:32:19.069168+00:00,None,1.0,36.62,0.009,power,36.62,None,255.0,None,2.0,None,measurement,21.0,None,{'state': None},1.82,223.0
2022-04-25 07:32:19.072240+00:00,None,1.0,36.62,0.009,power,36.62,None,255.0,None,2.0,None,measurement,21.0,None,{'state': None},2.0,223.0
2022-04-25 07:39:00.889215+00:00,None,1.0,36.62,0.0086,power,36.62,None,255.0,None,1.91,None,measurement,21.0,None,{'state': None},2.0,223.0
2022-04-25 07:39:00.891858+00:00,None,1.0,36.62,0.0086,power,36.62,None,255.0,None,1.91,None,measurement,21.0,None,{'state': None},1.91,223.0
2022-04-25 07:45:45.859398+00:00,None,1.0,36.62,0.0079,power,36.62,None,255.0,None,1.75,None,measurement,21.0,None,{'state': None},1.91,223.0
2022-04-25 07:45:45.863497+00:00,None,1.0,36.62,0.0079,power,36.62,None,255.0,None,1.75,None,measurement,21.0,None,{'state': None},1.75,223.0
2022-04-25 07:51:32.360892+00:00,None,1.0,36.62,0.0085,power,36.62,None,255.0,None,1.89,None,measurement,21.0,None,{'state': None},1.75,223.0
2022-04-25 07:51:32.363438+00:00,None,1.0,36.62,0.0085,power,36.62,None,255.0,None,1.89,None,measurement,21.0,None,{'state': None},1.89,223.0
2022-04-25 07:57:02.609349+00:00,None,1.0,36.62,0.0081,power,36.62,None,255.0,None,1.8,None,measurement,20.0,None,{'state': None},1.89,223.0
2022-04-25 07:57:02.611953+00:00,None,1.0,36.62,0.0081,power,36.62,None,255.0,None,1.8,None,measurement,20.0,None,{'state': None},1.8,223.0
2022-04-25 08:02:40.439723+00:00,None,1.0,36.62,0.0078,power,36.62,None,255.0,None,1.8,None,measurement,20.0,None,{'state': None},1.8,230.0
2022-04-25 08:09:43.757042+00:00,None,1.0,36.62,0.0107,power,36.62,None,255.0,None,2.39,None,measurement,20.0,None,{'state': None},1.8,223.0
2022-04-25 08:09:43.759728+00:00,None,1.0,36.62,0.0107,power,36.62,None,255.0,None,2.39,None,measurement,20.0,None,{'state': None},2.39,223.0
2022-04-25 08:15:56.461783+00:00,None,1.0,36.62,0.0084,power,36.62,None,255.0,None,1.88,None,measurement,21.0,None,{'state': None},2.39,223.0
2022-04-25 08:15:56.464072+00:00,None,1.0,36.62,0.0084,power,36.62,None,255.0,None,1.88,None,measurement,21.0,None,{'state': None},1.88,223.0
2022-04-25 08:23:56.641958+00:00,None,1.0,36.62,0.0082,power,36.62,None,255.0,None,1.83,None,measurement,21.0,None,{'state': None},1.88,223.0
2022-04-25 08:23:56.646548+00:00,None,1.0,36.62,0.0082,power,36.62,None,255.0,None,1.83,None,measurement,21.0,None,{'state': None},1.83,223.0
2022-04-25 08:30:27.182861+00:00,None,1.0,36.62,0.0083,power,36.62,None,255.0,None,1.86,None,measurement,21.0,None,{'state': None},1.83,223.0
2022-04-25 08:30:27.185383+00:00,None,1.0,36.62,0.0083,power,36.62,None,255.0,None,1.86,None,measurement,21.0,None,{'state': None},1.86,223.0
2022-04-25 08:36:20.916422+00:00,None,1.0,36.62,0.0084,power,36.62,None,255.0,None,1.88,None,measurement,21.0,None,{'state': None},1.86,223.0
2022-04-25 08:36:20.918486+00:00,None,1.0,36.62,0.0084,power,36.62,None,255.0,None,1.88,None,measurement,21.0,None,{'state': None},1.88,223.0
2022-04-25 08:44:04.955944+00:00,None,1.0,36.62,0.0088,power,36.62,None,255.0,None,1.96,None,measurement,21.0,None,{'state': None},1.88,223.0
2022-04-25 08:44:04.957284+00:00,None,1.0,36.62,0.0088,power,36.62,None,255.0,None,1.96,None,measurement,21.0,None,{'state': None},1.96,223.0
2022-04-25 08:50:23.900768+00:00,None,1.0,36.62,0.0087,power,36.62,None,255.0,None,1.93,None,measurement,21.0,None,{'state': None},1.96,223.0
2022-04-25 08:50:23.903197+00:00,None,1.0,36.62,0.0087,power,36.62,None,255.0,None,1.93,None,measurement,21.0,None,{'state': None},1.93,223.0
2022-04-25 08:58:17.132823+00:00,None,1.0,36.62,0.0081,power,36.62,None,255.0,None,1.81,None,measurement,21.0,None,{'state': None},1.93,223.0
2022-04-25 08:58:17.135011+00:00,None,1.0,36.62,0.0081,power,36.62,None,255.0,None,1.81,None,measurement,21.0,None,{'state': None},1.81,223.0
2022-04-25 09:05:09.269160+00:00,None,1.0,36.62,0.0081,power,36.62,None,255.0,None,1.8,None,measurement,21.0,None,{'state': None},1.81,223.0
2022-04-25 09:05:09.272328+00:00,None,1.0,36.62,0.0081,power,36.62,None,255.0,None,1.8,None,measurement,21.0,None,{'state': None},1.8,223.0
2022-04-25 09:13:02.249207+00:00,None,1.0,36.62,0.0084,power,36.62,None,255.0,None,1.88,None,measurement,21.0,None,{'state': None},1.8,223.0
2022-04-25 09:13:02.250735+00:00,None,1.0,36.62,0.0084,power,36.62,None,255.0,None,1.88,None,measurement,21.0,None,{'state': None},1.88,223.0
2022-04-25 09:18:57.245880+00:00,None,1.0,36.62,0.0081,power,36.62,None,255.0,None,1.81,None,measurement,21.0,None,{'state': None},1.88,223.0
2022-04-25 09:18:57.248578+00:00,None,1.0,36.62,0.0081,power,36.62,None,255.0,None,1.81,None,measurement,21.0,None,{'state': None},1.81,223.0
2022-04-25 09:25:12.672678+00:00,None,1.0,36.62,0.0085,power,36.62,None,255.0,None,1.9,None,measurement,21.0,None,{'state': None},1.81,223.0
2022-04-25 09:25:12.674879+00:00,None,1.0,36.62,0.0085,power,36.62,None,255.0,None,1.9,None,measurement,21.0,None,{'state': None},1.9,223.0
2022-04-25 09:31:47.640808+00:00,None,1.0,36.62,0.0088,power,36.62,None,255.0,None,1.96,None,measurement,21.0,None,{'state': None},1.9,223.0
2022-04-25 09:31:47.644239+00:00,None,1.0,36.62,0.0088,power,36.62,None,255.0,None,1.96,None,measurement,21.0,None,{'state': None},1.96,223.0
2022-04-25 09:39:16.476590+00:00,None,1.0,36.62,0.0084,power,36.62,None,255.0,None,1.88,None,measurement,21.0,None,{'state': None},1.96,223.0
2022-04-25 09:39:16.479319+00:00,None,1.0,36.62,0.0084,power,36.62,None,255.0,None,1.88,None,measurement,21.0,None,{'state': None},1.88,223.0
2022-04-25 09:44:48.451771+00:00,None,1.0,36.62,0.0086,power,36.62,None,255.0,None,1.91,None,measurement,21.0,None,{'state': None},1.88,223.0
2022-04-25 09:44:48.454456+00:00,None,1.0,36.62,0.0086,power,36.62,None,255.0,None,1.91,None,measurement,21.0,None,{'state': None},1.91,223.0
2022-04-25 09:48:46.856019+00:00,None,1.0,36.62,0.0086,power,36.62,None,255.0,None,60.36,None,measurement,21.0,None,{'state': None},1.91,223.0
2022-04-25 09:48:46.858644+00:00,None,1.0,36.62,0.0086,power,36.62,None,255.0,None,60.36,None,measurement,21.0,None,{'state': None},60.36,223.0
2022-04-25 09:51:12.255743+00:00,None,1.0,36.63,0.2797,power,36.63,None,255.0,None,62.37,None,measurement,21.0,None,{'state': None},60.36,223.0
2022-04-25 09:51:12.258451+00:00,None,1.0,36.63,0.2797,power,36.63,None,255.0,None,62.37,None,measurement,21.0,None,{'state': None},62.37,223.0
2022-04-25 09:57:22.312996+00:00,None,1.0,36.63,0.2774,power,36.63,None,255.0,None,61.87,None,measurement,21.0,None,{'state': None},62.37,223.0
2022-04-25 09:57:22.314602+00:00,None,1.0,36.63,0.2774,power,36.63,None,255.0,None,61.87,None,measurement,21.0,None,{'state': None},61.87,223.0
2022-04-25 10:02:33.090660+00:00,None,1.0,36.64,0.2797,power,36.64,None,255.0,None,62.37,None,measurement,21.0,None,{'state': None},61.87,223.0
2022-04-25 10:02:33.092312+00:00,None,1.0,36.64,0.2797,power,36.64,None,255.0,None,62.37,None,measurement,21.0,None,{'state': None},62.37,223.0
2022-04-25 10:08:02.770538+00:00,None,1.0,36.64,0.2774,power,36.64,None,255.0,None,61.87,None,measurement,21.0,None,{'state': None},62.37,223.0
2022-04-25 10:08:02.771967+00:00,None,1.0,36.64,0.2774,power,36.64,None,255.0,None,61.87,None,measurement,21.0,None,{'state': None},61.87,223.0
2022-04-25 10:15:29.365208+00:00,None,1.0,36.65,0.269,power,36.65,None,255.0,None,61.87,None,measurement,21.0,None,{'state': None},61.87,230.0
2022-04-25 10:18:53.087017+00:00,None,1.0,36.65,0.269,power,36.65,None,255.0,None,10.48,None,measurement,21.0,None,{'state': None},61.87,230.0
2022-04-25 10:18:53.088374+00:00,None,1.0,36.65,0.269,power,36.65,None,255.0,None,10.48,None,measurement,21.0,None,{'state': None},10.48,230.0
2022-04-25 10:19:34.831960+00:00,None,1.0,36.65,0.269,power,36.65,None,255.0,None,1.27,None,measurement,21.0,None,{'state': None},10.48,230.0
2022-04-25 10:19:34.836783+00:00,None,1.0,36.65,0.269,power,36.65,None,255.0,None,1.27,None,measurement,21.0,None,{'state': None},1.27,230.0
2022-04-25 10:21:03.023288+00:00,None,1.0,36.66,0.0038,power,36.66,None,255.0,None,0.86,None,measurement,21.0,None,{'state': None},1.27,223.0
2022-04-25 10:21:03.024536+00:00,None,1.0,36.66,0.0038,power,36.66,None,255.0,None,0.86,None,measurement,21.0,None,{'state': None},0.86,223.0
2022-04-25 10:28:21.873643+00:00,None,1.0,36.66,0.0044,power,36.66,None,255.0,None,0.98,None,measurement,22.0,None,{'state': None},0.86,223.0
2022-04-25 10:28:21.876320+00:00,None,1.0,36.66,0.0044,power,36.66,None,255.0,None,0.98,None,measurement,22.0,None,{'state': None},0.98,223.0
2022-04-25 10:33:26.839273+00:00,None,1.0,36.66,0.0028,power,36.66,None,255.0,None,0.63,None,measurement,21.0,None,{'state': None},0.98,223.0
2022-04-25 10:33:26.841214+00:00,None,1.0,36.66,0.0028,power,36.66,None,255.0,None,0.63,None,measurement,21.0,None,{'state': None},0.63,223.0
2022-04-25 10:39:28.042044+00:00,None,1.0,36.66,0.003,power,36.66,None,255.0,None,0.66,None,measurement,21.0,None,{'state': None},0.63,223.0
2022-04-25 10:39:28.043462+00:00,None,1.0,36.66,0.003,power,36.66,None,255.0,None,0.66,None,measurement,21.0,None,{'state': None},0.66,223.0
2022-04-25 10:45:32.294974+00:00,None,1.0,36.66,0.0025,power,36.66,None,255.0,None,0.58,None,measurement,21.0,None,{'state': None},0.66,230.0
2022-04-25 10:45:32.298018+00:00,None,1.0,36.66,0.0025,power,36.66,None,255.0,None,0.58,None,measurement,21.0,None,{'state': None},0.58,230.0
2022-04-25 10:51:29.375044+00:00,None,1.0,36.66,0.0038,power,36.66,None,255.0,None,0.86,None,measurement,21.0,None,{'state': None},0.58,223.0
2022-04-25 10:51:29.377402+00:00,None,1.0,36.66,0.0038,power,36.66,None,255.0,None,0.86,None,measurement,21.0,None,{'state': None},0.86,223.0
2022-04-25 10:57:59.402594+00:00,None,1.0,36.66,0.0035,power,36.66,None,255.0,None,0.8,None,measurement,21.0,None,{'state': None},0.86,230.0
2022-04-25 10:57:59.403880+00:00,None,1.0,36.66,0.0035,power,36.66,None,255.0,None,0.8,None,measurement,21.0,None,{'state': None},0.8,230.0
2022-04-25 11:04:50.124251+00:00,None,1.0,36.66,0.0028,power,36.66,None,255.0,None,0.65,None,measurement,21.0,None,{'state': None},0.8,230.0
2022-04-25 11:04:50.126874+00:00,None,1.0,36.66,0.0028,power,36.66,None,255.0,None,0.65,None,measurement,21.0,None,{'state': None},0.65,230.0
2022-04-25 11:10:50.741824+00:00,None,1.0,36.66,0.0039,power,36.66,None,255.0,None,0.9,None,measurement,21.0,None,{'state': None},0.65,230.0
2022-04-25 11:10:50.743897+00:00,None,1.0,36.66,0.0039,power,36.66,None,255.0,None,0.9,None,measurement,21.0,None,{'state': None},0.9,230.0
2022-04-25 11:17:52.429155+00:00,None,1.0,36.66,0.0037,power,36.66,None,255.0,None,0.85,None,measurement,21.0,None,{'state': None},0.9,230.0
2022-04-25 11:17:52.431921+00:00,None,1.0,36.66,0.0037,power,36.66,None,255.0,None,0.85,None,measurement,21.0,None,{'state': None},0.85,230.0
2022-04-25 11:25:11.272498+00:00,None,1.0,36.66,0.0026,power,36.66,None,255.0,None,0.6,None,measurement,21.0,None,{'state': None},0.85,230.0
2022-04-25 11:25:11.275105+00:00,None,1.0,36.66,0.0026,power,36.66,None,255.0,None,0.6,None,measurement,21.0,None,{'state': None},0.6,230.0
2022-04-25 11:31:22.264274+00:00,None,1.0,36.66,0.0035,power,36.66,None,255.0,None,0.8,None,measurement,21.0,None,{'state': None},0.6,230.0
2022-04-25 11:31:22.267360+00:00,None,1.0,36.66,0.0035,power,36.66,None,255.0,None,0.8,None,measurement,21.0,None,{'state': None},0.8,230.0
2022-04-25 11:38:54.116463+00:00,None,1.0,36.66,0.0029,power,36.66,None,255.0,None,0.66,None,measurement,21.0,None,{'state': None},0.8,230.0
2022-04-25 11:38:54.121474+00:00,None,1.0,36.66,0.0029,power,36.66,None,255.0,None,0.66,None,measurement,21.0,None,{'state': None},0.66,230.0
2022-04-25 11:44:33.136855+00:00,None,1.0,36.66,0.0033,power,36.66,None,255.0,None,0.73,None,measurement,21.0,None,{'state': None},0.66,223.0
2022-04-25 11:44:33.139477+00:00,None,1.0,36.66,0.0033,power,36.66,None,255.0,None,0.73,None,measurement,21.0,None,{'state': None},0.73,223.0
2022-04-25 11:50:05.621380+00:00,None,1.0,36.66,0.0028,power,36.66,None,255.0,None,0.63,None,measurement,21.0,None,{'state': None},0.73,223.0
2022-04-25 11:50:05.622970+00:00,None,1.0,36.66,0.0028,power,36.66,None,255.0,None,0.63,None,measurement,21.0,None,{'state': None},0.63,223.0
2022-04-25 11:57:06.831068+00:00,None,1.0,36.66,0.0038,power,36.66,None,255.0,None,0.85,None,measurement,21.0,None,{'state': None},0.63,223.0
2022-04-25 11:57:06.834077+00:00,None,1.0,36.66,0.0038,power,36.66,None,255.0,None,0.85,None,measurement,21.0,None,{'state': None},0.85,223.0
2022-04-25 12:03:40.321375+00:00,None,1.0,36.66,0.0032,power,36.66,None,255.0,None,0.7,None,measurement,21.0,None,{'state': None},0.85,223.0
2022-04-25 12:03:40.322897+00:00,None,1.0,36.66,0.0032,power,36.66,None,255.0,None,0.7,None,measurement,21.0,None,{'state': None},0.7,223.0
2022-04-25 12:10:01.416898+00:00,None,1.0,36.66,0.0029,power,36.66,None,255.0,None,0.65,None,measurement,21.0,None,{'state': None},0.7,223.0
2022-04-25 12:10:01.419706+00:00,None,1.0,36.66,0.0029,power,36.66,None,255.0,None,0.65,None,measurement,21.0,None,{'state': None},0.65,223.0
2022-04-25 12:16:07.940174+00:00,None,1.0,36.66,0.0041,power,36.66,None,255.0,None,0.91,None,measurement,21.0,None,{'state': None},0.65,223.0
2022-04-25 12:16:07.942445+00:00,None,1.0,36.66,0.0041,power,36.66,None,255.0,None,0.91,None,measurement,21.0,None,{'state': None},0.91,223.0
2022-04-25 12:21:22.455189+00:00,None,1.0,36.66,0.0026,power,36.66,None,255.0,None,0.59,None,measurement,21.0,None,{'state': None},0.91,223.0
2022-04-25 12:21:22.457239+00:00,None,1.0,36.66,0.0026,power,36.66,None,255.0,None,0.59,None,measurement,21.0,None,{'state': None},0.59,223.0
2022-04-25 12:26:54.339509+00:00,None,1.0,36.66,0.0041,power,36.66,None,255.0,None,0.91,None,measurement,21.0,None,{'state': None},0.59,223.0
2022-04-25 12:26:54.341231+00:00,None,1.0,36.66,0.0041,power,36.66,None,255.0,None,0.91,None,measurement,21.0,None,{'state': None},0.91,223.0
2022-04-25 12:32:36.416747+00:00,None,1.0,36.66,0.0029,power,36.66,None,255.0,None,0.64,None,measurement,21.0,None,{'state': None},0.91,223.0
2022-04-25 12:32:36.418601+00:00,None,1.0,36.66,0.0029,power,36.66,None,255.0,None,0.64,None,measurement,21.0,None,{'state': None},0.64,223.0
2022-04-25 12:38:40.814427+00:00,None,1.0,36.66,0.0038,power,36.66,None,255.0,None,0.86,None,measurement,21.0,None,{'state': None},0.64,223.0
2022-04-25 12:38:40.815715+00:00,None,1.0,36.66,0.0038,power,36.66,None,255.0,None,0.86,None,measurement,21.0,None,{'state': None},0.86,223.0
2022-04-25 12:44:37.616673+00:00,None,1.0,36.66,0.0028,power,36.66,None,255.0,None,0.62,None,measurement,21.0,None,{'state': None},0.86,223.0
2022-04-25 12:44:37.619005+00:00,None,1.0,36.66,0.0028,power,36.66,None,255.0,None,0.62,None,measurement,21.0,None,{'state': None},0.62,223.0
2022-04-25 12:51:54.039251+00:00,None,1.0,36.66,0.0027,power,36.66,None,255.0,None,0.61,None,measurement,21.0,None,{'state': None},0.62,223.0
2022-04-25 12:51:54.040656+00:00,None,1.0,36.66,0.0027,power,36.66,None,255.0,None,0.61,None,measurement,21.0,None,{'state': None},0.61,223.0
2022-04-25 12:59:34.643639+00:00,None,1.0,36.66,0.0035,power,36.66,None,255.0,None,0.81,None,measurement,21.0,None,{'state': None},0.61,230.0
2022-04-25 12:59:34.645146+00:00,None,1.0,36.66,0.0035,power,36.66,None,255.0,None,0.81,None,measurement,21.0,None,{'state': None},0.81,230.0
2022-04-25 13:06:14.284405+00:00,None,1.0,36.66,0.003,power,36.66,None,255.0,None,0.66,None,measurement,21.0,None,{'state': None},0.81,223.0
2022-04-25 13:06:14.286780+00:00,None,1.0,36.66,0.003,power,36.66,None,255.0,None,0.66,None,measurement,21.0,None,{'state': None},0.66,223.0
2022-04-25 13:11:22.844664+00:00,None,1.0,36.66,0.0026,power,36.66,None,255.0,None,0.59,None,measurement,21.0,None,{'state': None},0.66,223.0
2022-04-25 13:11:22.848184+00:00,None,1.0,36.66,0.0026,power,36.66,None,255.0,None,0.59,None,measurement,21.0,None,{'state': None},0.59,223.0
2022-04-25 13:18:57.512186+00:00,None,1.0,36.66,0.0038,power,36.66,None,255.0,None,0.84,None,measurement,21.0,None,{'state': None},0.59,223.0
2022-04-25 13:18:57.514888+00:00,None,1.0,36.66,0.0038,power,36.66,None,255.0,None,0.84,None,measurement,21.0,None,{'state': None},0.84,223.0
2022-04-25 13:24:47.937202+00:00,None,1.0,36.66,0.0033,power,36.66,None,255.0,None,0.74,None,measurement,21.0,None,{'state': None},0.84,223.0
2022-04-25 13:24:47.938786+00:00,None,1.0,36.66,0.0033,power,36.66,None,255.0,None,0.74,None,measurement,21.0,None,{'state': None},0.74,223.0
2022-04-25 13:31:58.032722+00:00,None,1.0,36.66,0.0034,power,36.66,None,255.0,None,0.75,None,measurement,21.0,None,{'state': None},0.74,223.0
2022-04-25 13:31:58.034684+00:00,None,1.0,36.66,0.0034,power,36.66,None,255.0,None,0.75,None,measurement,21.0,None,{'state': None},0.75,223.0
2022-04-25 13:37:45.008798+00:00,None,1.0,36.66,0.0041,power,36.66,None,255.0,None,0.95,None,measurement,21.0,None,{'state': None},0.75,230.0
2022-04-25 13:37:45.010678+00:00,None,1.0,36.66,0.0041,power,36.66,None,255.0,None,0.95,None,measurement,21.0,None,{'state': None},0.95,230.0
2022-04-25 13:43:44.413264+00:00,None,1.0,36.66,0.0032,power,36.66,None,255.0,None,0.74,None,measurement,21.0,None,{'state': None},0.95,230.0
2022-04-25 13:43:44.415186+00:00,None,1.0,36.66,0.0032,power,36.66,None,255.0,None,0.74,None,measurement,21.0,None,{'state': None},0.74,230.0
2022-04-25 13:51:00.008186+00:00,None,1.0,36.66,0.0031,power,36.66,None,255.0,None,0.71,None,measurement,21.0,None,{'state': None},0.74,230.0
2022-04-25 13:51:00.009882+00:00,None,1.0,36.66,0.0031,power,36.66,None,255.0,None,0.71,None,measurement,21.0,None,{'state': None},0.71,230.0
2022-04-25 13:56:14.046952+00:00,None,1.0,36.66,0.0025,power,36.66,None,255.0,None,0.59,None,measurement,21.0,None,{'state': None},0.71,230.0
2022-04-25 13:56:14.049887+00:00,None,1.0,36.66,0.0025,power,36.66,None,255.0,None,0.59,None,measurement,21.0,None,{'state': None},0.59,230.0
2022-04-25 14:03:35.627793+00:00,None,1.0,36.66,0.004,power,36.66,None,255.0,None,0.92,None,measurement,21.0,None,{'state': None},0.59,230.0
2022-04-25 14:03:35.632922+00:00,None,1.0,36.66,0.004,power,36.66,None,255.0,None,0.92,None,measurement,21.0,None,{'state': None},0.92,230.0
2022-04-25 14:11:10.890643+00:00,None,1.0,36.66,0.0028,power,36.66,None,255.0,None,0.63,None,measurement,21.0,None,{'state': None},0.92,223.0
2022-04-25 14:11:10.893103+00:00,None,1.0,36.66,0.0028,power,36.66,None,255.0,None,0.63,None,measurement,21.0,None,{'state': None},0.63,223.0
2022-04-25 14:17:38.300137+00:00,None,1.0,36.66,0.0029,power,36.66,None,255.0,None,0.67,None,measurement,21.0,None,{'state': None},0.63,230.0
2022-04-25 14:17:38.302396+00:00,None,1.0,36.66,0.0029,power,36.66,None,255.0,None,0.67,None,measurement,21.0,None,{'state': None},0.67,230.0
2022-04-25 14:24:16.713154+00:00,None,1.0,36.66,0.0027,power,36.66,None,255.0,None,0.62,None,measurement,21.0,None,{'state': None},0.67,230.0
2022-04-25 14:24:16.716260+00:00,None,1.0,36.66,0.0027,power,36.66,None,255.0,None,0.62,None,measurement,21.0,None,{'state': None},0.62,230.0
2022-04-25 14:29:56.848372+00:00,None,1.0,36.66,0.0031,power,36.66,None,255.0,None,0.7,None,measurement,21.0,None,{'state': None},0.62,230.0
2022-04-25 14:29:56.853169+00:00,None,1.0,36.66,0.0031,power,36.66,None,255.0,None,0.7,None,measurement,21.0,None,{'state': None},0.7,230.0
2022-04-25 14:35:17.837824+00:00,None,1.0,36.66,0.0031,power,36.66,None,255.0,None,0.69,None,measurement,21.0,None,{'state': None},0.7,223.0
2022-04-25 14:35:17.839232+00:00,None,1.0,36.66,0.0031,power,36.66,None,255.0,None,0.69,None,measurement,21.0,None,{'state': None},0.69,223.0
2022-04-25 14:42:16.418155+00:00,None,1.0,36.66,0.003,power,36.66,None,255.0,None,0.68,None,measurement,21.0,None,{'state': None},0.69,223.0
2022-04-25 14:42:16.420495+00:00,None,1.0,36.66,0.003,power,36.66,None,255.0,None,0.68,None,measurement,21.0,None,{'state': None},0.68,223.0
2022-04-25 14:47:39.420033+00:00,None,1.0,36.66,0.0033,power,36.66,None,255.0,None,0.73,None,measurement,21.0,None,{'state': None},0.68,223.0
2022-04-25 14:47:39.422642+00:00,None,1.0,36.66,0.0033,power,36.66,None,255.0,None,0.73,None,measurement,21.0,None,{'state': None},0.73,223.0
2022-04-25 14:53:46.163734+00:00,None,1.0,36.66,0.0031,power,36.66,None,255.0,None,0.7,None,measurement,21.0,None,{'state': None},0.73,223.0
2022-04-25 14:53:46.166350+00:00,None,1.0,36.66,0.0031,power,36.66,None,255.0,None,0.7,None,measurement,21.0,None,{'state': None},0.7,223.0
2022-04-25 14:59:00.898693+00:00,None,1.0,36.66,0.0029,power,36.66,None,255.0,None,0.64,None,measurement,21.0,None,{'state': None},0.7,223.0
2022-04-25 14:59:00.900875+00:00,None,1.0,36.66,0.0029,power,36.66,None,255.0,None,0.64,None,measurement,21.0,None,{'state': None},0.64,223.0
2022-04-25 15:06:35.087737+00:00,None,1.0,36.66,0.0025,power,36.66,None,255.0,None,0.58,None,measurement,21.0,None,{'state': None},0.64,230.0
2022-04-25 15:06:35.092690+00:00,None,1.0,36.66,0.0025,power,36.66,None,255.0,None,0.58,None,measurement,21.0,None,{'state': None},0.58,230.0
2022-04-25 15:14:24.673190+00:00,None,1.0,36.66,0.0031,power,36.66,None,255.0,None,0.72,None,measurement,21.0,None,{'state': None},0.58,230.0
2022-04-25 15:14:24.675564+00:00,None,1.0,36.66,0.0031,power,36.66,None,255.0,None,0.72,None,measurement,21.0,None,{'state': None},0.72,230.0
2022-04-25 15:20:58.955825+00:00,None,1.0,36.66,0.0024,power,36.66,None,255.0,None,0.56,None,measurement,21.0,None,{'state': None},0.72,230.0
2022-04-25 15:20:58.958424+00:00,None,1.0,36.66,0.0024,power,36.66,None,255.0,None,0.56,None,measurement,21.0,None,{'state': None},0.56,230.0
2022-04-25 15:26:16.615792+00:00,None,1.0,36.66,0.0037,power,36.66,None,255.0,None,0.86,None,measurement,21.0,None,{'state': None},0.56,230.0
2022-04-25 15:26:16.617821+00:00,None,1.0,36.66,0.0037,power,36.66,None,255.0,None,0.86,None,measurement,21.0,None,{'state': None},0.86,230.0
2022-04-25 15:33:33.728157+00:00,None,1.0,36.66,0.0029,power,36.66,None,255.0,None,0.66,None,measurement,21.0,None,{'state': None},0.86,230.0
2022-04-25 15:33:33.731179+00:00,None,1.0,36.66,0.0029,power,36.66,None,255.0,None,0.66,None,measurement,21.0,None,{'state': None},0.66,230.0
2022-04-25 15:40:45.417621+00:00,None,1.0,36.66,0.0025,power,36.66,None,255.0,None,0.58,None,measurement,21.0,None,{'state': None},0.66,230.0
2022-04-25 15:40:45.421618+00:00,None,1.0,36.66,0.0025,power,36.66,None,255.0,None,0.58,None,measurement,21.0,None,{'state': None},0.58,230.0
2022-04-25 15:48:36.596882+00:00,None,1.0,36.66,0.0037,power,36.66,None,255.0,None,0.84,None,measurement,21.0,None,{'state': None},0.58,230.0
2022-04-25 15:48:36.600792+00:00,None,1.0,36.66,0.0037,power,36.66,None,255.0,None,0.84,None,measurement,21.0,None,{'state': None},0.84,230.0
2022-04-25 15:55:29.346584+00:00,None,1.0,36.66,0.0039,power,36.66,None,255.0,None,0.89,None,measurement,21.0,None,{'state': None},0.84,230.0
2022-04-25 15:55:29.349517+00:00,None,1.0,36.66,0.0039,power,36.66,None,255.0,None,0.89,None,measurement,21.0,None,{'state': None},0.89,230.0
2022-04-25 16:01:39.019483+00:00,None,1.0,36.66,0.0025,power,36.66,None,255.0,None,0.58,None,measurement,21.0,None,{'state': None},0.89,230.0
2022-04-25 16:01:39.021283+00:00,None,1.0,36.66,0.0025,power,36.66,None,255.0,None,0.58,None,measurement,21.0,None,{'state': None},0.58,230.0
2022-04-25 16:09:40.080413+00:00,None,1.0,36.66,0.0041,power,36.66,None,255.0,None,0.94,None,measurement,21.0,None,{'state': None},0.58,230.0
2022-04-25 16:09:40.083886+00:00,None,1.0,36.66,0.0041,power,36.66,None,255.0,None,0.94,None,measurement,21.0,None,{'state': None},0.94,230.0
2022-04-25 16:15:13.066850+00:00,None,1.0,36.66,0.0028,power,36.66,None,255.0,None,0.65,None,measurement,21.0,None,{'state': None},0.94,230.0
2022-04-25 16:15:13.069798+00:00,None,1.0,36.66,0.0028,power,36.66,None,255.0,None,0.65,None,measurement,21.0,None,{'state': None},0.65,230.0
2022-04-25 16:28:14.156518+00:00,None,1.0,36.66,0.0038,power,36.66,None,255.0,None,0.86,None,measurement,21.0,None,{'state': None},0.65,223.0
2022-04-25 16:28:14.159109+00:00,None,1.0,36.66,0.0038,power,36.66,None,255.0,None,0.86,None,measurement,21.0,None,{'state': None},0.86,223.0
2022-04-25 16:33:59.164108+00:00,None,1.0,36.66,0.0037,power,36.66,None,255.0,None,0.84,None,measurement,21.0,None,{'state': None},0.86,223.0
2022-04-25 16:33:59.167376+00:00,None,1.0,36.66,0.0037,power,36.66,None,255.0,None,0.84,None,measurement,21.0,None,{'state': None},0.84,223.0
2022-04-25 16:41:07.289614+00:00,None,1.0,36.66,0.0038,power,36.66,None,255.0,None,0.85,None,measurement,21.0,None,{'state': None},0.84,223.0
2022-04-25 16:41:07.290918+00:00,None,1.0,36.66,0.0038,power,36.66,None,255.0,None,0.85,None,measurement,21.0,None,{'state': None},0.85,223.0
2022-04-25 16:48:06.484725+00:00,None,1.0,36.66,0.0086,power,36.66,None,255.0,None,1.92,None,measurement,21.0,None,{'state': None},0.85,223.0
2022-04-25 16:48:06.486418+00:00,None,1.0,36.66,0.0086,power,36.66,None,255.0,None,1.92,None,measurement,21.0,None,{'state': None},1.92,223.0
2022-04-25 16:55:32.693046+00:00,None,1.0,36.66,0.0087,power,36.66,None,255.0,None,1.95,None,measurement,21.0,None,{'state': None},1.92,223.0
2022-04-25 16:55:32.695281+00:00,None,1.0,36.66,0.0087,power,36.66,None,255.0,None,1.95,None,measurement,21.0,None,{'state': None},1.95,223.0
2022-04-25 17:02:20.876073+00:00,None,1.0,36.66,0.0086,power,36.66,None,255.0,None,1.93,None,measurement,21.0,None,{'state': None},1.95,223.0
2022-04-25 17:02:20.882527+00:00,None,1.0,36.66,0.0086,power,36.66,None,255.0,None,1.93,None,measurement,21.0,None,{'state': None},1.93,223.0
2022-04-25 17:09:50.512023+00:00,None,1.0,36.66,0.0076,power,36.66,None,255.0,None,1.75,None,measurement,21.0,None,{'state': None},1.93,230.0
2022-04-25 17:09:50.514631+00:00,None,1.0,36.66,0.0076,power,36.66,None,255.0,None,1.75,None,measurement,21.0,None,{'state': None},1.75,230.0
2022-04-25 17:16:02.003777+00:00,None,1.0,36.66,0.0087,power,36.66,None,255.0,None,2.0,None,measurement,22.0,None,{'state': None},1.75,230.0
2022-04-25 17:16:02.006618+00:00,None,1.0,36.66,0.0087,power,36.66,None,255.0,None,2.0,None,measurement,22.0,None,{'state': None},2.0,230.0
2022-04-25 17:23:00.463314+00:00,None,1.0,36.66,0.0087,power,36.66,None,255.0,None,1.93,None,measurement,21.0,None,{'state': None},2.0,223.0
2022-04-25 17:23:00.464741+00:00,None,1.0,36.66,0.0087,power,36.66,None,255.0,None,1.93,None,measurement,21.0,None,{'state': None},1.93,223.0
2022-04-25 17:30:25.957820+00:00,None,1.0,36.66,0.0085,power,36.66,None,255.0,None,1.9,None,measurement,21.0,None,{'state': None},1.93,223.0
2022-04-25 17:30:25.959267+00:00,None,1.0,36.66,0.0085,power,36.66,None,255.0,None,1.9,None,measurement,21.0,None,{'state': None},1.9,223.0
2022-04-25 17:36:22.451339+00:00,None,1.0,36.66,0.0099,power,36.66,None,255.0,None,2.21,None,measurement,21.0,None,{'state': None},1.9,223.0
2022-04-25 17:36:22.453843+00:00,None,1.0,36.66,0.0099,power,36.66,None,255.0,None,2.21,None,measurement,21.0,None,{'state': None},2.21,223.0
2022-04-25 17:41:46.476651+00:00,None,1.0,36.66,0.0082,power,36.66,None,255.0,None,1.84,None,measurement,22.0,None,{'state': None},2.21,223.0
2022-04-25 17:41:46.479201+00:00,None,1.0,36.66,0.0082,power,36.66,None,255.0,None,1.84,None,measurement,22.0,None,{'state': None},1.84,223.0
2022-04-25 17:46:54.360505+00:00,None,1.0,36.66,0.0115,power,36.66,None,255.0,None,2.57,None,measurement,21.0,None,{'state': None},1.84,223.0
2022-04-25 17:46:54.363309+00:00,None,1.0,36.66,0.0115,power,36.66,None,255.0,None,2.57,None,measurement,21.0,None,{'state': None},2.57,223.0
2022-04-25 17:52:54.550049+00:00,None,1.0,36.66,0.0091,power,36.66,None,255.0,None,2.03,None,measurement,22.0,None,{'state': None},2.57,223.0
2022-04-25 17:52:54.553854+00:00,None,1.0,36.66,0.0091,power,36.66,None,255.0,None,2.03,None,measurement,22.0,None,{'state': None},2.03,223.0
2022-04-25 17:59:04.832281+00:00,None,1.0,36.66,0.0088,power,36.66,None,255.0,None,1.97,None,measurement,22.0,None,{'state': None},2.03,223.0
2022-04-25 17:59:04.834580+00:00,None,1.0,36.66,0.0088,power,36.66,None,255.0,None,1.97,None,measurement,22.0,None,{'state': None},1.97,223.0
2022-04-25 18:04:50.224263+00:00,None,1.0,36.66,0.0083,power,36.66,None,255.0,None,1.84,None,measurement,22.0,None,{'state': None},1.97,223.0
2022-04-25 18:04:50.226947+00:00,None,1.0,36.66,0.0083,power,36.66,None,255.0,None,1.84,None,measurement,22.0,None,{'state': None},1.84,223.0
2022-04-25 18:12:46.073727+00:00,None,1.0,36.66,0.0084,power,36.66,None,255.0,None,1.87,None,measurement,22.0,None,{'state': None},1.84,223.0
2022-04-25 18:12:46.075690+00:00,None,1.0,36.66,0.0084,power,36.66,None,255.0,None,1.87,None,measurement,22.0,None,{'state': None},1.87,223.0
2022-04-25 18:18:38.899653+00:00,None,1.0,36.66,0.0083,power,36.66,None,255.0,None,1.86,None,measurement,22.0,None,{'state': None},1.87,223.0
2022-04-25 18:18:38.904234+00:00,None,1.0,36.66,0.0083,power,36.66,None,255.0,None,1.86,None,measurement,22.0,None,{'state': None},1.86,223.0
2022-04-25 18:25:48.973130+00:00,None,1.0,36.66,0.0126,power,36.66,None,255.0,None,2.81,None,measurement,22.0,None,{'state': None},1.86,223.0
2022-04-25 18:25:48.976157+00:00,None,1.0,36.66,0.0126,power,36.66,None,255.0,None,2.81,None,measurement,22.0,None,{'state': None},2.81,223.0
2022-04-25 18:32:34.340325+00:00,None,1.0,36.66,0.0083,power,36.66,None,255.0,None,1.84,None,measurement,22.0,None,{'state': None},2.81,223.0
2022-04-25 18:32:34.343061+00:00,None,1.0,36.66,0.0083,power,36.66,None,255.0,None,1.84,None,measurement,22.0,None,{'state': None},1.84,223.0
2022-04-25 18:38:28.405275+00:00,None,1.0,36.66,0.0096,power,36.66,None,255.0,None,2.15,None,measurement,22.0,None,{'state': None},1.84,223.0
2022-04-25 18:38:28.407943+00:00,None,1.0,36.66,0.0096,power,36.66,None,255.0,None,2.15,None,measurement,22.0,None,{'state': None},2.15,223.0
2022-04-25 18:44:35.963958+00:00,None,1.0,36.66,0.0094,power,36.66,None,255.0,None,2.09,None,measurement,22.0,None,{'state': None},2.15,223.0
2022-04-25 18:44:35.966403+00:00,None,1.0,36.66,0.0094,power,36.66,None,255.0,None,2.09,None,measurement,22.0,None,{'state': None},2.09,223.0
2022-04-25 18:52:15.061559+00:00,None,1.0,36.66,0.0083,power,36.66,None,255.0,None,1.86,None,measurement,22.0,None,{'state': None},2.09,223.0
2022-04-25 18:52:15.063876+00:00,None,1.0,36.66,0.0083,power,36.66,None,255.0,None,1.86,None,measurement,22.0,None,{'state': None},1.86,223.0
2022-04-25 18:57:49.664060+00:00,None,1.0,36.66,0.0081,power,36.66,None,255.0,None,1.81,None,measurement,21.0,None,{'state': None},1.86,223.0
2022-04-25 18:57:49.665429+00:00,None,1.0,36.66,0.0081,power,36.66,None,255.0,None,1.81,None,measurement,21.0,None,{'state': None},1.81,223.0
2022-04-25 19:03:09.024395+00:00,None,1.0,36.66,0.0081,power,36.66,None,255.0,None,1.8,None,measurement,21.0,None,{'state': None},1.81,223.0
2022-04-25 19:03:09.027196+00:00,None,1.0,36.66,0.0081,power,36.66,None,255.0,None,1.8,None,measurement,21.0,None,{'state': None},1.8,223.0
2022-04-25 19:09:30.198407+00:00,None,1.0,36.66,0.0084,power,36.66,None,255.0,None,1.88,None,measurement,21.0,None,{'state': None},1.8,223.0
2022-04-25 19:09:30.201905+00:00,None,1.0,36.66,0.0084,power,36.66,None,255.0,None,1.88,None,measurement,21.0,None,{'state': None},1.88,223.0
2022-04-25 19:15:30.107088+00:00,None,1.0,36.66,0.0087,power,36.66,None,255.0,None,1.94,None,measurement,21.0,None,{'state': None},1.88,223.0
2022-04-25 19:15:30.109483+00:00,None,1.0,36.66,0.0087,power,36.66,None,255.0,None,1.94,None,measurement,21.0,None,{'state': None},1.94,223.0
2022-04-25 19:20:42.839546+00:00,None,1.0,36.66,0.012,power,36.66,None,255.0,None,2.67,None,measurement,21.0,None,{'state': None},1.94,223.0
2022-04-25 19:20:42.842584+00:00,None,1.0,36.66,0.012,power,36.66,None,255.0,None,2.67,None,measurement,21.0,None,{'state': None},2.67,223.0
2022-04-25 19:27:21.740160+00:00,None,1.0,36.66,0.0083,power,36.66,None,255.0,None,1.85,None,measurement,21.0,None,{'state': None},2.67,223.0
2022-04-25 19:27:21.742472+00:00,None,1.0,36.66,0.0083,power,36.66,None,255.0,None,1.85,None,measurement,21.0,None,{'state': None},1.85,223.0
2022-04-25 19:30:28.951243+00:00,None,1.0,36.66,0.0083,power,36.66,None,255.0,None,60.36,None,measurement,21.0,None,{'state': None},1.85,223.0
2022-04-25 19:30:28.952968+00:00,None,1.0,36.66,0.0083,power,36.66,None,255.0,None,60.36,None,measurement,21.0,None,{'state': None},60.36,223.0
2022-04-25 19:30:59.204134+00:00,None,1.0,36.66,0.0083,power,36.66,None,255.0,None,49.8,None,measurement,21.0,None,{'state': None},60.36,223.0
2022-04-25 19:30:59.206467+00:00,None,1.0,36.66,0.0083,power,36.66,None,255.0,None,49.8,None,measurement,21.0,None,{'state': None},49.8,223.0
2022-04-25 19:31:09.659385+00:00,None,1.0,36.66,0.0083,power,36.66,None,255.0,None,1.88,None,measurement,21.0,None,{'state': None},49.8,223.0
2022-04-25 19:31:09.661509+00:00,None,1.0,36.66,0.0083,power,36.66,None,255.0,None,1.88,None,measurement,21.0,None,{'state': None},1.88,223.0
2022-04-25 19:31:10.980945+00:00,None,1.0,36.66,0.0083,power,36.66,None,255.0,None,45.73,None,measurement,21.0,None,{'state': None},1.88,223.0
2022-04-25 19:31:10.983648+00:00,None,1.0,36.66,0.0083,power,36.66,None,255.0,None,45.73,None,measurement,21.0,None,{'state': None},45.73,223.0
2022-04-25 19:31:52.413278+00:00,None,1.0,36.66,0.0083,power,36.66,None,255.0,None,41.92,None,measurement,21.0,None,{'state': None},45.73,223.0
2022-04-25 19:31:52.415727+00:00,None,1.0,36.66,0.0083,power,36.66,None,255.0,None,41.92,None,measurement,21.0,None,{'state': None},41.92,223.0
2022-04-25 19:31:53.731172+00:00,None,1.0,36.66,0.0083,power,36.66,None,255.0,None,45.73,None,measurement,21.0,None,{'state': None},41.92,223.0
2022-04-25 19:31:53.733119+00:00,None,1.0,36.66,0.0083,power,36.66,None,255.0,None,45.73,None,measurement,21.0,None,{'state': None},45.73,223.0
2022-04-25 19:32:00.281014+00:00,None,1.0,36.66,0.0083,power,36.66,None,255.0,None,50.3,None,measurement,21.0,None,{'state': None},45.73,223.0
2022-04-25 19:32:00.283357+00:00,None,1.0,36.66,0.0083,power,36.66,None,255.0,None,50.3,None,measurement,21.0,None,{'state': None},50.3,223.0
2022-04-25 19:32:10.249579+00:00,None,1.0,36.66,0.0083,power,36.66,None,255.0,None,45.73,None,measurement,21.0,None,{'state': None},50.3,223.0
2022-04-25 19:32:10.251693+00:00,None,1.0,36.66,0.0083,power,36.66,None,255.0,None,45.73,None,measurement,21.0,None,{'state': None},45.73,223.0
2022-04-25 19:32:12.776046+00:00,None,1.0,36.66,0.0083,power,36.66,None,255.0,None,50.3,None,measurement,21.0,None,{'state': None},45.73,223.0
2022-04-25 19:32:12.781392+00:00,None,1.0,36.66,0.0083,power,36.66,None,255.0,None,50.3,None,measurement,21.0,None,{'state': None},50.3,223.0
2022-04-25 19:32:13.983658+00:00,None,1.0,36.66,0.0083,power,36.66,None,255.0,None,45.73,None,measurement,21.0,None,{'state': None},50.3,223.0
2022-04-25 19:32:13.986322+00:00,None,1.0,36.66,0.0083,power,36.66,None,255.0,None,45.73,None,measurement,21.0,None,{'state': None},45.73,223.0
2022-04-25 19:32:15.190189+00:00,None,1.0,36.66,0.0083,power,36.66,None,255.0,None,50.3,None,measurement,21.0,None,{'state': None},45.73,223.0
2022-04-25 19:32:15.192208+00:00,None,1.0,36.66,0.0083,power,36.66,None,255.0,None,50.3,None,measurement,21.0,None,{'state': None},50.3,223.0
2022-04-25 19:32:21.647538+00:00,None,1.0,36.66,0.0083,power,36.66,None,255.0,None,45.73,None,measurement,21.0,None,{'state': None},50.3,223.0
2022-04-25 19:32:21.649078+00:00,None,1.0,36.66,0.0083,power,36.66,None,255.0,None,45.73,None,measurement,21.0,None,{'state': None},45.73,223.0
2022-04-25 19:32:24.359783+00:00,None,1.0,36.66,0.0083,power,36.66,None,255.0,None,50.3,None,measurement,21.0,None,{'state': None},45.73,223.0
2022-04-25 19:32:24.362603+00:00,None,1.0,36.66,0.0083,power,36.66,None,255.0,None,50.3,None,measurement,21.0,None,{'state': None},50.3,223.0
2022-04-25 19:32:26.795398+00:00,None,1.0,36.66,0.0083,power,36.66,None,255.0,None,45.73,None,measurement,21.0,None,{'state': None},50.3,223.0
2022-04-25 19:32:26.796701+00:00,None,1.0,36.66,0.0083,power,36.66,None,255.0,None,45.73,None,measurement,21.0,None,{'state': None},45.73,223.0
2022-04-25 19:32:28.004087+00:00,None,1.0,36.66,0.0083,power,36.66,None,255.0,None,50.3,None,measurement,21.0,None,{'state': None},45.73,223.0
2022-04-25 19:32:28.006581+00:00,None,1.0,36.66,0.0083,power,36.66,None,255.0,None,50.3,None,measurement,21.0,None,{'state': None},50.3,223.0
2022-04-25 19:32:29.216145+00:00,None,1.0,36.66,0.0083,power,36.66,None,255.0,None,45.73,None,measurement,21.0,None,{'state': None},50.3,223.0
2022-04-25 19:32:29.218454+00:00,None,1.0,36.66,0.0083,power,36.66,None,255.0,None,45.73,None,measurement,21.0,None,{'state': None},45.73,223.0
2022-04-25 19:32:30.525132+00:00,None,1.0,36.66,0.0083,power,36.66,None,255.0,None,50.3,None,measurement,21.0,None,{'state': None},45.73,223.0
2022-04-25 19:32:30.527465+00:00,None,1.0,36.66,0.0083,power,36.66,None,255.0,None,50.3,None,measurement,21.0,None,{'state': None},50.3,223.0
2022-04-25 19:32:41.818678+00:00,None,1.0,36.66,0.0083,power,36.66,None,255.0,None,45.73,None,measurement,21.0,None,{'state': None},50.3,223.0
2022-04-25 19:32:41.821170+00:00,None,1.0,36.66,0.0083,power,36.66,None,255.0,None,45.73,None,measurement,21.0,None,{'state': None},45.73,223.0
2022-04-25 19:32:44.532563+00:00,None,1.0,36.66,0.0083,power,36.66,None,255.0,None,50.3,None,measurement,21.0,None,{'state': None},45.73,223.0
2022-04-25 19:32:44.533959+00:00,None,1.0,36.66,0.0083,power,36.66,None,255.0,None,50.3,None,measurement,21.0,None,{'state': None},50.3,223.0
2022-04-25 19:32:51.788050+00:00,None,1.0,36.66,0.0083,power,36.66,None,255.0,None,45.73,None,measurement,21.0,None,{'state': None},50.3,223.0
2022-04-25 19:32:51.789752+00:00,None,1.0,36.66,0.0083,power,36.66,None,255.0,None,45.73,None,measurement,21.0,None,{'state': None},45.73,223.0
2022-04-25 19:32:52.990182+00:00,None,1.0,36.66,0.0083,power,36.66,None,255.0,None,50.3,None,measurement,21.0,None,{'state': None},45.73,223.0
2022-04-25 19:32:52.992003+00:00,None,1.0,36.66,0.0083,power,36.66,None,255.0,None,50.3,None,measurement,21.0,None,{'state': None},50.3,223.0
2022-04-25 19:33:59.038195+00:00,None,1.0,36.66,0.2256,power,36.66,None,255.0,None,50.3,None,measurement,21.0,None,{'state': None},50.3,223.0
2022-04-25 19:34:54.900521+00:00,None,1.0,36.66,0.2256,power,36.66,None,255.0,None,55.33,None,measurement,21.0,None,{'state': None},50.3,223.0
2022-04-25 19:34:54.902810+00:00,None,1.0,36.66,0.2256,power,36.66,None,255.0,None,55.33,None,measurement,21.0,None,{'state': None},55.33,223.0
2022-04-25 19:39:47.761313+00:00,None,1.0,36.67,0.2594,power,36.67,None,255.0,None,57.85,None,measurement,21.0,None,{'state': None},55.33,223.0
2022-04-25 19:39:47.764548+00:00,None,1.0,36.67,0.2594,power,36.67,None,255.0,None,57.85,None,measurement,21.0,None,{'state': None},57.85,223.0
2022-04-25 19:46:29.493657+00:00,None,1.0,36.68,0.2571,power,36.68,None,255.0,None,57.34,None,measurement,22.0,None,{'state': None},57.85,223.0
2022-04-25 19:46:29.496803+00:00,None,1.0,36.68,0.2571,power,36.68,None,255.0,None,57.34,None,measurement,22.0,None,{'state': None},57.34,223.0
2022-04-25 19:59:07.195174+00:00,None,1.0,36.69,0.2594,power,36.69,None,255.0,None,57.85,None,measurement,22.0,None,{'state': None},57.34,223.0
2022-04-25 19:59:07.198143+00:00,None,1.0,36.69,0.2594,power,36.69,None,255.0,None,57.85,None,measurement,22.0,None,{'state': None},57.85,223.0
2022-04-25 20:00:57.454719+00:00,None,1.0,36.69,0.2594,power,36.69,None,255.0,None,49.29,None,measurement,22.0,None,{'state': None},57.85,223.0
2022-04-25 20:00:57.456557+00:00,None,1.0,36.69,0.2594,power,36.69,None,255.0,None,49.29,None,measurement,22.0,None,{'state': None},49.29,223.0
2022-04-25 20:01:07.548169+00:00,None,1.0,36.69,0.2594,power,36.69,None,255.0,None,57.85,None,measurement,22.0,None,{'state': None},49.29,223.0
2022-04-25 20:01:07.551946+00:00,None,1.0,36.69,0.2594,power,36.69,None,255.0,None,57.85,None,measurement,22.0,None,{'state': None},57.85,223.0
2022-04-25 20:01:29.401632+00:00,None,1.0,36.69,0.2594,power,36.69,None,255.0,None,50.3,None,measurement,22.0,None,{'state': None},57.85,223.0
2022-04-25 20:01:29.402933+00:00,None,1.0,36.69,0.2594,power,36.69,None,255.0,None,50.3,None,measurement,22.0,None,{'state': None},50.3,223.0
2022-04-25 20:01:35.361826+00:00,None,1.0,36.69,0.2594,power,36.69,None,255.0,None,10.06,None,measurement,22.0,None,{'state': None},50.3,223.0
2022-04-25 20:01:35.364686+00:00,None,1.0,36.69,0.2594,power,36.69,None,255.0,None,10.06,None,measurement,22.0,None,{'state': None},10.06,223.0
2022-04-25 20:02:07.424994+00:00,None,1.0,36.69,0.2594,power,36.69,None,255.0,None,1.95,None,measurement,22.0,None,{'state': None},10.06,223.0
2022-04-25 20:02:07.427171+00:00,None,1.0,36.69,0.2594,power,36.69,None,255.0,None,1.95,None,measurement,22.0,None,{'state': None},1.95,223.0
2022-04-25 20:04:28.277332+00:00,None,1.0,36.69,0.0045,power,36.69,None,255.0,None,0.99,None,measurement,22.0,None,{'state': None},1.95,223.0
2022-04-25 20:04:28.280590+00:00,None,1.0,36.69,0.0045,power,36.69,None,255.0,None,0.99,None,measurement,22.0,None,{'state': None},0.99,223.0
2022-04-25 20:09:45.730194+00:00,None,1.0,36.69,0.0034,power,36.69,None,255.0,None,0.76,None,measurement,22.0,None,{'state': None},0.99,223.0
2022-04-25 20:09:45.732977+00:00,None,1.0,36.69,0.0034,power,36.69,None,255.0,None,0.76,None,measurement,22.0,None,{'state': None},0.76,223.0
2022-04-25 20:17:32.798146+00:00,None,1.0,36.69,0.0028,power,36.69,None,255.0,None,0.64,None,measurement,22.0,None,{'state': None},0.76,230.0
2022-04-25 20:17:32.800343+00:00,None,1.0,36.69,0.0028,power,36.69,None,255.0,None,0.64,None,measurement,22.0,None,{'state': None},0.64,230.0
2022-04-25 20:24:55.265234+00:00,None,1.0,36.69,0.0029,power,36.69,None,255.0,None,0.67,None,measurement,22.0,None,{'state': None},0.64,230.0
2022-04-25 20:24:55.267599+00:00,None,1.0,36.69,0.0029,power,36.69,None,255.0,None,0.67,None,measurement,22.0,None,{'state': None},0.67,230.0
2022-04-25 20:37:55.660837+00:00,None,1.0,36.69,0.0034,power,36.69,None,255.0,None,0.79,None,measurement,22.0,None,{'state': None},0.67,230.0
2022-04-25 20:37:55.662361+00:00,None,1.0,36.69,0.0034,power,36.69,None,255.0,None,0.79,None,measurement,22.0,None,{'state': None},0.79,230.0
2022-04-25 20:44:18.967871+00:00,None,1.0,36.69,0.0025,power,36.69,None,255.0,None,0.58,None,measurement,22.0,None,{'state': None},0.79,230.0
2022-04-25 20:44:18.970107+00:00,None,1.0,36.69,0.0025,power,36.69,None,255.0,None,0.58,None,measurement,22.0,None,{'state': None},0.58,230.0
2022-04-25 20:49:50.946636+00:00,None,1.0,36.69,0.0027,power,36.69,None,255.0,None,0.61,None,measurement,22.0,None,{'state': None},0.58,230.0
2022-04-25 20:49:50.948478+00:00,None,1.0,36.69,0.0027,power,36.69,None,255.0,None,0.61,None,measurement,22.0,None,{'state': None},0.61,230.0
2022-04-25 20:55:56.888219+00:00,None,1.0,36.69,0.0034,power,36.69,None,255.0,None,0.78,None,measurement,22.0,None,{'state': None},0.61,230.0
2022-04-25 20:55:56.891634+00:00,None,1.0,36.69,0.0034,power,36.69,None,255.0,None,0.78,None,measurement,22.0,None,{'state': None},0.78,230.0
2022-04-25 21:01:20.513319+00:00,None,1.0,36.69,0.0029,power,36.69,None,255.0,None,0.64,None,measurement,22.0,None,{'state': None},0.78,223.0
2022-04-25 21:01:20.515670+00:00,None,1.0,36.69,0.0029,power,36.69,None,255.0,None,0.64,None,measurement,22.0,None,{'state': None},0.64,223.0
2022-04-25 21:08:38.034425+00:00,None,1.0,36.69,0.0042,power,36.69,None,255.0,None,0.93,None,measurement,22.0,None,{'state': None},0.64,223.0
2022-04-25 21:08:38.037886+00:00,None,1.0,36.69,0.0042,power,36.69,None,255.0,None,0.93,None,measurement,22.0,None,{'state': None},0.93,223.0
2022-04-25 21:15:55.053175+00:00,None,1.0,36.69,0.0041,power,36.69,None,255.0,None,0.92,None,measurement,22.0,None,{'state': None},0.93,223.0
2022-04-25 21:15:55.055494+00:00,None,1.0,36.69,0.0041,power,36.69,None,255.0,None,0.92,None,measurement,22.0,None,{'state': None},0.92,223.0
2022-04-25 21:22:49.192373+00:00,None,1.0,36.69,0.0034,power,36.69,None,255.0,None,0.75,None,measurement,22.0,None,{'state': None},0.92,223.0
2022-04-25 21:22:49.195195+00:00,None,1.0,36.69,0.0034,power,36.69,None,255.0,None,0.75,None,measurement,22.0,None,{'state': None},0.75,223.0
