time,auto_off_str,consumer_connected,consumption,current,device_class_str,energy,illuminance,illuminance_lux,led_disabled_night_str,linkquality,overload_protection_str,power,power_outage_count,power_outage_memory,state_class_str,temperature,update_available_str,update_str,value,voltage
2022-04-28 00:02:18.158169+00:00,None,1.0,27.58,0.0,power,27.58,0.0,0.0,None,239.0,None,0.36,8.0,1.0,measurement,23.0,None,{'state': None},0.0,231.0
2022-04-28 00:02:18.163696+00:00,None,1.0,27.58,0.0,power,27.58,0.0,0.0,None,239.0,None,0.36,8.0,1.0,measurement,23.0,None,{'state': None},0.36,231.0
2022-04-28 00:02:33.178223+00:00,None,1.0,27.58,0.0,power,27.58,0.0,0.0,None,239.0,None,0.0,8.0,1.0,measurement,23.0,None,{'state': None},0.36,231.0
2022-04-28 00:02:33.183880+00:00,None,1.0,27.58,0.0,power,27.58,0.0,0.0,None,239.0,None,0.0,8.0,1.0,measurement,23.0,None,{'state': None},0.0,231.0
2022-04-28 00:08:03.422360+00:00,None,1.0,27.58,0.0,power,27.58,0.0,0.0,None,239.0,None,0.36,8.0,1.0,measurement,23.0,None,{'state': None},0.0,231.0
2022-04-28 00:08:03.428456+00:00,None,1.0,27.58,0.0,power,27.58,0.0,0.0,None,239.0,None,0.36,8.0,1.0,measurement,23.0,None,{'state': None},0.36,231.0
2022-04-28 00:08:18.441990+00:00,None,1.0,27.58,0.0,power,27.58,0.0,0.0,None,239.0,None,0.0,8.0,1.0,measurement,23.0,None,{'state': None},0.36,231.0
2022-04-28 00:08:18.449086+00:00,None,1.0,27.58,0.0,power,27.58,0.0,0.0,None,239.0,None,0.0,8.0,1.0,measurement,23.0,None,{'state': None},0.0,231.0
2022-04-28 00:13:49.576083+00:00,None,1.0,27.58,0.0,power,27.58,0.0,0.0,None,239.0,None,0.41,8.0,1.0,measurement,23.0,None,{'state': None},0.0,231.0
2022-04-28 00:13:49.579336+00:00,None,1.0,27.58,0.0,power,27.58,0.0,0.0,None,239.0,None,0.41,8.0,1.0,measurement,23.0,None,{'state': None},0.41,231.0
2022-04-28 00:14:28.901511+00:00,None,1.0,27.58,0.0,power,27.58,0.0,0.0,None,239.0,None,0.0,8.0,1.0,measurement,23.0,None,{'state': None},0.41,231.0
2022-04-28 00:14:28.908141+00:00,None,1.0,27.58,0.0,power,27.58,0.0,0.0,None,239.0,None,0.0,8.0,1.0,measurement,23.0,None,{'state': None},0.0,231.0
2022-04-28 00:24:55.619199+00:00,None,1.0,27.58,0.0,power,27.58,0.0,0.0,None,239.0,None,0.37,8.0,1.0,measurement,23.0,None,{'state': None},0.0,231.0
2022-04-28 00:24:55.625598+00:00,None,1.0,27.58,0.0,power,27.58,0.0,0.0,None,239.0,None,0.37,8.0,1.0,measurement,23.0,None,{'state': None},0.37,231.0
2022-04-28 00:25:37.847021+00:00,None,1.0,27.58,0.0,power,27.58,0.0,0.0,None,231.0,None,0.0,8.0,1.0,measurement,23.0,None,{'state': None},0.37,231.0
2022-04-28 00:25:37.856596+00:00,None,1.0,27.58,0.0,power,27.58,0.0,0.0,None,231.0,None,0.0,8.0,1.0,measurement,23.0,None,{'state': None},0.0,231.0
2022-04-28 00:27:12.003709+00:00,None,1.0,27.58,0.0,power,27.58,0.0,0.0,None,239.0,None,0.0,8.0,1.0,measurement,23.0,None,{'state': None},0.0,231.0
2022-04-28 00:35:14.744916+00:00,None,1.0,27.58,0.0,power,27.58,0.0,0.0,None,239.0,None,0.35,8.0,1.0,measurement,23.0,None,{'state': None},0.0,231.0
2022-04-28 00:35:14.750483+00:00,None,1.0,27.58,0.0,power,27.58,0.0,0.0,None,239.0,None,0.35,8.0,1.0,measurement,23.0,None,{'state': None},0.35,231.0
2022-04-28 00:35:43.395171+00:00,None,1.0,27.58,0.0,power,27.58,0.0,0.0,None,239.0,None,0.0,8.0,1.0,measurement,23.0,None,{'state': None},0.35,231.0
2022-04-28 00:35:43.401823+00:00,None,1.0,27.58,0.0,power,27.58,0.0,0.0,None,239.0,None,0.0,8.0,1.0,measurement,23.0,None,{'state': None},0.0,231.0
2022-04-28 00:42:21.246844+00:00,None,1.0,27.58,0.0,power,27.58,0.0,0.0,None,239.0,None,0.34,8.0,1.0,measurement,23.0,None,{'state': None},0.0,231.0
2022-04-28 00:42:21.251838+00:00,None,1.0,27.58,0.0,power,27.58,0.0,0.0,None,239.0,None,0.34,8.0,1.0,measurement,23.0,None,{'state': None},0.34,231.0
2022-04-28 00:42:36.269582+00:00,None,1.0,27.58,0.0,power,27.58,0.0,0.0,None,239.0,None,0.0,8.0,1.0,measurement,23.0,None,{'state': None},0.34,231.0
2022-04-28 00:42:36.274952+00:00,None,1.0,27.58,0.0,power,27.58,0.0,0.0,None,239.0,None,0.0,8.0,1.0,measurement,23.0,None,{'state': None},0.0,231.0
2022-04-28 01:05:59.501392+00:00,None,1.0,27.58,0.0,power,27.58,0.0,0.0,None,239.0,None,0.37,8.0,1.0,measurement,23.0,None,{'state': None},0.0,231.0
2022-04-28 01:05:59.506476+00:00,None,1.0,27.58,0.0,power,27.58,0.0,0.0,None,239.0,None,0.37,8.0,1.0,measurement,23.0,None,{'state': None},0.37,231.0
2022-04-28 01:06:05.747998+00:00,None,1.0,27.58,0.0016,power,27.58,0.0,0.0,None,239.0,None,0.37,8.0,1.0,measurement,23.0,None,{'state': None},0.37,231.0
2022-04-28 01:06:56.849995+00:00,None,1.0,27.58,0.0016,power,27.58,0.0,0.0,None,239.0,None,0.0,8.0,1.0,measurement,23.0,None,{'state': None},0.37,231.0
2022-04-28 01:06:56.858250+00:00,None,1.0,27.58,0.0016,power,27.58,0.0,0.0,None,239.0,None,0.0,8.0,1.0,measurement,23.0,None,{'state': None},0.0,231.0
2022-04-28 01:12:25.788966+00:00,None,1.0,27.58,0.0016,power,27.58,0.0,0.0,None,239.0,None,0.36,8.0,1.0,measurement,23.0,None,{'state': None},0.0,231.0
2022-04-28 01:12:25.800145+00:00,None,1.0,27.58,0.0016,power,27.58,0.0,0.0,None,239.0,None,0.36,8.0,1.0,measurement,23.0,None,{'state': None},0.36,231.0
2022-04-28 01:12:40.803933+00:00,None,1.0,27.58,0.0016,power,27.58,0.0,0.0,None,239.0,None,0.0,8.0,1.0,measurement,23.0,None,{'state': None},0.36,231.0
2022-04-28 01:12:40.810264+00:00,None,1.0,27.58,0.0016,power,27.58,0.0,0.0,None,239.0,None,0.0,8.0,1.0,measurement,23.0,None,{'state': None},0.0,231.0
2022-04-28 01:13:59.156144+00:00,None,1.0,27.58,0.0,power,27.58,0.0,0.0,None,239.0,None,0.0,8.0,1.0,measurement,23.0,None,{'state': None},0.0,231.0
2022-04-28 01:21:06.141628+00:00,None,1.0,27.58,0.0,power,27.58,0.0,0.0,None,239.0,None,0.35,8.0,1.0,measurement,23.0,None,{'state': None},0.0,231.0
2022-04-28 01:21:06.146792+00:00,None,1.0,27.58,0.0,power,27.58,0.0,0.0,None,239.0,None,0.35,8.0,1.0,measurement,23.0,None,{'state': None},0.35,231.0
2022-04-28 01:21:21.156232+00:00,None,1.0,27.58,0.0,power,27.58,0.0,0.0,None,247.0,None,0.0,8.0,1.0,measurement,23.0,None,{'state': None},0.35,231.0
2022-04-28 01:21:21.164722+00:00,None,1.0,27.58,0.0,power,27.58,0.0,0.0,None,247.0,None,0.0,8.0,1.0,measurement,23.0,None,{'state': None},0.0,231.0
2022-04-28 01:22:00.273421+00:00,None,1.0,27.58,0.0,power,27.58,0.0,0.0,None,239.0,None,0.0,8.0,1.0,measurement,23.0,None,{'state': None},0.0,231.0
2022-04-28 01:41:45.758456+00:00,None,1.0,27.58,0.0,power,27.58,0.0,0.0,None,223.0,None,0.37,8.0,1.0,measurement,23.0,None,{'state': None},0.0,231.0
2022-04-28 01:41:45.762385+00:00,None,1.0,27.58,0.0,power,27.58,0.0,0.0,None,223.0,None,0.37,8.0,1.0,measurement,23.0,None,{'state': None},0.37,231.0
2022-04-28 01:42:00.758176+00:00,None,1.0,27.58,0.0,power,27.58,0.0,0.0,None,239.0,None,0.0,8.0,1.0,measurement,23.0,None,{'state': None},0.37,231.0
2022-04-28 01:42:00.764355+00:00,None,1.0,27.58,0.0,power,27.58,0.0,0.0,None,239.0,None,0.0,8.0,1.0,measurement,23.0,None,{'state': None},0.0,231.0
2022-04-28 01:50:17.839448+00:00,None,1.0,27.58,0.0,power,27.58,0.0,0.0,None,239.0,None,0.37,8.0,1.0,measurement,23.0,None,{'state': None},0.0,231.0
2022-04-28 01:50:17.845510+00:00,None,1.0,27.58,0.0,power,27.58,0.0,0.0,None,239.0,None,0.37,8.0,1.0,measurement,23.0,None,{'state': None},0.37,231.0
2022-04-28 01:50:32.835054+00:00,None,1.0,27.58,0.0,power,27.58,0.0,0.0,None,239.0,None,0.0,8.0,1.0,measurement,23.0,None,{'state': None},0.37,231.0
2022-04-28 01:50:32.840482+00:00,None,1.0,27.58,0.0,power,27.58,0.0,0.0,None,239.0,None,0.0,8.0,1.0,measurement,23.0,None,{'state': None},0.0,231.0
2022-04-28 02:05:30.560376+00:00,None,1.0,27.58,0.0,power,27.58,0.0,0.0,None,239.0,None,0.0,8.0,1.0,measurement,23.0,None,{'state': None},0.0,228.0
2022-04-28 02:08:40.446243+00:00,None,1.0,27.58,0.0,power,27.58,0.0,0.0,None,239.0,None,0.36,8.0,1.0,measurement,23.0,None,{'state': None},0.0,228.0
2022-04-28 02:08:40.456496+00:00,None,1.0,27.58,0.0,power,27.58,0.0,0.0,None,239.0,None,0.36,8.0,1.0,measurement,23.0,None,{'state': None},0.36,228.0
2022-04-28 02:09:08.658171+00:00,None,1.0,27.58,0.0,power,27.58,0.0,0.0,None,239.0,None,0.0,8.0,1.0,measurement,23.0,None,{'state': None},0.36,228.0
2022-04-28 02:09:08.667322+00:00,None,1.0,27.58,0.0,power,27.58,0.0,0.0,None,239.0,None,0.0,8.0,1.0,measurement,23.0,None,{'state': None},0.0,228.0
2022-04-28 02:27:35.015210+00:00,None,1.0,27.58,0.0,power,27.58,0.0,0.0,None,239.0,None,0.4,8.0,1.0,measurement,23.0,None,{'state': None},0.0,228.0
2022-04-28 02:27:35.021006+00:00,None,1.0,27.58,0.0,power,27.58,0.0,0.0,None,239.0,None,0.4,8.0,1.0,measurement,23.0,None,{'state': None},0.4,228.0
2022-04-28 02:29:32.055996+00:00,None,1.0,27.58,0.0,power,27.58,0.0,0.0,None,239.0,None,0.0,8.0,1.0,measurement,23.0,None,{'state': None},0.4,228.0
2022-04-28 02:29:32.061412+00:00,None,1.0,27.58,0.0,power,27.58,0.0,0.0,None,239.0,None,0.0,8.0,1.0,measurement,23.0,None,{'state': None},0.0,228.0
2022-04-28 02:35:29.717315+00:00,None,1.0,27.58,0.0,power,27.58,0.0,0.0,None,231.0,None,0.39,8.0,1.0,measurement,23.0,None,{'state': None},0.0,228.0
2022-04-28 02:35:29.724894+00:00,None,1.0,27.58,0.0,power,27.58,0.0,0.0,None,231.0,None,0.39,8.0,1.0,measurement,23.0,None,{'state': None},0.39,228.0
2022-04-28 02:35:44.720698+00:00,None,1.0,27.58,0.0,power,27.58,0.0,0.0,None,239.0,None,0.0,8.0,1.0,measurement,23.0,None,{'state': None},0.39,228.0
2022-04-28 02:35:44.724938+00:00,None,1.0,27.58,0.0,power,27.58,0.0,0.0,None,239.0,None,0.0,8.0,1.0,measurement,23.0,None,{'state': None},0.0,228.0
2022-04-28 02:45:50.260365+00:00,None,1.0,27.58,0.0,power,27.58,0.0,0.0,None,239.0,None,0.41,8.0,1.0,measurement,23.0,None,{'state': None},0.0,228.0
2022-04-28 02:45:50.264632+00:00,None,1.0,27.58,0.0,power,27.58,0.0,0.0,None,239.0,None,0.41,8.0,1.0,measurement,23.0,None,{'state': None},0.41,228.0
2022-04-28 02:46:05.281396+00:00,None,1.0,27.58,0.0,power,27.58,0.0,0.0,None,239.0,None,0.0,8.0,1.0,measurement,23.0,None,{'state': None},0.41,228.0
2022-04-28 02:46:05.289646+00:00,None,1.0,27.58,0.0,power,27.58,0.0,0.0,None,239.0,None,0.0,8.0,1.0,measurement,23.0,None,{'state': None},0.0,228.0
2022-04-28 02:53:08.462168+00:00,None,1.0,27.58,0.0,power,27.58,0.0,0.0,None,239.0,None,0.38,8.0,1.0,measurement,23.0,None,{'state': None},0.0,228.0
2022-04-28 02:53:08.472132+00:00,None,1.0,27.58,0.0,power,27.58,0.0,0.0,None,239.0,None,0.38,8.0,1.0,measurement,23.0,None,{'state': None},0.38,228.0
2022-04-28 02:53:23.484720+00:00,None,1.0,27.58,0.0,power,27.58,0.0,0.0,None,239.0,None,0.0,8.0,1.0,measurement,23.0,None,{'state': None},0.38,228.0
2022-04-28 02:53:23.493831+00:00,None,1.0,27.58,0.0,power,27.58,0.0,0.0,None,239.0,None,0.0,8.0,1.0,measurement,23.0,None,{'state': None},0.0,228.0
2022-04-28 02:55:39.907986+00:00,None,1.0,27.58,0.0,power,27.58,0.0,0.0,None,247.0,None,0.0,8.0,1.0,measurement,23.0,None,{'state': None},0.0,228.0
2022-04-28 03:01:23.863070+00:00,None,1.0,27.58,0.0,power,27.58,0.0,0.0,None,239.0,None,0.0,8.0,1.0,measurement,23.0,None,{'state': None},0.0,228.0
2022-04-28 03:06:44.511105+00:00,None,1.0,27.58,0.0,power,27.58,0.0,0.0,None,239.0,None,0.35,8.0,1.0,measurement,23.0,None,{'state': None},0.0,228.0
2022-04-28 03:06:44.517823+00:00,None,1.0,27.58,0.0,power,27.58,0.0,0.0,None,239.0,None,0.35,8.0,1.0,measurement,23.0,None,{'state': None},0.35,228.0
2022-04-28 03:06:59.514364+00:00,None,1.0,27.58,0.0,power,27.58,0.0,0.0,None,239.0,None,0.0,8.0,1.0,measurement,23.0,None,{'state': None},0.35,228.0
2022-04-28 03:06:59.520666+00:00,None,1.0,27.58,0.0,power,27.58,0.0,0.0,None,239.0,None,0.0,8.0,1.0,measurement,23.0,None,{'state': None},0.0,228.0
2022-04-28 03:13:29.341943+00:00,None,1.0,27.58,0.0,power,27.58,0.0,0.0,None,239.0,None,0.39,8.0,1.0,measurement,23.0,None,{'state': None},0.0,228.0
2022-04-28 03:13:29.347378+00:00,None,1.0,27.58,0.0,power,27.58,0.0,0.0,None,239.0,None,0.39,8.0,1.0,measurement,23.0,None,{'state': None},0.39,228.0
2022-04-28 03:13:44.350142+00:00,None,1.0,27.58,0.0,power,27.58,0.0,0.0,None,239.0,None,0.0,8.0,1.0,measurement,23.0,None,{'state': None},0.39,228.0
2022-04-28 03:13:44.354629+00:00,None,1.0,27.58,0.0,power,27.58,0.0,0.0,None,239.0,None,0.0,8.0,1.0,measurement,23.0,None,{'state': None},0.0,228.0
2022-04-28 03:36:52.148771+00:00,None,1.0,27.58,0.0,power,27.58,0.0,0.0,None,231.0,None,0.36,8.0,1.0,measurement,23.0,None,{'state': None},0.0,228.0
2022-04-28 03:36:52.152795+00:00,None,1.0,27.58,0.0,power,27.58,0.0,0.0,None,231.0,None,0.36,8.0,1.0,measurement,23.0,None,{'state': None},0.36,228.0
2022-04-28 03:37:07.204795+00:00,None,1.0,27.58,0.0,power,27.58,0.0,0.0,None,239.0,None,0.0,8.0,1.0,measurement,23.0,None,{'state': None},0.36,228.0
2022-04-28 03:37:07.212990+00:00,None,1.0,27.58,0.0,power,27.58,0.0,0.0,None,239.0,None,0.0,8.0,1.0,measurement,23.0,None,{'state': None},0.0,228.0
2022-04-28 03:41:39.557705+00:00,None,1.0,27.58,0.0,power,27.58,0.0,0.0,None,223.0,None,0.0,8.0,1.0,measurement,23.0,None,{'state': None},0.0,228.0
2022-04-28 03:44:26.587055+00:00,None,1.0,27.58,0.0,power,27.58,0.0,0.0,None,223.0,None,0.36,8.0,1.0,measurement,23.0,None,{'state': None},0.0,228.0
2022-04-28 03:44:26.591413+00:00,None,1.0,27.58,0.0,power,27.58,0.0,0.0,None,223.0,None,0.36,8.0,1.0,measurement,23.0,None,{'state': None},0.36,228.0
2022-04-28 03:44:41.595253+00:00,None,1.0,27.58,0.0,power,27.58,0.0,0.0,None,231.0,None,0.0,8.0,1.0,measurement,23.0,None,{'state': None},0.36,228.0
2022-04-28 03:44:41.601662+00:00,None,1.0,27.58,0.0,power,27.58,0.0,0.0,None,231.0,None,0.0,8.0,1.0,measurement,23.0,None,{'state': None},0.0,228.0
2022-04-28 03:47:20.695896+00:00,None,1.0,27.58,0.0,power,27.58,0.0,0.0,None,223.0,None,0.0,8.0,1.0,measurement,23.0,None,{'state': None},0.0,228.0
2022-04-28 03:50:47.037676+00:00,None,1.0,27.58,0.0,power,27.58,0.0,0.0,None,231.0,None,0.4,8.0,1.0,measurement,23.0,None,{'state': None},0.0,228.0
2022-04-28 03:50:47.042710+00:00,None,1.0,27.58,0.0,power,27.58,0.0,0.0,None,231.0,None,0.4,8.0,1.0,measurement,23.0,None,{'state': None},0.4,228.0
2022-04-28 03:51:29.571346+00:00,None,1.0,27.58,0.0,power,27.58,0.0,0.0,None,223.0,None,0.0,8.0,1.0,measurement,23.0,None,{'state': None},0.4,228.0
2022-04-28 03:51:29.576423+00:00,None,1.0,27.58,0.0,power,27.58,0.0,0.0,None,223.0,None,0.0,8.0,1.0,measurement,23.0,None,{'state': None},0.0,228.0
2022-04-28 03:54:14.213538+00:00,None,1.0,27.58,0.0,power,27.58,0.0,0.0,None,215.0,None,0.0,8.0,1.0,measurement,23.0,None,{'state': None},0.0,228.0
2022-04-28 03:58:09.671848+00:00,None,1.0,27.58,0.0,power,27.58,0.0,0.0,None,239.0,None,0.36,8.0,1.0,measurement,23.0,None,{'state': None},0.0,228.0
2022-04-28 03:58:09.676291+00:00,None,1.0,27.58,0.0,power,27.58,0.0,0.0,None,239.0,None,0.36,8.0,1.0,measurement,23.0,None,{'state': None},0.36,228.0
2022-04-28 03:59:32.945597+00:00,None,1.0,27.58,0.0,power,27.58,0.0,0.0,None,223.0,None,0.0,8.0,1.0,measurement,23.0,None,{'state': None},0.36,228.0
2022-04-28 03:59:32.950608+00:00,None,1.0,27.58,0.0,power,27.58,0.0,0.0,None,223.0,None,0.0,8.0,1.0,measurement,23.0,None,{'state': None},0.0,228.0
2022-04-28 04:02:14.522551+00:00,None,1.0,27.58,0.0,power,27.58,0.0,0.0,None,231.0,None,0.0,8.0,1.0,measurement,23.0,None,{'state': None},0.0,228.0
2022-04-28 04:04:14.700802+00:00,None,1.0,27.58,0.0,power,27.58,0.0,0.0,None,231.0,None,0.38,8.0,1.0,measurement,23.0,None,{'state': None},0.0,228.0
2022-04-28 04:04:14.707203+00:00,None,1.0,27.58,0.0,power,27.58,0.0,0.0,None,231.0,None,0.38,8.0,1.0,measurement,23.0,None,{'state': None},0.38,228.0
2022-04-28 04:04:29.704148+00:00,None,1.0,27.58,0.0,power,27.58,0.0,0.0,None,239.0,None,0.0,8.0,1.0,measurement,23.0,None,{'state': None},0.38,228.0
2022-04-28 04:04:29.711292+00:00,None,1.0,27.58,0.0,power,27.58,0.0,0.0,None,239.0,None,0.0,8.0,1.0,measurement,23.0,None,{'state': None},0.0,228.0
2022-04-28 04:09:17.529148+00:00,None,1.0,27.58,0.0,power,27.58,0.0,0.0,None,231.0,None,0.0,8.0,1.0,measurement,23.0,None,{'state': None},0.0,228.0
2022-04-28 04:13:57.868710+00:00,None,1.0,27.58,0.0,power,27.58,0.0,0.0,None,223.0,None,0.35,8.0,1.0,measurement,23.0,None,{'state': None},0.0,228.0
2022-04-28 04:13:57.873630+00:00,None,1.0,27.58,0.0,power,27.58,0.0,0.0,None,223.0,None,0.35,8.0,1.0,measurement,23.0,None,{'state': None},0.35,228.0
2022-04-28 04:15:19.512654+00:00,None,1.0,27.58,0.0,power,27.58,0.0,0.0,None,223.0,None,0.0,8.0,1.0,measurement,23.0,None,{'state': None},0.35,228.0
2022-04-28 04:15:19.518450+00:00,None,1.0,27.58,0.0,power,27.58,0.0,0.0,None,223.0,None,0.0,8.0,1.0,measurement,23.0,None,{'state': None},0.0,228.0
2022-04-28 04:16:35.226337+00:00,None,1.0,27.58,0.0,power,27.58,0.0,0.0,None,239.0,None,0.0,8.0,1.0,measurement,23.0,None,{'state': None},0.0,235.0
2022-04-28 04:17:24.627441+00:00,None,1.0,27.58,0.0,power,27.58,0.0,0.0,None,239.0,None,0.36,8.0,1.0,measurement,23.0,None,{'state': None},0.0,235.0
2022-04-28 04:17:24.633904+00:00,None,1.0,27.58,0.0,power,27.58,0.0,0.0,None,239.0,None,0.36,8.0,1.0,measurement,23.0,None,{'state': None},0.36,235.0
2022-04-28 04:17:54.442326+00:00,None,1.0,27.58,0.0,power,27.58,0.0,0.0,None,247.0,None,0.0,8.0,1.0,measurement,23.0,None,{'state': None},0.36,235.0
2022-04-28 04:17:54.447239+00:00,None,1.0,27.58,0.0,power,27.58,0.0,0.0,None,247.0,None,0.0,8.0,1.0,measurement,23.0,None,{'state': None},0.0,235.0
2022-04-28 04:22:49.402492+00:00,None,1.0,27.58,0.0,power,27.58,0.0,0.0,None,239.0,None,0.4,8.0,1.0,measurement,23.0,None,{'state': None},0.0,235.0
2022-04-28 04:22:49.405872+00:00,None,1.0,27.58,0.0,power,27.58,0.0,0.0,None,239.0,None,0.4,8.0,1.0,measurement,23.0,None,{'state': None},0.4,235.0
2022-04-28 04:23:04.455941+00:00,None,1.0,27.58,0.0,power,27.58,0.0,0.0,None,239.0,None,0.0,8.0,1.0,measurement,23.0,None,{'state': None},0.4,235.0
2022-04-28 04:23:04.463112+00:00,None,1.0,27.58,0.0,power,27.58,0.0,0.0,None,239.0,None,0.0,8.0,1.0,measurement,23.0,None,{'state': None},0.0,235.0
2022-04-28 04:23:12.903721+00:00,None,1.0,27.58,0.0,power,27.58,0.0,0.0,None,239.0,None,0.0,8.0,1.0,measurement,23.0,None,{'state': None},0.0,228.0
2022-04-28 04:36:02.955995+00:00,None,1.0,27.58,0.0,power,27.58,0.0,0.0,None,239.0,None,0.39,8.0,1.0,measurement,23.0,None,{'state': None},0.0,228.0
2022-04-28 04:36:02.963150+00:00,None,1.0,27.58,0.0,power,27.58,0.0,0.0,None,239.0,None,0.39,8.0,1.0,measurement,23.0,None,{'state': None},0.39,228.0
2022-04-28 04:36:17.978626+00:00,None,1.0,27.58,0.0,power,27.58,0.0,0.0,None,239.0,None,0.0,8.0,1.0,measurement,23.0,None,{'state': None},0.39,228.0
2022-04-28 04:36:17.983485+00:00,None,1.0,27.58,0.0,power,27.58,0.0,0.0,None,239.0,None,0.0,8.0,1.0,measurement,23.0,None,{'state': None},0.0,228.0
2022-04-28 04:50:22.635417+00:00,None,1.0,27.58,0.0,power,27.58,0.0,0.0,None,247.0,None,0.0,8.0,1.0,measurement,23.0,None,{'state': None},0.0,228.0
2022-04-28 04:56:59.421893+00:00,None,1.0,27.58,0.0,power,27.58,0.0,0.0,None,239.0,None,0.0,8.0,1.0,measurement,23.0,None,{'state': None},0.0,228.0
2022-04-28 04:57:27.212099+00:00,None,1.0,27.58,0.0,power,27.58,0.0,0.0,None,239.0,None,0.34,8.0,1.0,measurement,23.0,None,{'state': None},0.0,228.0
2022-04-28 04:57:27.218766+00:00,None,1.0,27.58,0.0,power,27.58,0.0,0.0,None,239.0,None,0.34,8.0,1.0,measurement,23.0,None,{'state': None},0.34,228.0
2022-04-28 04:57:42.238819+00:00,None,1.0,27.58,0.0,power,27.58,0.0,0.0,None,239.0,None,0.0,8.0,1.0,measurement,23.0,None,{'state': None},0.34,228.0
2022-04-28 04:57:42.244286+00:00,None,1.0,27.58,0.0,power,27.58,0.0,0.0,None,239.0,None,0.0,8.0,1.0,measurement,23.0,None,{'state': None},0.0,228.0
2022-04-28 05:06:16.059416+00:00,None,1.0,27.58,0.0,power,27.58,0.0,0.0,None,239.0,None,0.37,8.0,1.0,measurement,23.0,None,{'state': None},0.0,228.0
2022-04-28 05:06:16.066206+00:00,None,1.0,27.58,0.0,power,27.58,0.0,0.0,None,239.0,None,0.37,8.0,1.0,measurement,23.0,None,{'state': None},0.37,228.0
2022-04-28 05:06:31.061049+00:00,None,1.0,27.58,0.0,power,27.58,0.0,0.0,None,239.0,None,0.0,8.0,1.0,measurement,23.0,None,{'state': None},0.37,228.0
2022-04-28 05:06:31.065378+00:00,None,1.0,27.58,0.0,power,27.58,0.0,0.0,None,239.0,None,0.0,8.0,1.0,measurement,23.0,None,{'state': None},0.0,228.0
2022-04-28 05:10:47.122985+00:00,None,1.0,27.58,0.0,power,27.58,0.0,0.0,None,247.0,None,0.0,8.0,1.0,measurement,23.0,None,{'state': None},0.0,228.0
2022-04-28 05:21:24.119341+00:00,None,1.0,27.58,0.0,power,27.58,0.0,0.0,None,239.0,None,0.0,8.0,1.0,measurement,23.0,None,{'state': None},0.0,228.0
2022-04-28 05:23:09.647771+00:00,None,1.0,27.58,0.0,power,27.58,0.0,0.0,None,239.0,None,0.42,8.0,1.0,measurement,23.0,None,{'state': None},0.0,228.0
2022-04-28 05:23:09.652356+00:00,None,1.0,27.58,0.0,power,27.58,0.0,0.0,None,239.0,None,0.42,8.0,1.0,measurement,23.0,None,{'state': None},0.42,228.0
2022-04-28 05:23:24.675458+00:00,None,1.0,27.58,0.0,power,27.58,0.0,0.0,None,247.0,None,0.0,8.0,1.0,measurement,23.0,None,{'state': None},0.42,228.0
2022-04-28 05:23:24.681619+00:00,None,1.0,27.58,0.0,power,27.58,0.0,0.0,None,247.0,None,0.0,8.0,1.0,measurement,23.0,None,{'state': None},0.0,228.0
2022-04-28 05:28:11.162466+00:00,None,1.0,27.58,0.0,power,27.58,0.0,0.0,None,239.0,None,0.0,8.0,1.0,measurement,23.0,None,{'state': None},0.0,228.0
2022-04-28 05:40:17.577475+00:00,None,1.0,27.58,0.0,power,27.58,0.0,0.0,None,239.0,None,0.39,8.0,1.0,measurement,23.0,None,{'state': None},0.0,228.0
2022-04-28 05:40:17.582757+00:00,None,1.0,27.58,0.0,power,27.58,0.0,0.0,None,239.0,None,0.39,8.0,1.0,measurement,23.0,None,{'state': None},0.39,228.0
2022-04-28 05:40:37.723925+00:00,None,1.0,27.58,0.0017,power,27.58,0.0,0.0,None,164.0,None,0.39,8.0,1.0,measurement,23.0,None,{'state': None},0.39,228.0
2022-04-28 05:41:39.919269+00:00,None,1.0,27.58,0.0017,power,27.58,0.0,0.0,None,239.0,None,0.0,8.0,1.0,measurement,23.0,None,{'state': None},0.39,228.0
2022-04-28 05:41:39.925202+00:00,None,1.0,27.58,0.0017,power,27.58,0.0,0.0,None,239.0,None,0.0,8.0,1.0,measurement,23.0,None,{'state': None},0.0,228.0
2022-04-28 05:48:30.319109+00:00,None,1.0,27.58,0.0,power,27.58,0.0,0.0,None,231.0,None,0.0,8.0,1.0,measurement,23.0,None,{'state': None},0.0,228.0
2022-04-28 05:50:56.500251+00:00,None,1.0,27.58,0.0,power,27.58,0.0,0.0,None,231.0,None,0.4,8.0,1.0,measurement,23.0,None,{'state': None},0.0,228.0
2022-04-28 05:50:56.507384+00:00,None,1.0,27.58,0.0,power,27.58,0.0,0.0,None,231.0,None,0.4,8.0,1.0,measurement,23.0,None,{'state': None},0.4,228.0
2022-04-28 05:51:35.380324+00:00,None,1.0,27.58,0.0,power,27.58,0.0,0.0,None,239.0,None,0.0,8.0,1.0,measurement,23.0,None,{'state': None},0.4,228.0
2022-04-28 05:51:35.385556+00:00,None,1.0,27.58,0.0,power,27.58,0.0,0.0,None,239.0,None,0.0,8.0,1.0,measurement,23.0,None,{'state': None},0.0,228.0
2022-04-28 06:01:04.255826+00:00,None,1.0,27.58,0.0,power,27.58,0.0,0.0,None,239.0,None,0.38,8.0,1.0,measurement,23.0,None,{'state': None},0.0,228.0
2022-04-28 06:01:04.261663+00:00,None,1.0,27.58,0.0,power,27.58,0.0,0.0,None,239.0,None,0.38,8.0,1.0,measurement,23.0,None,{'state': None},0.38,228.0
2022-04-28 06:01:19.277299+00:00,None,1.0,27.58,0.0,power,27.58,0.0,0.0,None,239.0,None,0.0,8.0,1.0,measurement,23.0,None,{'state': None},0.38,228.0
2022-04-28 06:01:19.280859+00:00,None,1.0,27.58,0.0,power,27.58,0.0,0.0,None,239.0,None,0.0,8.0,1.0,measurement,23.0,None,{'state': None},0.0,228.0
2022-04-28 06:09:02.860076+00:00,None,1.0,27.58,0.0,power,27.58,0.0,0.0,None,247.0,None,0.44,8.0,1.0,measurement,23.0,None,{'state': None},0.0,228.0
2022-04-28 06:09:02.867113+00:00,None,1.0,27.58,0.0,power,27.58,0.0,0.0,None,247.0,None,0.44,8.0,1.0,measurement,23.0,None,{'state': None},0.44,228.0
2022-04-28 06:09:31.287412+00:00,None,1.0,27.58,0.0,power,27.58,0.0,0.0,None,239.0,None,0.0,8.0,1.0,measurement,23.0,None,{'state': None},0.44,228.0
2022-04-28 06:09:31.292920+00:00,None,1.0,27.58,0.0,power,27.58,0.0,0.0,None,239.0,None,0.0,8.0,1.0,measurement,23.0,None,{'state': None},0.0,228.0
2022-04-28 06:10:00.921410+00:00,None,1.0,27.58,0.0,power,27.58,0.0,0.0,None,247.0,None,0.0,8.0,1.0,measurement,23.0,None,{'state': None},0.0,228.0
2022-04-28 06:23:11.279642+00:00,None,1.0,27.58,0.0,power,27.58,0.0,0.0,None,255.0,None,0.0,8.0,1.0,measurement,23.0,None,{'state': None},0.0,228.0
2022-04-28 06:25:26.430212+00:00,None,1.0,27.58,0.0,power,27.58,0.0,0.0,None,255.0,None,0.37,8.0,1.0,measurement,23.0,None,{'state': None},0.0,228.0
2022-04-28 06:25:26.435317+00:00,None,1.0,27.58,0.0,power,27.58,0.0,0.0,None,255.0,None,0.37,8.0,1.0,measurement,23.0,None,{'state': None},0.37,228.0
2022-04-28 06:25:41.443347+00:00,None,1.0,27.58,0.0,power,27.58,0.0,0.0,None,255.0,None,0.0,8.0,1.0,measurement,23.0,None,{'state': None},0.37,228.0
2022-04-28 06:25:41.447305+00:00,None,1.0,27.58,0.0,power,27.58,0.0,0.0,None,255.0,None,0.0,8.0,1.0,measurement,23.0,None,{'state': None},0.0,228.0
2022-04-28 06:30:43.783411+00:00,None,1.0,27.58,0.0,power,27.58,0.0,0.0,None,255.0,None,0.34,8.0,1.0,measurement,23.0,None,{'state': None},0.0,228.0
2022-04-28 06:30:43.788917+00:00,None,1.0,27.58,0.0,power,27.58,0.0,0.0,None,255.0,None,0.34,8.0,1.0,measurement,23.0,None,{'state': None},0.34,228.0
2022-04-28 06:30:58.803537+00:00,None,1.0,27.58,0.0,power,27.58,0.0,0.0,None,255.0,None,0.0,8.0,1.0,measurement,23.0,None,{'state': None},0.34,228.0
2022-04-28 06:30:58.809084+00:00,None,1.0,27.58,0.0,power,27.58,0.0,0.0,None,255.0,None,0.0,8.0,1.0,measurement,23.0,None,{'state': None},0.0,228.0
2022-04-28 06:43:57.300193+00:00,None,1.0,27.58,0.0,power,27.58,0.0,0.0,None,255.0,None,0.35,8.0,1.0,measurement,23.0,None,{'state': None},0.0,228.0
2022-04-28 06:43:57.306058+00:00,None,1.0,27.58,0.0,power,27.58,0.0,0.0,None,255.0,None,0.35,8.0,1.0,measurement,23.0,None,{'state': None},0.35,228.0
2022-04-28 06:44:25.434512+00:00,None,1.0,27.58,0.0,power,27.58,0.0,0.0,None,255.0,None,0.0,8.0,1.0,measurement,23.0,None,{'state': None},0.35,228.0
2022-04-28 06:44:25.440775+00:00,None,1.0,27.58,0.0,power,27.58,0.0,0.0,None,255.0,None,0.0,8.0,1.0,measurement,23.0,None,{'state': None},0.0,228.0
2022-04-28 06:57:06.225341+00:00,None,1.0,27.58,0.0,power,27.58,0.0,0.0,None,255.0,None,0.36,8.0,1.0,measurement,23.0,None,{'state': None},0.0,228.0
2022-04-28 06:57:06.232618+00:00,None,1.0,27.58,0.0,power,27.58,0.0,0.0,None,255.0,None,0.36,8.0,1.0,measurement,23.0,None,{'state': None},0.36,228.0
2022-04-28 06:57:10.955502+00:00,None,1.0,27.58,0.0016,power,27.58,0.0,0.0,None,255.0,None,0.36,8.0,1.0,measurement,23.0,None,{'state': None},0.36,228.0
2022-04-28 06:57:21.233790+00:00,None,1.0,27.58,0.0016,power,27.58,0.0,0.0,None,255.0,None,0.0,8.0,1.0,measurement,23.0,None,{'state': None},0.36,228.0
2022-04-28 06:57:21.239884+00:00,None,1.0,27.58,0.0016,power,27.58,0.0,0.0,None,255.0,None,0.0,8.0,1.0,measurement,23.0,None,{'state': None},0.0,228.0
2022-04-28 07:02:19.928118+00:00,None,1.0,27.58,0.0,power,27.58,0.0,0.0,None,255.0,None,0.0,8.0,1.0,measurement,23.0,None,{'state': None},0.0,228.0
2022-04-28 07:06:11.262090+00:00,None,1.0,27.58,0.0,power,27.58,0.0,0.0,None,255.0,None,0.38,8.0,1.0,measurement,23.0,None,{'state': None},0.0,228.0
2022-04-28 07:06:11.269203+00:00,None,1.0,27.58,0.0,power,27.58,0.0,0.0,None,255.0,None,0.38,8.0,1.0,measurement,23.0,None,{'state': None},0.38,228.0
2022-04-28 07:07:19.423206+00:00,None,1.0,27.58,0.0,power,27.58,0.0,0.0,None,255.0,None,0.0,8.0,1.0,measurement,23.0,None,{'state': None},0.38,228.0
2022-04-28 07:07:19.429314+00:00,None,1.0,27.58,0.0,power,27.58,0.0,0.0,None,255.0,None,0.0,8.0,1.0,measurement,23.0,None,{'state': None},0.0,228.0
2022-04-28 07:16:26.702392+00:00,None,1.0,27.58,0.0,power,27.58,0.0,0.0,None,255.0,None,0.37,8.0,1.0,measurement,23.0,None,{'state': None},0.0,228.0
2022-04-28 07:16:26.707934+00:00,None,1.0,27.58,0.0,power,27.58,0.0,0.0,None,255.0,None,0.37,8.0,1.0,measurement,23.0,None,{'state': None},0.37,228.0
2022-04-28 07:16:41.719737+00:00,None,1.0,27.58,0.0,power,27.58,0.0,0.0,None,255.0,None,0.0,8.0,1.0,measurement,23.0,None,{'state': None},0.37,228.0
2022-04-28 07:16:41.726783+00:00,None,1.0,27.58,0.0,power,27.58,0.0,0.0,None,255.0,None,0.0,8.0,1.0,measurement,23.0,None,{'state': None},0.0,228.0
2022-04-28 07:35:16.767022+00:00,None,1.0,27.58,0.0,power,27.58,0.0,0.0,None,170.0,None,0.41,8.0,1.0,measurement,23.0,None,{'state': None},0.0,228.0
2022-04-28 07:35:16.775082+00:00,None,1.0,27.58,0.0,power,27.58,0.0,0.0,None,170.0,None,0.41,8.0,1.0,measurement,23.0,None,{'state': None},0.41,228.0
2022-04-28 07:35:31.758669+00:00,None,1.0,27.58,0.0,power,27.58,0.0,0.0,None,247.0,None,0.0,8.0,1.0,measurement,23.0,None,{'state': None},0.41,228.0
2022-04-28 07:35:31.764335+00:00,None,1.0,27.58,0.0,power,27.58,0.0,0.0,None,247.0,None,0.0,8.0,1.0,measurement,23.0,None,{'state': None},0.0,228.0
2022-04-28 07:37:44.540070+00:00,None,1.0,27.58,0.0,power,27.58,0.0,0.0,None,255.0,None,0.0,8.0,1.0,measurement,23.0,None,{'state': None},0.0,228.0
2022-04-28 07:43:14.771150+00:00,None,1.0,27.58,0.0,power,27.58,0.0,0.0,None,255.0,None,0.35,8.0,1.0,measurement,23.0,None,{'state': None},0.0,228.0
2022-04-28 07:43:14.775830+00:00,None,1.0,27.58,0.0,power,27.58,0.0,0.0,None,255.0,None,0.35,8.0,1.0,measurement,23.0,None,{'state': None},0.35,228.0
2022-04-28 07:43:43.196309+00:00,None,1.0,27.58,0.0,power,27.58,0.0,0.0,None,255.0,None,0.0,8.0,1.0,measurement,23.0,None,{'state': None},0.35,228.0
2022-04-28 07:43:43.201548+00:00,None,1.0,27.58,0.0,power,27.58,0.0,0.0,None,255.0,None,0.0,8.0,1.0,measurement,23.0,None,{'state': None},0.0,228.0
2022-04-28 07:49:56.807756+00:00,None,1.0,27.58,0.0,power,27.58,0.0,0.0,None,255.0,None,0.38,8.0,1.0,measurement,23.0,None,{'state': None},0.0,228.0
2022-04-28 07:49:56.813880+00:00,None,1.0,27.58,0.0,power,27.58,0.0,0.0,None,255.0,None,0.38,8.0,1.0,measurement,23.0,None,{'state': None},0.38,228.0
2022-04-28 07:50:11.815018+00:00,None,1.0,27.58,0.0,power,27.58,0.0,0.0,None,255.0,None,0.0,8.0,1.0,measurement,23.0,None,{'state': None},0.38,228.0
2022-04-28 07:50:11.820710+00:00,None,1.0,27.58,0.0,power,27.58,0.0,0.0,None,255.0,None,0.0,8.0,1.0,measurement,23.0,None,{'state': None},0.0,228.0
2022-04-28 08:02:04.810517+00:00,None,1.0,27.58,0.0,power,27.58,0.0,0.0,None,255.0,None,0.35,8.0,1.0,measurement,23.0,None,{'state': None},0.0,228.0
2022-04-28 08:02:04.815900+00:00,None,1.0,27.58,0.0,power,27.58,0.0,0.0,None,255.0,None,0.35,8.0,1.0,measurement,23.0,None,{'state': None},0.35,228.0
2022-04-28 08:02:19.832070+00:00,None,1.0,27.58,0.0,power,27.58,0.0,0.0,None,255.0,None,0.0,8.0,1.0,measurement,23.0,None,{'state': None},0.35,228.0
2022-04-28 08:02:19.839744+00:00,None,1.0,27.58,0.0,power,27.58,0.0,0.0,None,255.0,None,0.0,8.0,1.0,measurement,23.0,None,{'state': None},0.0,228.0
2022-04-28 08:08:08.532876+00:00,None,1.0,27.58,0.0,power,27.58,0.0,0.0,None,255.0,None,0.0,8.0,1.0,measurement,23.0,None,{'state': None},0.0,235.0
2022-04-28 08:11:59.182292+00:00,None,1.0,27.58,0.0,power,27.58,0.0,0.0,None,255.0,None,0.44,8.0,1.0,measurement,23.0,None,{'state': None},0.0,235.0
2022-04-28 08:11:59.187451+00:00,None,1.0,27.58,0.0,power,27.58,0.0,0.0,None,255.0,None,0.44,8.0,1.0,measurement,23.0,None,{'state': None},0.44,235.0
2022-04-28 08:12:40.014020+00:00,None,1.0,27.58,0.0,power,27.58,0.0,0.0,None,255.0,None,0.0,8.0,1.0,measurement,23.0,None,{'state': None},0.44,235.0
2022-04-28 08:12:40.018482+00:00,None,1.0,27.58,0.0,power,27.58,0.0,0.0,None,255.0,None,0.0,8.0,1.0,measurement,23.0,None,{'state': None},0.0,235.0
2022-04-28 08:32:36.252032+00:00,None,1.0,27.58,0.0,power,27.58,0.0,0.0,None,255.0,None,0.38,8.0,1.0,measurement,23.0,None,{'state': None},0.0,235.0
2022-04-28 08:32:36.258899+00:00,None,1.0,27.58,0.0,power,27.58,0.0,0.0,None,255.0,None,0.38,8.0,1.0,measurement,23.0,None,{'state': None},0.38,235.0
2022-04-28 08:33:04.373421+00:00,None,1.0,27.58,0.0,power,27.58,0.0,0.0,None,255.0,None,0.0,8.0,1.0,measurement,23.0,None,{'state': None},0.38,235.0
2022-04-28 08:33:04.378079+00:00,None,1.0,27.58,0.0,power,27.58,0.0,0.0,None,255.0,None,0.0,8.0,1.0,measurement,23.0,None,{'state': None},0.0,235.0
2022-04-28 08:42:08.318388+00:00,None,1.0,27.58,0.0,power,27.58,0.0,0.0,None,255.0,None,0.4,8.0,1.0,measurement,23.0,None,{'state': None},0.0,235.0
2022-04-28 08:42:08.324460+00:00,None,1.0,27.58,0.0,power,27.58,0.0,0.0,None,255.0,None,0.4,8.0,1.0,measurement,23.0,None,{'state': None},0.4,235.0
2022-04-28 08:42:36.867420+00:00,None,1.0,27.58,0.0,power,27.58,0.0,0.0,None,255.0,None,0.0,8.0,1.0,measurement,23.0,None,{'state': None},0.4,235.0
2022-04-28 08:42:36.871953+00:00,None,1.0,27.58,0.0,power,27.58,0.0,0.0,None,255.0,None,0.0,8.0,1.0,measurement,23.0,None,{'state': None},0.0,235.0
2022-04-28 08:49:23.520162+00:00,None,1.0,27.58,0.0,power,27.58,0.0,0.0,None,255.0,None,0.37,8.0,1.0,measurement,23.0,None,{'state': None},0.0,235.0
2022-04-28 08:49:23.528409+00:00,None,1.0,27.58,0.0,power,27.58,0.0,0.0,None,255.0,None,0.37,8.0,1.0,measurement,23.0,None,{'state': None},0.37,235.0
2022-04-28 08:50:43.961614+00:00,None,1.0,27.58,0.0,power,27.58,0.0,0.0,None,255.0,None,0.0,8.0,1.0,measurement,23.0,None,{'state': None},0.37,235.0
2022-04-28 08:50:43.970635+00:00,None,1.0,27.58,0.0,power,27.58,0.0,0.0,None,255.0,None,0.0,8.0,1.0,measurement,23.0,None,{'state': None},0.0,235.0
2022-04-28 09:00:02.309766+00:00,None,1.0,27.58,0.0,power,27.58,0.0,0.0,None,255.0,None,0.38,8.0,1.0,measurement,23.0,None,{'state': None},0.0,235.0
2022-04-28 09:00:02.314914+00:00,None,1.0,27.58,0.0,power,27.58,0.0,0.0,None,255.0,None,0.38,8.0,1.0,measurement,23.0,None,{'state': None},0.38,235.0
2022-04-28 09:00:17.330326+00:00,None,1.0,27.58,0.0,power,27.58,0.0,0.0,None,255.0,None,0.0,8.0,1.0,measurement,23.0,None,{'state': None},0.38,235.0
2022-04-28 09:00:17.335937+00:00,None,1.0,27.58,0.0,power,27.58,0.0,0.0,None,255.0,None,0.0,8.0,1.0,measurement,23.0,None,{'state': None},0.0,235.0
2022-04-28 09:07:04.590754+00:00,None,1.0,27.58,0.0,power,27.58,0.0,0.0,None,255.0,None,0.39,8.0,1.0,measurement,23.0,None,{'state': None},0.0,235.0
2022-04-28 09:07:04.596740+00:00,None,1.0,27.58,0.0,power,27.58,0.0,0.0,None,255.0,None,0.39,8.0,1.0,measurement,23.0,None,{'state': None},0.39,235.0
2022-04-28 09:07:19.607715+00:00,None,1.0,27.58,0.0,power,27.58,0.0,0.0,None,255.0,None,0.0,8.0,1.0,measurement,23.0,None,{'state': None},0.39,235.0
2022-04-28 09:07:19.615218+00:00,None,1.0,27.58,0.0,power,27.58,0.0,0.0,None,255.0,None,0.0,8.0,1.0,measurement,23.0,None,{'state': None},0.0,235.0
2022-04-28 09:09:27.837680+00:00,None,1.0,27.58,0.0,power,27.58,0.0,0.0,None,255.0,None,0.0,8.0,1.0,measurement,23.0,None,{'state': None},0.0,228.0
2022-04-28 09:16:56.522823+00:00,None,1.0,27.58,0.0,power,27.58,0.0,0.0,None,239.0,None,0.0,8.0,1.0,measurement,23.0,None,{'state': None},0.0,228.0
2022-04-28 09:24:58.581880+00:00,None,1.0,27.58,0.0,power,27.58,0.0,0.0,None,255.0,None,0.0,8.0,1.0,measurement,23.0,None,{'state': None},0.0,228.0
2022-04-28 09:25:08.553651+00:00,None,1.0,27.58,0.0,power,27.58,0.0,0.0,None,255.0,None,0.38,8.0,1.0,measurement,23.0,None,{'state': None},0.0,228.0
2022-04-28 09:25:08.562794+00:00,None,1.0,27.58,0.0,power,27.58,0.0,0.0,None,255.0,None,0.38,8.0,1.0,measurement,23.0,None,{'state': None},0.38,228.0
2022-04-28 09:25:23.574760+00:00,None,1.0,27.58,0.0,power,27.58,0.0,0.0,None,255.0,None,0.0,8.0,1.0,measurement,23.0,None,{'state': None},0.38,228.0
2022-04-28 09:25:23.580991+00:00,None,1.0,27.58,0.0,power,27.58,0.0,0.0,None,255.0,None,0.0,8.0,1.0,measurement,23.0,None,{'state': None},0.0,228.0
2022-04-28 09:39:58.657907+00:00,None,1.0,27.58,0.0,power,27.58,0.0,0.0,None,255.0,None,0.41,8.0,1.0,measurement,23.0,None,{'state': None},0.0,228.0
2022-04-28 09:39:58.663389+00:00,None,1.0,27.58,0.0,power,27.58,0.0,0.0,None,255.0,None,0.41,8.0,1.0,measurement,23.0,None,{'state': None},0.41,228.0
2022-04-28 09:40:28.618903+00:00,None,1.0,27.58,0.0,power,27.58,0.0,0.0,None,255.0,None,0.0,8.0,1.0,measurement,23.0,None,{'state': None},0.41,228.0
2022-04-28 09:40:28.625217+00:00,None,1.0,27.58,0.0,power,27.58,0.0,0.0,None,255.0,None,0.0,8.0,1.0,measurement,23.0,None,{'state': None},0.0,228.0
2022-04-28 09:49:51.197730+00:00,None,1.0,27.58,0.0,power,27.58,0.0,0.0,None,255.0,None,0.39,8.0,1.0,measurement,23.0,None,{'state': None},0.0,228.0
2022-04-28 09:49:51.202792+00:00,None,1.0,27.58,0.0,power,27.58,0.0,0.0,None,255.0,None,0.39,8.0,1.0,measurement,23.0,None,{'state': None},0.39,228.0
2022-04-28 09:50:32.627178+00:00,None,1.0,27.58,0.0,power,27.58,0.0,0.0,None,255.0,None,0.0,8.0,1.0,measurement,23.0,None,{'state': None},0.39,228.0
2022-04-28 09:50:32.631289+00:00,None,1.0,27.58,0.0,power,27.58,0.0,0.0,None,255.0,None,0.0,8.0,1.0,measurement,23.0,None,{'state': None},0.0,228.0
2022-04-28 09:53:45.370743+00:00,None,1.0,27.58,0.0,power,27.58,0.0,0.0,None,255.0,None,0.4,8.0,1.0,measurement,23.0,None,{'state': None},0.0,228.0
2022-04-28 09:53:45.377435+00:00,None,1.0,27.58,0.0,power,27.58,0.0,0.0,None,255.0,None,0.4,8.0,1.0,measurement,23.0,None,{'state': None},0.4,228.0
2022-04-28 09:54:25.899870+00:00,None,1.0,27.58,0.0,power,27.58,0.0,0.0,None,255.0,None,0.0,8.0,1.0,measurement,23.0,None,{'state': None},0.4,228.0
2022-04-28 09:54:25.906223+00:00,None,1.0,27.58,0.0,power,27.58,0.0,0.0,None,255.0,None,0.0,8.0,1.0,measurement,23.0,None,{'state': None},0.0,228.0
2022-04-28 09:58:45.884358+00:00,None,1.0,27.58,0.0,power,27.58,0.0,0.0,None,255.0,None,0.42,8.0,1.0,measurement,23.0,None,{'state': None},0.0,228.0
2022-04-28 09:58:45.890535+00:00,None,1.0,27.58,0.0,power,27.58,0.0,0.0,None,255.0,None,0.42,8.0,1.0,measurement,23.0,None,{'state': None},0.42,228.0
2022-04-28 09:59:00.880085+00:00,None,1.0,27.58,0.0,power,27.58,0.0,0.0,None,255.0,None,0.0,8.0,1.0,measurement,23.0,None,{'state': None},0.42,228.0
2022-04-28 09:59:00.884957+00:00,None,1.0,27.58,0.0,power,27.58,0.0,0.0,None,255.0,None,0.0,8.0,1.0,measurement,23.0,None,{'state': None},0.0,228.0
2022-04-28 10:02:58.892428+00:00,None,1.0,27.58,0.0,power,27.58,0.0,0.0,None,255.0,None,0.36,8.0,1.0,measurement,23.0,None,{'state': None},0.0,228.0
2022-04-28 10:02:58.899499+00:00,None,1.0,27.58,0.0,power,27.58,0.0,0.0,None,255.0,None,0.36,8.0,1.0,measurement,23.0,None,{'state': None},0.36,228.0
2022-04-28 10:03:46.289287+00:00,None,1.0,27.58,0.0016,power,27.58,0.0,0.0,None,255.0,None,0.36,8.0,1.0,measurement,23.0,None,{'state': None},0.36,228.0
2022-04-28 10:03:56.457819+00:00,None,1.0,27.58,0.0016,power,27.58,0.0,0.0,None,255.0,None,0.0,8.0,1.0,measurement,23.0,None,{'state': None},0.36,228.0
2022-04-28 10:03:56.463267+00:00,None,1.0,27.58,0.0016,power,27.58,0.0,0.0,None,255.0,None,0.0,8.0,1.0,measurement,23.0,None,{'state': None},0.0,228.0
2022-04-28 10:10:20.750142+00:00,None,1.0,27.58,0.0,power,27.58,0.0,0.0,None,255.0,None,0.0,8.0,1.0,measurement,23.0,None,{'state': None},0.0,228.0
2022-04-28 10:15:21.847096+00:00,None,1.0,27.58,0.0,power,27.58,0.0,0.0,None,255.0,None,0.39,8.0,1.0,measurement,23.0,None,{'state': None},0.0,228.0
2022-04-28 10:15:21.852817+00:00,None,1.0,27.58,0.0,power,27.58,0.0,0.0,None,255.0,None,0.39,8.0,1.0,measurement,23.0,None,{'state': None},0.39,228.0
2022-04-28 10:15:36.866476+00:00,None,1.0,27.58,0.0,power,27.58,0.0,0.0,None,255.0,None,0.0,8.0,1.0,measurement,23.0,None,{'state': None},0.39,228.0
2022-04-28 10:15:36.872033+00:00,None,1.0,27.58,0.0,power,27.58,0.0,0.0,None,255.0,None,0.0,8.0,1.0,measurement,23.0,None,{'state': None},0.0,228.0
2022-04-28 10:23:01.851270+00:00,None,1.0,27.58,0.0,power,27.58,0.0,0.0,None,255.0,None,0.0,8.0,1.0,measurement,23.0,None,{'state': None},0.0,231.0
2022-04-28 10:29:25.236863+00:00,None,1.0,27.58,0.0,power,27.58,0.0,0.0,None,170.0,None,0.0,8.0,1.0,measurement,23.0,None,{'state': None},0.0,231.0
2022-04-28 10:33:15.023529+00:00,None,1.0,27.58,0.0,power,27.58,0.0,0.0,None,255.0,None,0.37,8.0,1.0,measurement,23.0,None,{'state': None},0.0,231.0
2022-04-28 10:33:15.027262+00:00,None,1.0,27.58,0.0,power,27.58,0.0,0.0,None,255.0,None,0.37,8.0,1.0,measurement,23.0,None,{'state': None},0.37,231.0
2022-04-28 10:33:44.756276+00:00,None,1.0,27.58,0.0,power,27.58,0.0,0.0,None,255.0,None,0.0,8.0,1.0,measurement,23.0,None,{'state': None},0.37,231.0
2022-04-28 10:33:44.763009+00:00,None,1.0,27.58,0.0,power,27.58,0.0,0.0,None,255.0,None,0.0,8.0,1.0,measurement,23.0,None,{'state': None},0.0,231.0
2022-04-28 10:49:06.723812+00:00,None,1.0,27.58,0.0,power,27.58,0.0,0.0,None,255.0,None,0.4,8.0,1.0,measurement,23.0,None,{'state': None},0.0,231.0
2022-04-28 10:49:06.730479+00:00,None,1.0,27.58,0.0,power,27.58,0.0,0.0,None,255.0,None,0.4,8.0,1.0,measurement,23.0,None,{'state': None},0.4,231.0
2022-04-28 10:49:35.261957+00:00,None,1.0,27.58,0.0,power,27.58,0.0,0.0,None,255.0,None,0.0,8.0,1.0,measurement,23.0,None,{'state': None},0.4,231.0
2022-04-28 10:49:35.271050+00:00,None,1.0,27.58,0.0,power,27.58,0.0,0.0,None,255.0,None,0.0,8.0,1.0,measurement,23.0,None,{'state': None},0.0,231.0
2022-04-28 11:00:00.566733+00:00,None,1.0,27.58,0.0,power,27.58,0.0,0.0,None,255.0,None,0.39,8.0,1.0,measurement,23.0,None,{'state': None},0.0,231.0
2022-04-28 11:00:00.570713+00:00,None,1.0,27.58,0.0,power,27.58,0.0,0.0,None,255.0,None,0.39,8.0,1.0,measurement,23.0,None,{'state': None},0.39,231.0
2022-04-28 11:00:04.895828+00:00,None,1.0,27.58,0.0017,power,27.58,0.0,0.0,None,255.0,None,0.39,8.0,1.0,measurement,23.0,None,{'state': None},0.39,231.0
2022-04-28 11:00:40.794009+00:00,None,1.0,27.58,0.0017,power,27.58,0.0,0.0,None,255.0,None,0.0,8.0,1.0,measurement,23.0,None,{'state': None},0.39,231.0
2022-04-28 11:00:40.802575+00:00,None,1.0,27.58,0.0017,power,27.58,0.0,0.0,None,255.0,None,0.0,8.0,1.0,measurement,23.0,None,{'state': None},0.0,231.0
2022-04-28 11:05:37.661088+00:00,None,1.0,27.58,0.0,power,27.58,0.0,0.0,None,255.0,None,0.0,8.0,1.0,measurement,23.0,None,{'state': None},0.0,231.0
2022-04-28 11:11:21.303564+00:00,None,1.0,27.58,0.0,power,27.58,0.0,0.0,None,255.0,None,0.42,8.0,1.0,measurement,23.0,None,{'state': None},0.0,231.0
2022-04-28 11:11:21.313545+00:00,None,1.0,27.58,0.0,power,27.58,0.0,0.0,None,255.0,None,0.42,8.0,1.0,measurement,23.0,None,{'state': None},0.42,231.0
2022-04-28 11:11:36.307787+00:00,None,1.0,27.58,0.0,power,27.58,0.0,0.0,None,255.0,None,0.0,8.0,1.0,measurement,23.0,None,{'state': None},0.42,231.0
2022-04-28 11:11:36.312760+00:00,None,1.0,27.58,0.0,power,27.58,0.0,0.0,None,255.0,None,0.0,8.0,1.0,measurement,23.0,None,{'state': None},0.0,231.0
2022-04-28 11:27:33.597500+00:00,None,1.0,27.58,0.0,power,27.58,0.0,0.0,None,255.0,None,0.43,8.0,1.0,measurement,23.0,None,{'state': None},0.0,231.0
2022-04-28 11:27:33.605725+00:00,None,1.0,27.58,0.0,power,27.58,0.0,0.0,None,255.0,None,0.43,8.0,1.0,measurement,23.0,None,{'state': None},0.43,231.0
2022-04-28 11:27:48.602486+00:00,None,1.0,27.58,0.0,power,27.58,0.0,0.0,None,255.0,None,0.0,8.0,1.0,measurement,23.0,None,{'state': None},0.43,231.0
2022-04-28 11:27:48.608777+00:00,None,1.0,27.58,0.0,power,27.58,0.0,0.0,None,255.0,None,0.0,8.0,1.0,measurement,23.0,None,{'state': None},0.0,231.0
2022-04-28 11:39:50.787700+00:00,None,1.0,27.58,0.0,power,27.58,0.0,0.0,None,255.0,None,0.4,8.0,1.0,measurement,23.0,None,{'state': None},0.0,231.0
2022-04-28 11:39:50.793112+00:00,None,1.0,27.58,0.0,power,27.58,0.0,0.0,None,255.0,None,0.4,8.0,1.0,measurement,23.0,None,{'state': None},0.4,231.0
2022-04-28 11:40:19.224068+00:00,None,1.0,27.58,0.0,power,27.58,0.0,0.0,None,255.0,None,0.0,8.0,1.0,measurement,23.0,None,{'state': None},0.4,231.0
2022-04-28 11:40:19.229208+00:00,None,1.0,27.58,0.0,power,27.58,0.0,0.0,None,255.0,None,0.0,8.0,1.0,measurement,23.0,None,{'state': None},0.0,231.0
2022-04-28 11:45:02.778502+00:00,None,1.0,27.58,0.0,power,27.58,0.0,0.0,None,255.0,None,0.38,8.0,1.0,measurement,23.0,None,{'state': None},0.0,231.0
2022-04-28 11:45:02.786086+00:00,None,1.0,27.58,0.0,power,27.58,0.0,0.0,None,255.0,None,0.38,8.0,1.0,measurement,23.0,None,{'state': None},0.38,231.0
2022-04-28 11:45:17.795175+00:00,None,1.0,27.58,0.0,power,27.58,0.0,0.0,None,255.0,None,0.0,8.0,1.0,measurement,23.0,None,{'state': None},0.38,231.0
2022-04-28 11:45:17.801210+00:00,None,1.0,27.58,0.0,power,27.58,0.0,0.0,None,255.0,None,0.0,8.0,1.0,measurement,23.0,None,{'state': None},0.0,231.0
2022-04-28 12:02:51.093771+00:00,None,1.0,27.58,0.0,power,27.58,0.0,0.0,None,255.0,None,0.36,8.0,1.0,measurement,23.0,None,{'state': None},0.0,231.0
2022-04-28 12:02:51.097069+00:00,None,1.0,27.58,0.0,power,27.58,0.0,0.0,None,255.0,None,0.36,8.0,1.0,measurement,23.0,None,{'state': None},0.36,231.0
2022-04-28 12:03:06.133281+00:00,None,1.0,27.58,0.0,power,27.58,0.0,0.0,None,255.0,None,0.0,8.0,1.0,measurement,23.0,None,{'state': None},0.36,231.0
2022-04-28 12:03:06.138734+00:00,None,1.0,27.58,0.0,power,27.58,0.0,0.0,None,255.0,None,0.0,8.0,1.0,measurement,23.0,None,{'state': None},0.0,231.0
2022-04-28 12:17:48.382496+00:00,None,1.0,27.58,0.0,power,27.58,0.0,0.0,None,255.0,None,0.35,8.0,1.0,measurement,23.0,None,{'state': None},0.0,231.0
2022-04-28 12:17:48.387275+00:00,None,1.0,27.58,0.0,power,27.58,0.0,0.0,None,255.0,None,0.35,8.0,1.0,measurement,23.0,None,{'state': None},0.35,231.0
2022-04-28 12:18:16.003543+00:00,None,1.0,27.58,0.0,power,27.58,0.0,0.0,None,255.0,None,0.0,8.0,1.0,measurement,23.0,None,{'state': None},0.35,231.0
2022-04-28 12:18:16.009774+00:00,None,1.0,27.58,0.0,power,27.58,0.0,0.0,None,255.0,None,0.0,8.0,1.0,measurement,23.0,None,{'state': None},0.0,231.0
2022-04-28 12:24:51.355722+00:00,None,1.0,27.58,0.0,power,27.58,0.0,0.0,None,255.0,None,0.35,8.0,1.0,measurement,23.0,None,{'state': None},0.0,231.0
2022-04-28 12:24:51.359610+00:00,None,1.0,27.58,0.0,power,27.58,0.0,0.0,None,255.0,None,0.35,8.0,1.0,measurement,23.0,None,{'state': None},0.35,231.0
2022-04-28 12:25:43.780666+00:00,None,1.0,27.58,0.0,power,27.58,0.0,0.0,None,255.0,None,0.0,8.0,1.0,measurement,23.0,None,{'state': None},0.35,231.0
2022-04-28 12:25:43.785109+00:00,None,1.0,27.58,0.0,power,27.58,0.0,0.0,None,255.0,None,0.0,8.0,1.0,measurement,23.0,None,{'state': None},0.0,231.0
2022-04-28 12:34:57.123157+00:00,None,1.0,27.58,0.0,power,27.58,0.0,0.0,None,255.0,None,0.42,8.0,1.0,measurement,23.0,None,{'state': None},0.0,231.0
2022-04-28 12:34:57.129878+00:00,None,1.0,27.58,0.0,power,27.58,0.0,0.0,None,255.0,None,0.42,8.0,1.0,measurement,23.0,None,{'state': None},0.42,231.0
2022-04-28 12:35:24.521208+00:00,None,1.0,27.58,0.0,power,27.58,0.0,0.0,None,255.0,None,0.0,8.0,1.0,measurement,23.0,None,{'state': None},0.42,231.0
2022-04-28 12:35:24.527656+00:00,None,1.0,27.58,0.0,power,27.58,0.0,0.0,None,255.0,None,0.0,8.0,1.0,measurement,23.0,None,{'state': None},0.0,231.0
2022-04-28 12:42:11.990174+00:00,None,1.0,27.58,0.0,power,27.58,0.0,0.0,None,255.0,None,0.39,8.0,1.0,measurement,23.0,None,{'state': None},0.0,231.0
2022-04-28 12:42:11.996796+00:00,None,1.0,27.58,0.0,power,27.58,0.0,0.0,None,255.0,None,0.39,8.0,1.0,measurement,23.0,None,{'state': None},0.39,231.0
2022-04-28 12:42:26.999241+00:00,None,1.0,27.58,0.0,power,27.58,0.0,0.0,None,255.0,None,0.0,8.0,1.0,measurement,23.0,None,{'state': None},0.39,231.0
2022-04-28 12:42:27.006302+00:00,None,1.0,27.58,0.0,power,27.58,0.0,0.0,None,255.0,None,0.0,8.0,1.0,measurement,23.0,None,{'state': None},0.0,231.0
2022-04-28 12:50:08.506953+00:00,None,1.0,27.58,0.0,power,27.58,0.0,0.0,None,255.0,None,0.36,8.0,1.0,measurement,23.0,None,{'state': None},0.0,231.0
2022-04-28 12:50:08.514360+00:00,None,1.0,27.58,0.0,power,27.58,0.0,0.0,None,255.0,None,0.36,8.0,1.0,measurement,23.0,None,{'state': None},0.36,231.0
2022-04-28 12:51:06.152686+00:00,None,1.0,27.58,0.0,power,27.58,0.0,0.0,None,255.0,None,0.0,8.0,1.0,measurement,23.0,None,{'state': None},0.36,231.0
2022-04-28 12:51:06.158675+00:00,None,1.0,27.58,0.0,power,27.58,0.0,0.0,None,255.0,None,0.0,8.0,1.0,measurement,23.0,None,{'state': None},0.0,231.0
2022-04-28 12:57:09.759815+00:00,None,1.0,27.58,0.0,power,27.58,0.0,0.0,None,255.0,None,0.35,8.0,1.0,measurement,23.0,None,{'state': None},0.0,231.0
2022-04-28 12:57:09.764282+00:00,None,1.0,27.58,0.0,power,27.58,0.0,0.0,None,255.0,None,0.35,8.0,1.0,measurement,23.0,None,{'state': None},0.35,231.0
2022-04-28 12:57:24.772938+00:00,None,1.0,27.58,0.0,power,27.58,0.0,0.0,None,255.0,None,0.0,8.0,1.0,measurement,23.0,None,{'state': None},0.35,231.0
2022-04-28 12:57:24.779403+00:00,None,1.0,27.58,0.0,power,27.58,0.0,0.0,None,255.0,None,0.0,8.0,1.0,measurement,23.0,None,{'state': None},0.0,231.0
2022-04-28 13:03:50.550145+00:00,None,1.0,27.58,0.0,power,27.58,0.0,0.0,None,255.0,None,0.38,8.0,1.0,measurement,23.0,None,{'state': None},0.0,231.0
2022-04-28 13:03:50.559491+00:00,None,1.0,27.58,0.0,power,27.58,0.0,0.0,None,255.0,None,0.38,8.0,1.0,measurement,23.0,None,{'state': None},0.38,231.0
2022-04-28 13:04:05.586192+00:00,None,1.0,27.58,0.0,power,27.58,0.0,0.0,None,255.0,None,0.0,8.0,1.0,measurement,23.0,None,{'state': None},0.38,231.0
2022-04-28 13:04:05.591015+00:00,None,1.0,27.58,0.0,power,27.58,0.0,0.0,None,255.0,None,0.0,8.0,1.0,measurement,23.0,None,{'state': None},0.0,231.0
2022-04-28 13:09:17.367028+00:00,None,1.0,27.58,0.0,power,27.58,0.0,0.0,None,255.0,None,0.36,8.0,1.0,measurement,23.0,None,{'state': None},0.0,231.0
2022-04-28 13:09:17.370509+00:00,None,1.0,27.58,0.0,power,27.58,0.0,0.0,None,255.0,None,0.36,8.0,1.0,measurement,23.0,None,{'state': None},0.36,231.0
2022-04-28 13:09:47.212144+00:00,None,1.0,27.58,0.0,power,27.58,0.0,0.0,None,255.0,None,0.0,8.0,1.0,measurement,23.0,None,{'state': None},0.36,231.0
2022-04-28 13:09:47.218158+00:00,None,1.0,27.58,0.0,power,27.58,0.0,0.0,None,255.0,None,0.0,8.0,1.0,measurement,23.0,None,{'state': None},0.0,231.0
2022-04-28 13:16:18.850128+00:00,None,1.0,27.58,0.0,power,27.58,0.0,0.0,None,255.0,None,0.38,8.0,1.0,measurement,23.0,None,{'state': None},0.0,231.0
2022-04-28 13:16:18.855151+00:00,None,1.0,27.58,0.0,power,27.58,0.0,0.0,None,255.0,None,0.38,8.0,1.0,measurement,23.0,None,{'state': None},0.38,231.0
2022-04-28 13:16:47.261498+00:00,None,1.0,27.58,0.0,power,27.58,0.0,0.0,None,255.0,None,0.0,8.0,1.0,measurement,23.0,None,{'state': None},0.38,231.0
2022-04-28 13:16:47.268775+00:00,None,1.0,27.58,0.0,power,27.58,0.0,0.0,None,255.0,None,0.0,8.0,1.0,measurement,23.0,None,{'state': None},0.0,231.0
2022-04-28 13:28:11.767797+00:00,None,1.0,27.58,0.0,power,27.58,0.0,0.0,None,247.0,None,0.35,8.0,1.0,measurement,23.0,None,{'state': None},0.0,231.0
2022-04-28 13:28:11.774615+00:00,None,1.0,27.58,0.0,power,27.58,0.0,0.0,None,247.0,None,0.35,8.0,1.0,measurement,23.0,None,{'state': None},0.35,231.0
2022-04-28 13:28:50.664255+00:00,None,1.0,27.58,0.0,power,27.58,0.0,0.0,None,239.0,None,0.0,8.0,1.0,measurement,23.0,None,{'state': None},0.35,231.0
2022-04-28 13:28:50.670845+00:00,None,1.0,27.58,0.0,power,27.58,0.0,0.0,None,239.0,None,0.0,8.0,1.0,measurement,23.0,None,{'state': None},0.0,231.0
2022-04-28 13:34:33.424218+00:00,None,1.0,27.58,0.0,power,27.58,0.0,0.0,None,247.0,None,0.0,8.0,1.0,measurement,23.0,None,{'state': None},0.0,231.0
2022-04-28 13:48:17.597811+00:00,None,1.0,27.58,0.0,power,27.58,0.0,0.0,None,247.0,None,0.4,8.0,1.0,measurement,23.0,None,{'state': None},0.0,231.0
2022-04-28 13:48:17.602341+00:00,None,1.0,27.58,0.0,power,27.58,0.0,0.0,None,247.0,None,0.4,8.0,1.0,measurement,23.0,None,{'state': None},0.4,231.0
2022-04-28 13:49:01.950690+00:00,None,1.0,27.58,0.0,power,27.58,0.0,0.0,None,247.0,None,0.0,8.0,1.0,measurement,23.0,None,{'state': None},0.4,231.0
2022-04-28 13:49:01.956385+00:00,None,1.0,27.58,0.0,power,27.58,0.0,0.0,None,247.0,None,0.0,8.0,1.0,measurement,23.0,None,{'state': None},0.0,231.0
2022-04-28 13:59:19.994739+00:00,None,1.0,27.58,0.0,power,27.58,0.0,0.0,None,247.0,None,0.39,8.0,1.0,measurement,23.0,None,{'state': None},0.0,231.0
2022-04-28 13:59:19.999095+00:00,None,1.0,27.58,0.0,power,27.58,0.0,0.0,None,247.0,None,0.39,8.0,1.0,measurement,23.0,None,{'state': None},0.39,231.0
2022-04-28 13:59:34.999638+00:00,None,1.0,27.58,0.0,power,27.58,0.0,0.0,None,239.0,None,0.0,8.0,1.0,measurement,23.0,None,{'state': None},0.39,231.0
2022-04-28 13:59:35.005193+00:00,None,1.0,27.58,0.0,power,27.58,0.0,0.0,None,239.0,None,0.0,8.0,1.0,measurement,23.0,None,{'state': None},0.0,231.0
2022-04-28 14:03:17.087053+00:00,None,1.0,27.58,0.0,power,27.58,0.0,0.0,None,247.0,None,0.0,8.0,1.0,measurement,23.0,None,{'state': None},0.0,231.0
2022-04-28 14:10:05.852719+00:00,None,1.0,27.58,0.0,power,27.58,0.0,0.0,None,255.0,None,0.0,8.0,1.0,measurement,23.0,None,{'state': None},0.0,231.0
2022-04-28 14:16:43.619959+00:00,None,1.0,27.58,0.0,power,27.58,0.0,0.0,None,255.0,None,0.36,8.0,1.0,measurement,23.0,None,{'state': None},0.0,231.0
2022-04-28 14:16:43.624076+00:00,None,1.0,27.58,0.0,power,27.58,0.0,0.0,None,255.0,None,0.36,8.0,1.0,measurement,23.0,None,{'state': None},0.36,231.0
2022-04-28 14:17:41.479692+00:00,None,1.0,27.58,0.0,power,27.58,0.0,0.0,None,255.0,None,0.0,8.0,1.0,measurement,23.0,None,{'state': None},0.36,231.0
2022-04-28 14:17:41.485925+00:00,None,1.0,27.58,0.0,power,27.58,0.0,0.0,None,255.0,None,0.0,8.0,1.0,measurement,23.0,None,{'state': None},0.0,231.0
2022-04-28 14:24:48.296439+00:00,None,1.0,27.58,0.0,power,27.58,0.0,0.0,None,255.0,None,0.36,8.0,1.0,measurement,23.0,None,{'state': None},0.0,231.0
2022-04-28 14:24:48.303017+00:00,None,1.0,27.58,0.0,power,27.58,0.0,0.0,None,255.0,None,0.36,8.0,1.0,measurement,23.0,None,{'state': None},0.36,231.0
2022-04-28 14:25:03.319311+00:00,None,1.0,27.58,0.0,power,27.58,0.0,0.0,None,255.0,None,0.0,8.0,1.0,measurement,23.0,None,{'state': None},0.36,231.0
2022-04-28 14:25:03.325565+00:00,None,1.0,27.58,0.0,power,27.58,0.0,0.0,None,255.0,None,0.0,8.0,1.0,measurement,23.0,None,{'state': None},0.0,231.0
2022-04-28 14:35:42.850745+00:00,None,1.0,27.58,0.0,power,27.58,0.0,0.0,None,239.0,None,0.0,8.0,1.0,measurement,23.0,None,{'state': None},0.0,231.0
2022-04-28 14:35:48.078025+00:00,None,1.0,27.58,0.0,power,27.58,0.0,0.0,None,247.0,None,0.4,8.0,1.0,measurement,23.0,None,{'state': None},0.0,231.0
2022-04-28 14:35:48.083306+00:00,None,1.0,27.58,0.0,power,27.58,0.0,0.0,None,247.0,None,0.4,8.0,1.0,measurement,23.0,None,{'state': None},0.4,231.0
2022-04-28 14:36:56.539923+00:00,None,1.0,27.58,0.0,power,27.58,0.0,0.0,None,255.0,None,0.0,8.0,1.0,measurement,23.0,None,{'state': None},0.4,231.0
2022-04-28 14:36:56.545462+00:00,None,1.0,27.58,0.0,power,27.58,0.0,0.0,None,255.0,None,0.0,8.0,1.0,measurement,23.0,None,{'state': None},0.0,231.0
2022-04-28 14:41:35.089972+00:00,None,1.0,27.58,0.0,power,27.58,0.0,0.0,None,239.0,None,0.0,8.0,1.0,measurement,23.0,None,{'state': None},0.0,231.0
2022-04-28 14:53:19.087113+00:00,None,1.0,27.58,0.0,power,27.58,0.0,0.0,None,231.0,None,0.35,8.0,1.0,measurement,23.0,None,{'state': None},0.0,231.0
2022-04-28 14:53:19.091459+00:00,None,1.0,27.58,0.0,power,27.58,0.0,0.0,None,231.0,None,0.35,8.0,1.0,measurement,23.0,None,{'state': None},0.35,231.0
2022-04-28 14:54:30.255469+00:00,None,1.0,27.58,0.0,power,27.58,0.0,0.0,None,239.0,None,0.0,8.0,1.0,measurement,23.0,None,{'state': None},0.35,231.0
2022-04-28 14:54:30.262383+00:00,None,1.0,27.58,0.0,power,27.58,0.0,0.0,None,239.0,None,0.0,8.0,1.0,measurement,23.0,None,{'state': None},0.0,231.0
2022-04-28 14:55:40.412350+00:00,None,1.0,27.58,0.0,power,27.58,0.0,0.0,None,247.0,None,0.0,8.0,1.0,measurement,23.0,None,{'state': None},0.0,231.0
2022-04-28 15:06:53.319794+00:00,None,1.0,27.58,0.0,power,27.58,0.0,0.0,None,247.0,None,0.36,8.0,1.0,measurement,23.0,None,{'state': None},0.0,231.0
2022-04-28 15:06:53.326584+00:00,None,1.0,27.58,0.0,power,27.58,0.0,0.0,None,247.0,None,0.36,8.0,1.0,measurement,23.0,None,{'state': None},0.36,231.0
2022-04-28 15:09:09.893545+00:00,None,1.0,27.58,0.0,power,27.58,0.0,0.0,None,239.0,None,0.0,8.0,1.0,measurement,23.0,None,{'state': None},0.36,231.0
2022-04-28 15:09:09.898423+00:00,None,1.0,27.58,0.0,power,27.58,0.0,0.0,None,239.0,None,0.0,8.0,1.0,measurement,23.0,None,{'state': None},0.0,231.0
2022-04-28 15:12:15.890942+00:00,None,1.0,27.58,0.0,power,27.58,0.0,0.0,None,247.0,None,0.41,8.0,1.0,measurement,23.0,None,{'state': None},0.0,231.0
2022-04-28 15:12:15.896890+00:00,None,1.0,27.58,0.0,power,27.58,0.0,0.0,None,247.0,None,0.41,8.0,1.0,measurement,23.0,None,{'state': None},0.41,231.0
2022-04-28 15:12:30.896617+00:00,None,1.0,27.58,0.0,power,27.58,0.0,0.0,None,247.0,None,0.0,8.0,1.0,measurement,23.0,None,{'state': None},0.41,231.0
2022-04-28 15:12:30.903506+00:00,None,1.0,27.58,0.0,power,27.58,0.0,0.0,None,247.0,None,0.0,8.0,1.0,measurement,23.0,None,{'state': None},0.0,231.0
2022-04-28 15:16:17.620201+00:00,None,1.0,27.58,0.0,power,27.58,0.0,0.0,None,247.0,None,0.36,8.0,1.0,measurement,23.0,None,{'state': None},0.0,231.0
2022-04-28 15:16:17.627044+00:00,None,1.0,27.58,0.0,power,27.58,0.0,0.0,None,247.0,None,0.36,8.0,1.0,measurement,23.0,None,{'state': None},0.36,231.0
2022-04-28 15:16:32.637812+00:00,None,1.0,27.58,0.0,power,27.58,0.0,0.0,None,247.0,None,0.0,8.0,1.0,measurement,23.0,None,{'state': None},0.36,231.0
2022-04-28 15:16:32.642436+00:00,None,1.0,27.58,0.0,power,27.58,0.0,0.0,None,247.0,None,0.0,8.0,1.0,measurement,23.0,None,{'state': None},0.0,231.0
2022-04-28 15:16:35.856957+00:00,None,1.0,27.58,0.0,power,27.58,0.0,0.0,None,255.0,None,0.0,8.0,1.0,measurement,23.0,None,{'state': None},0.0,231.0
2022-04-28 15:22:48.355559+00:00,None,1.0,27.58,0.0,power,27.58,0.0,0.0,None,247.0,None,0.0,8.0,1.0,measurement,23.0,None,{'state': None},0.0,231.0
2022-04-28 15:23:27.340100+00:00,None,1.0,27.58,0.0,power,27.58,0.0,0.0,None,239.0,None,0.39,8.0,1.0,measurement,23.0,None,{'state': None},0.0,231.0
2022-04-28 15:23:27.345149+00:00,None,1.0,27.58,0.0,power,27.58,0.0,0.0,None,239.0,None,0.39,8.0,1.0,measurement,23.0,None,{'state': None},0.39,231.0
2022-04-28 15:23:42.360728+00:00,None,1.0,27.58,0.0,power,27.58,0.0,0.0,None,239.0,None,0.0,8.0,1.0,measurement,23.0,None,{'state': None},0.39,231.0
2022-04-28 15:23:42.369481+00:00,None,1.0,27.58,0.0,power,27.58,0.0,0.0,None,239.0,None,0.0,8.0,1.0,measurement,23.0,None,{'state': None},0.0,231.0
2022-04-28 15:30:41.315596+00:00,None,1.0,27.58,0.0,power,27.58,0.0,0.0,None,239.0,None,0.37,8.0,1.0,measurement,23.0,None,{'state': None},0.0,231.0
2022-04-28 15:30:41.336367+00:00,None,1.0,27.58,0.0,power,27.58,0.0,0.0,None,239.0,None,0.37,8.0,1.0,measurement,23.0,None,{'state': None},0.37,231.0
2022-04-28 15:31:08.525794+00:00,None,1.0,27.58,0.0,power,27.58,0.0,0.0,None,239.0,None,0.0,8.0,1.0,measurement,23.0,None,{'state': None},0.37,231.0
2022-04-28 15:31:08.530883+00:00,None,1.0,27.58,0.0,power,27.58,0.0,0.0,None,239.0,None,0.0,8.0,1.0,measurement,23.0,None,{'state': None},0.0,231.0
2022-04-28 15:41:42.095392+00:00,None,1.0,27.58,0.0,power,27.58,0.0,0.0,None,247.0,None,0.39,8.0,1.0,measurement,23.0,None,{'state': None},0.0,231.0
2022-04-28 15:41:42.101385+00:00,None,1.0,27.58,0.0,power,27.58,0.0,0.0,None,247.0,None,0.39,8.0,1.0,measurement,23.0,None,{'state': None},0.39,231.0
2022-04-28 15:41:43.209970+00:00,None,1.0,27.58,0.0017,power,27.58,0.0,0.0,None,239.0,None,0.39,8.0,1.0,measurement,23.0,None,{'state': None},0.39,231.0
2022-04-28 15:42:09.737218+00:00,None,1.0,27.58,0.0017,power,27.58,0.0,0.0,None,247.0,None,0.0,8.0,1.0,measurement,23.0,None,{'state': None},0.39,231.0
2022-04-28 15:42:09.743329+00:00,None,1.0,27.58,0.0017,power,27.58,0.0,0.0,None,247.0,None,0.0,8.0,1.0,measurement,23.0,None,{'state': None},0.0,231.0
2022-04-28 15:47:18.606313+00:00,None,1.0,27.58,0.0,power,27.58,0.0,0.0,None,239.0,None,0.0,8.0,1.0,measurement,23.0,None,{'state': None},0.0,231.0
2022-04-28 15:52:29.695309+00:00,None,1.0,27.58,0.0,power,27.58,0.0,0.0,None,247.0,None,0.0,8.0,1.0,measurement,23.0,None,{'state': None},0.0,231.0
2022-04-28 15:53:55.270054+00:00,None,1.0,27.58,0.0,power,27.58,0.0,0.0,None,247.0,None,0.38,8.0,1.0,measurement,23.0,None,{'state': None},0.0,231.0
2022-04-28 15:53:55.276208+00:00,None,1.0,27.58,0.0,power,27.58,0.0,0.0,None,247.0,None,0.38,8.0,1.0,measurement,23.0,None,{'state': None},0.38,231.0
2022-04-28 15:54:22.684334+00:00,None,1.0,27.58,0.0,power,27.58,0.0,0.0,None,239.0,None,0.0,8.0,1.0,measurement,23.0,None,{'state': None},0.38,231.0
2022-04-28 15:54:22.692401+00:00,None,1.0,27.58,0.0,power,27.58,0.0,0.0,None,239.0,None,0.0,8.0,1.0,measurement,23.0,None,{'state': None},0.0,231.0
2022-04-28 15:57:56.643124+00:00,None,1.0,27.58,0.0,power,27.58,0.0,0.0,None,247.0,None,0.0,8.0,1.0,measurement,23.0,None,{'state': None},0.0,231.0
2022-04-28 16:09:11.591155+00:00,None,1.0,27.58,0.0,power,27.58,0.0,0.0,None,247.0,None,0.39,8.0,1.0,measurement,23.0,None,{'state': None},0.0,231.0
2022-04-28 16:09:11.596798+00:00,None,1.0,27.58,0.0,power,27.58,0.0,0.0,None,247.0,None,0.39,8.0,1.0,measurement,23.0,None,{'state': None},0.39,231.0
2022-04-28 16:09:53.946779+00:00,None,1.0,27.58,0.0,power,27.58,0.0,0.0,None,247.0,None,0.0,8.0,1.0,measurement,23.0,None,{'state': None},0.39,231.0
2022-04-28 16:09:53.952434+00:00,None,1.0,27.58,0.0,power,27.58,0.0,0.0,None,247.0,None,0.0,8.0,1.0,measurement,23.0,None,{'state': None},0.0,231.0
2022-04-28 16:19:33.735333+00:00,None,1.0,27.58,0.0,power,27.58,0.0,0.0,None,239.0,None,0.0,8.0,1.0,measurement,23.0,None,{'state': None},0.0,231.0
2022-04-28 16:21:08.562924+00:00,None,1.0,27.58,0.0,power,27.58,0.0,0.0,None,239.0,None,0.38,8.0,1.0,measurement,23.0,None,{'state': None},0.0,231.0
2022-04-28 16:21:08.568333+00:00,None,1.0,27.58,0.0,power,27.58,0.0,0.0,None,239.0,None,0.38,8.0,1.0,measurement,23.0,None,{'state': None},0.38,231.0
2022-04-28 16:21:23.578532+00:00,None,1.0,27.58,0.0,power,27.58,0.0,0.0,None,255.0,None,0.0,8.0,1.0,measurement,23.0,None,{'state': None},0.38,231.0
2022-04-28 16:21:23.583376+00:00,None,1.0,27.58,0.0,power,27.58,0.0,0.0,None,255.0,None,0.0,8.0,1.0,measurement,23.0,None,{'state': None},0.0,231.0
2022-04-28 16:25:48.822530+00:00,None,1.0,27.58,0.0,power,27.58,0.0,0.0,None,247.0,None,0.0,8.0,1.0,measurement,23.0,None,{'state': None},0.0,231.0
2022-04-28 16:31:30.843921+00:00,None,1.0,27.58,0.0,power,27.58,0.0,0.0,None,255.0,None,0.0,8.0,1.0,measurement,23.0,None,{'state': None},0.0,231.0
2022-04-28 16:35:11.890431+00:00,None,1.0,27.58,0.0,power,27.58,0.0,0.0,None,247.0,None,0.35,8.0,1.0,measurement,23.0,None,{'state': None},0.0,231.0
2022-04-28 16:35:11.896639+00:00,None,1.0,27.58,0.0,power,27.58,0.0,0.0,None,247.0,None,0.35,8.0,1.0,measurement,23.0,None,{'state': None},0.35,231.0
2022-04-28 16:35:26.906201+00:00,None,1.0,27.58,0.0,power,27.58,0.0,0.0,None,247.0,None,0.0,8.0,1.0,measurement,23.0,None,{'state': None},0.35,231.0
2022-04-28 16:35:26.911509+00:00,None,1.0,27.58,0.0,power,27.58,0.0,0.0,None,247.0,None,0.0,8.0,1.0,measurement,23.0,None,{'state': None},0.0,231.0
2022-04-28 16:42:05.527108+00:00,None,1.0,27.58,0.0,power,27.58,0.0,0.0,None,247.0,None,0.38,8.0,1.0,measurement,23.0,None,{'state': None},0.0,231.0
2022-04-28 16:42:05.533220+00:00,None,1.0,27.58,0.0,power,27.58,0.0,0.0,None,247.0,None,0.38,8.0,1.0,measurement,23.0,None,{'state': None},0.38,231.0
2022-04-28 16:42:48.534020+00:00,None,1.0,27.58,0.0,power,27.58,0.0,0.0,None,247.0,None,0.0,8.0,1.0,measurement,23.0,None,{'state': None},0.38,231.0
2022-04-28 16:42:48.541254+00:00,None,1.0,27.58,0.0,power,27.58,0.0,0.0,None,247.0,None,0.0,8.0,1.0,measurement,23.0,None,{'state': None},0.0,231.0
2022-04-28 16:48:48.120471+00:00,None,1.0,27.58,0.0,power,27.58,0.0,0.0,None,255.0,None,0.0,8.0,1.0,measurement,23.0,None,{'state': None},0.0,231.0
2022-04-28 16:54:57.565860+00:00,None,1.0,27.58,0.0,power,27.58,0.0,0.0,None,247.0,None,0.4,8.0,1.0,measurement,23.0,None,{'state': None},0.0,231.0
2022-04-28 16:54:57.569730+00:00,None,1.0,27.58,0.0,power,27.58,0.0,0.0,None,247.0,None,0.4,8.0,1.0,measurement,23.0,None,{'state': None},0.4,231.0
2022-04-28 16:55:12.589889+00:00,None,1.0,27.58,0.0,power,27.58,0.0,0.0,None,255.0,None,0.0,8.0,1.0,measurement,23.0,None,{'state': None},0.4,231.0
2022-04-28 16:55:12.594237+00:00,None,1.0,27.58,0.0,power,27.58,0.0,0.0,None,255.0,None,0.0,8.0,1.0,measurement,23.0,None,{'state': None},0.0,231.0
2022-04-28 17:04:30.256871+00:00,None,1.0,27.58,0.0,power,27.58,0.0,0.0,None,255.0,None,0.35,8.0,1.0,measurement,23.0,None,{'state': None},0.0,231.0
2022-04-28 17:04:30.261407+00:00,None,1.0,27.58,0.0,power,27.58,0.0,0.0,None,255.0,None,0.35,8.0,1.0,measurement,23.0,None,{'state': None},0.35,231.0
2022-04-28 17:05:22.065431+00:00,None,1.0,27.58,0.0,power,27.58,0.0,0.0,None,255.0,None,0.0,8.0,1.0,measurement,23.0,None,{'state': None},0.35,231.0
2022-04-28 17:05:22.071470+00:00,None,1.0,27.58,0.0,power,27.58,0.0,0.0,None,255.0,None,0.0,8.0,1.0,measurement,23.0,None,{'state': None},0.0,231.0
2022-04-28 17:12:34.620777+00:00,None,1.0,27.58,0.0,power,27.58,0.0,0.0,None,255.0,None,0.36,8.0,1.0,measurement,23.0,None,{'state': None},0.0,231.0
2022-04-28 17:12:34.628717+00:00,None,1.0,27.58,0.0,power,27.58,0.0,0.0,None,255.0,None,0.36,8.0,1.0,measurement,23.0,None,{'state': None},0.36,231.0
2022-04-28 17:12:49.634619+00:00,None,1.0,27.58,0.0,power,27.58,0.0,0.0,None,247.0,None,0.0,8.0,1.0,measurement,23.0,None,{'state': None},0.36,231.0
2022-04-28 17:12:49.639901+00:00,None,1.0,27.58,0.0,power,27.58,0.0,0.0,None,247.0,None,0.0,8.0,1.0,measurement,23.0,None,{'state': None},0.0,231.0
2022-04-28 17:14:10.910560+00:00,None,1.0,27.58,0.0,power,27.58,0.0,0.0,None,255.0,None,0.0,8.0,1.0,measurement,23.0,None,{'state': None},0.0,231.0
2022-04-28 17:24:47.489616+00:00,None,1.0,27.58,0.0,power,27.58,0.0,0.0,None,255.0,None,0.37,8.0,1.0,measurement,23.0,None,{'state': None},0.0,231.0
2022-04-28 17:24:47.499273+00:00,None,1.0,27.58,0.0,power,27.58,0.0,0.0,None,255.0,None,0.37,8.0,1.0,measurement,23.0,None,{'state': None},0.37,231.0
2022-04-28 17:25:16.722610+00:00,None,1.0,27.58,0.0,power,27.58,0.0,0.0,None,255.0,None,0.0,8.0,1.0,measurement,23.0,None,{'state': None},0.37,231.0
2022-04-28 17:25:16.729724+00:00,None,1.0,27.58,0.0,power,27.58,0.0,0.0,None,255.0,None,0.0,8.0,1.0,measurement,23.0,None,{'state': None},0.0,231.0
2022-04-28 17:39:35.077540+00:00,None,1.0,27.58,0.0,power,27.58,0.0,0.0,None,247.0,None,0.36,8.0,1.0,measurement,23.0,None,{'state': None},0.0,231.0
2022-04-28 17:39:35.087827+00:00,None,1.0,27.58,0.0,power,27.58,0.0,0.0,None,247.0,None,0.36,8.0,1.0,measurement,23.0,None,{'state': None},0.36,231.0
2022-04-28 17:39:50.090678+00:00,None,1.0,27.58,0.0,power,27.58,0.0,0.0,None,255.0,None,0.0,8.0,1.0,measurement,23.0,None,{'state': None},0.36,231.0
2022-04-28 17:39:50.095613+00:00,None,1.0,27.58,0.0,power,27.58,0.0,0.0,None,255.0,None,0.0,8.0,1.0,measurement,23.0,None,{'state': None},0.0,231.0
2022-04-28 17:45:10.041522+00:00,None,1.0,27.58,0.0,power,27.58,0.0,0.0,None,255.0,None,0.37,8.0,1.0,measurement,23.0,None,{'state': None},0.0,231.0
2022-04-28 17:45:10.047574+00:00,None,1.0,27.58,0.0,power,27.58,0.0,0.0,None,255.0,None,0.37,8.0,1.0,measurement,23.0,None,{'state': None},0.37,231.0
2022-04-28 17:45:25.062817+00:00,None,1.0,27.58,0.0,power,27.58,0.0,0.0,None,255.0,None,0.0,8.0,1.0,measurement,23.0,None,{'state': None},0.37,231.0
2022-04-28 17:45:25.067898+00:00,None,1.0,27.58,0.0,power,27.58,0.0,0.0,None,255.0,None,0.0,8.0,1.0,measurement,23.0,None,{'state': None},0.0,231.0
2022-04-28 17:52:14.949930+00:00,None,1.0,27.58,0.0,power,27.58,0.0,0.0,None,255.0,None,0.37,8.0,1.0,measurement,23.0,None,{'state': None},0.0,231.0
2022-04-28 17:52:14.955765+00:00,None,1.0,27.58,0.0,power,27.58,0.0,0.0,None,255.0,None,0.37,8.0,1.0,measurement,23.0,None,{'state': None},0.37,231.0
2022-04-28 17:52:29.970020+00:00,None,1.0,27.58,0.0,power,27.58,0.0,0.0,None,255.0,None,0.0,8.0,1.0,measurement,23.0,None,{'state': None},0.37,231.0
2022-04-28 17:52:29.975326+00:00,None,1.0,27.58,0.0,power,27.58,0.0,0.0,None,255.0,None,0.0,8.0,1.0,measurement,23.0,None,{'state': None},0.0,231.0
2022-04-28 18:11:34.030459+00:00,None,1.0,27.58,0.0,power,27.58,0.0,0.0,None,255.0,None,0.0,8.0,1.0,measurement,23.0,None,{'state': None},0.0,228.0
2022-04-28 18:24:12.371311+00:00,None,1.0,27.58,0.0,power,27.58,0.0,0.0,None,255.0,None,0.35,8.0,1.0,measurement,23.0,None,{'state': None},0.0,228.0
2022-04-28 18:24:12.377249+00:00,None,1.0,27.58,0.0,power,27.58,0.0,0.0,None,255.0,None,0.35,8.0,1.0,measurement,23.0,None,{'state': None},0.35,228.0
2022-04-28 18:24:27.405259+00:00,None,1.0,27.58,0.0,power,27.58,0.0,0.0,None,255.0,None,0.0,8.0,1.0,measurement,23.0,None,{'state': None},0.35,228.0
2022-04-28 18:24:27.411158+00:00,None,1.0,27.58,0.0,power,27.58,0.0,0.0,None,255.0,None,0.0,8.0,1.0,measurement,23.0,None,{'state': None},0.0,228.0
2022-04-28 18:28:46.487581+00:00,None,1.0,27.58,0.0,power,27.58,0.0,0.0,None,247.0,None,0.0,8.0,1.0,measurement,23.0,None,{'state': None},0.0,228.0
2022-04-28 18:33:56.147399+00:00,None,1.0,27.58,0.0,power,27.58,0.0,0.0,None,255.0,None,0.0,8.0,1.0,measurement,23.0,None,{'state': None},0.0,228.0
2022-04-28 18:37:27.040845+00:00,None,1.0,27.58,0.0,power,27.58,0.0,0.0,None,255.0,None,0.41,8.0,1.0,measurement,23.0,None,{'state': None},0.0,228.0
2022-04-28 18:37:27.045116+00:00,None,1.0,27.58,0.0,power,27.58,0.0,0.0,None,255.0,None,0.41,8.0,1.0,measurement,23.0,None,{'state': None},0.41,228.0
2022-04-28 18:37:55.480391+00:00,None,1.0,27.58,0.0,power,27.58,0.0,0.0,None,255.0,None,0.0,8.0,1.0,measurement,23.0,None,{'state': None},0.41,228.0
2022-04-28 18:37:55.486825+00:00,None,1.0,27.58,0.0,power,27.58,0.0,0.0,None,255.0,None,0.0,8.0,1.0,measurement,23.0,None,{'state': None},0.0,228.0
2022-04-28 18:53:34.990212+00:00,None,1.0,27.58,0.0,power,27.58,0.0,0.0,None,255.0,None,0.37,8.0,1.0,measurement,23.0,None,{'state': None},0.0,228.0
2022-04-28 18:53:34.995090+00:00,None,1.0,27.58,0.0,power,27.58,0.0,0.0,None,255.0,None,0.37,8.0,1.0,measurement,23.0,None,{'state': None},0.37,228.0
2022-04-28 18:54:17.216436+00:00,None,1.0,27.58,0.0,power,27.58,0.0,0.0,None,255.0,None,0.0,8.0,1.0,measurement,23.0,None,{'state': None},0.37,228.0
2022-04-28 18:54:17.220331+00:00,None,1.0,27.58,0.0,power,27.58,0.0,0.0,None,255.0,None,0.0,8.0,1.0,measurement,23.0,None,{'state': None},0.0,228.0
2022-04-28 19:04:37.480001+00:00,None,1.0,27.58,0.0,power,27.58,0.0,0.0,None,255.0,None,0.35,8.0,1.0,measurement,23.0,None,{'state': None},0.0,228.0
2022-04-28 19:04:37.485997+00:00,None,1.0,27.58,0.0,power,27.58,0.0,0.0,None,255.0,None,0.35,8.0,1.0,measurement,23.0,None,{'state': None},0.35,228.0
2022-04-28 19:04:52.483372+00:00,None,1.0,27.58,0.0,power,27.58,0.0,0.0,None,255.0,None,0.0,8.0,1.0,measurement,23.0,None,{'state': None},0.35,228.0
2022-04-28 19:04:52.488752+00:00,None,1.0,27.58,0.0,power,27.58,0.0,0.0,None,255.0,None,0.0,8.0,1.0,measurement,23.0,None,{'state': None},0.0,228.0
2022-04-28 19:31:25.838442+00:00,None,1.0,27.58,0.0,power,27.58,0.0,0.0,None,255.0,None,0.35,8.0,1.0,measurement,23.0,None,{'state': None},0.0,228.0
2022-04-28 19:31:25.849144+00:00,None,1.0,27.58,0.0,power,27.58,0.0,0.0,None,255.0,None,0.35,8.0,1.0,measurement,23.0,None,{'state': None},0.35,228.0
2022-04-28 19:31:40.849694+00:00,None,1.0,27.58,0.0,power,27.58,0.0,0.0,None,255.0,None,0.0,8.0,1.0,measurement,23.0,None,{'state': None},0.35,228.0
2022-04-28 19:31:40.855894+00:00,None,1.0,27.58,0.0,power,27.58,0.0,0.0,None,255.0,None,0.0,8.0,1.0,measurement,23.0,None,{'state': None},0.0,228.0
2022-04-28 19:59:36.552849+00:00,None,1.0,27.58,0.0,power,27.58,0.0,0.0,None,255.0,None,0.36,8.0,1.0,measurement,23.0,None,{'state': None},0.0,228.0
2022-04-28 19:59:36.560407+00:00,None,1.0,27.58,0.0,power,27.58,0.0,0.0,None,255.0,None,0.36,8.0,1.0,measurement,23.0,None,{'state': None},0.36,228.0
2022-04-28 19:59:51.567956+00:00,None,1.0,27.58,0.0,power,27.58,0.0,0.0,None,255.0,None,0.0,8.0,1.0,measurement,23.0,None,{'state': None},0.36,228.0
2022-04-28 19:59:51.572866+00:00,None,1.0,27.58,0.0,power,27.58,0.0,0.0,None,255.0,None,0.0,8.0,1.0,measurement,23.0,None,{'state': None},0.0,228.0
2022-04-28 20:05:49.318393+00:00,None,1.0,27.58,0.0,power,27.58,0.0,0.0,None,255.0,None,0.43,8.0,1.0,measurement,23.0,None,{'state': None},0.0,228.0
2022-04-28 20:05:49.323650+00:00,None,1.0,27.58,0.0,power,27.58,0.0,0.0,None,255.0,None,0.43,8.0,1.0,measurement,23.0,None,{'state': None},0.43,228.0
2022-04-28 20:06:44.270357+00:00,None,1.0,27.58,0.0,power,27.58,0.0,0.0,None,255.0,None,0.0,8.0,1.0,measurement,23.0,None,{'state': None},0.43,228.0
2022-04-28 20:06:44.275382+00:00,None,1.0,27.58,0.0,power,27.58,0.0,0.0,None,255.0,None,0.0,8.0,1.0,measurement,23.0,None,{'state': None},0.0,228.0
2022-04-28 20:13:39.898386+00:00,None,1.0,27.58,0.0,power,27.58,0.0,0.0,None,255.0,None,0.36,8.0,1.0,measurement,23.0,None,{'state': None},0.0,228.0
2022-04-28 20:13:39.905284+00:00,None,1.0,27.58,0.0,power,27.58,0.0,0.0,None,255.0,None,0.36,8.0,1.0,measurement,23.0,None,{'state': None},0.36,228.0
2022-04-28 20:13:54.909545+00:00,None,1.0,27.58,0.0,power,27.58,0.0,0.0,None,255.0,None,0.0,8.0,1.0,measurement,23.0,None,{'state': None},0.36,228.0
2022-04-28 20:13:54.914575+00:00,None,1.0,27.58,0.0,power,27.58,0.0,0.0,None,255.0,None,0.0,8.0,1.0,measurement,23.0,None,{'state': None},0.0,228.0
2022-04-28 20:15:40.864812+00:00,None,1.0,27.58,0.0,power,27.58,0.0,0.0,None,170.0,None,0.0,8.0,1.0,measurement,23.0,None,{'state': None},0.0,228.0
2022-04-28 20:19:13.652422+00:00,None,1.0,27.58,0.0,power,27.58,0.0,0.0,None,255.0,None,0.37,8.0,1.0,measurement,23.0,None,{'state': None},0.0,228.0
2022-04-28 20:19:13.655653+00:00,None,1.0,27.58,0.0,power,27.58,0.0,0.0,None,255.0,None,0.37,8.0,1.0,measurement,23.0,None,{'state': None},0.37,228.0
2022-04-28 20:19:43.395042+00:00,None,1.0,27.58,0.0,power,27.58,0.0,0.0,None,255.0,None,0.0,8.0,1.0,measurement,23.0,None,{'state': None},0.37,228.0
2022-04-28 20:19:43.400195+00:00,None,1.0,27.58,0.0,power,27.58,0.0,0.0,None,255.0,None,0.0,8.0,1.0,measurement,23.0,None,{'state': None},0.0,228.0
2022-04-28 20:36:28.962362+00:00,None,1.0,27.58,0.0,power,27.58,0.0,0.0,None,175.0,None,0.0,8.0,1.0,measurement,23.0,None,{'state': None},0.0,228.0
2022-04-28 20:40:59.927495+00:00,None,1.0,27.58,0.0,power,27.58,0.0,0.0,None,231.0,None,0.36,8.0,1.0,measurement,23.0,None,{'state': None},0.0,228.0
2022-04-28 20:40:59.932092+00:00,None,1.0,27.58,0.0,power,27.58,0.0,0.0,None,231.0,None,0.36,8.0,1.0,measurement,23.0,None,{'state': None},0.36,228.0
2022-04-28 20:41:14.948604+00:00,None,1.0,27.58,0.0,power,27.58,0.0,0.0,None,231.0,None,0.0,8.0,1.0,measurement,23.0,None,{'state': None},0.36,228.0
2022-04-28 20:41:14.954422+00:00,None,1.0,27.58,0.0,power,27.58,0.0,0.0,None,231.0,None,0.0,8.0,1.0,measurement,23.0,None,{'state': None},0.0,228.0
2022-04-28 20:42:14.539249+00:00,None,1.0,27.58,0.0,power,27.58,0.0,0.0,None,231.0,None,0.0,8.0,1.0,measurement,23.0,None,{'state': None},0.0,235.0
2022-04-28 20:46:35.620006+00:00,None,1.0,27.58,0.0,power,27.58,0.0,0.0,None,215.0,None,0.36,8.0,1.0,measurement,23.0,None,{'state': None},0.0,235.0
2022-04-28 20:46:35.627478+00:00,None,1.0,27.58,0.0,power,27.58,0.0,0.0,None,215.0,None,0.36,8.0,1.0,measurement,23.0,None,{'state': None},0.36,235.0
2022-04-28 20:46:50.647177+00:00,None,1.0,27.58,0.0,power,27.58,0.0,0.0,None,215.0,None,0.0,8.0,1.0,measurement,23.0,None,{'state': None},0.36,235.0
2022-04-28 20:46:50.651361+00:00,None,1.0,27.58,0.0,power,27.58,0.0,0.0,None,215.0,None,0.0,8.0,1.0,measurement,23.0,None,{'state': None},0.0,235.0
2022-04-28 20:48:33.076315+00:00,None,1.0,27.58,0.0,power,27.58,0.0,0.0,None,215.0,None,0.0,8.0,1.0,measurement,23.0,None,{'state': None},0.0,228.0
2022-04-28 20:55:49.137324+00:00,None,1.0,27.58,0.0,power,27.58,0.0,0.0,None,215.0,None,0.36,8.0,1.0,measurement,23.0,None,{'state': None},0.0,228.0
2022-04-28 20:55:49.144070+00:00,None,1.0,27.58,0.0,power,27.58,0.0,0.0,None,215.0,None,0.36,8.0,1.0,measurement,23.0,None,{'state': None},0.36,228.0
2022-04-28 20:55:54.701720+00:00,None,1.0,27.58,0.0015,power,27.58,0.0,0.0,None,207.0,None,0.36,8.0,1.0,measurement,23.0,None,{'state': None},0.36,235.0
2022-04-28 20:56:17.571946+00:00,None,1.0,27.58,0.0015,power,27.58,0.0,0.0,None,199.0,None,0.0,8.0,1.0,measurement,23.0,None,{'state': None},0.36,235.0
2022-04-28 20:56:17.578455+00:00,None,1.0,27.58,0.0015,power,27.58,0.0,0.0,None,199.0,None,0.0,8.0,1.0,measurement,23.0,None,{'state': None},0.0,235.0
2022-04-28 20:59:14.091808+00:00,None,1.0,27.58,0.0015,power,27.58,0.0,0.0,None,191.0,None,0.37,8.0,1.0,measurement,23.0,None,{'state': None},0.0,235.0
2022-04-28 20:59:14.097330+00:00,None,1.0,27.58,0.0015,power,27.58,0.0,0.0,None,191.0,None,0.37,8.0,1.0,measurement,23.0,None,{'state': None},0.37,235.0
2022-04-28 21:00:35.037496+00:00,None,1.0,27.58,0.0015,power,27.58,0.0,0.0,None,223.0,None,0.0,8.0,1.0,measurement,23.0,None,{'state': None},0.37,235.0
2022-04-28 21:00:35.045060+00:00,None,1.0,27.58,0.0015,power,27.58,0.0,0.0,None,223.0,None,0.0,8.0,1.0,measurement,23.0,None,{'state': None},0.0,235.0
2022-04-28 21:01:08.115976+00:00,None,1.0,27.58,0.0,power,27.58,0.0,0.0,None,215.0,None,0.0,8.0,1.0,measurement,23.0,None,{'state': None},0.0,235.0
2022-04-28 21:05:54.091553+00:00,None,1.0,27.58,0.0,power,27.58,0.0,0.0,None,223.0,None,0.38,8.0,1.0,measurement,23.0,None,{'state': None},0.0,235.0
2022-04-28 21:05:54.096064+00:00,None,1.0,27.58,0.0,power,27.58,0.0,0.0,None,223.0,None,0.38,8.0,1.0,measurement,23.0,None,{'state': None},0.38,235.0
2022-04-28 21:06:09.106841+00:00,None,1.0,27.58,0.0,power,27.58,0.0,0.0,None,223.0,None,0.0,8.0,1.0,measurement,23.0,None,{'state': None},0.38,235.0
2022-04-28 21:06:09.114126+00:00,None,1.0,27.58,0.0,power,27.58,0.0,0.0,None,223.0,None,0.0,8.0,1.0,measurement,23.0,None,{'state': None},0.0,235.0
2022-04-28 21:09:59.775552+00:00,None,1.0,27.58,0.0,power,27.58,0.0,0.0,None,239.0,None,0.42,8.0,1.0,measurement,23.0,None,{'state': None},0.0,235.0
2022-04-28 21:09:59.781584+00:00,None,1.0,27.58,0.0,power,27.58,0.0,0.0,None,239.0,None,0.42,8.0,1.0,measurement,23.0,None,{'state': None},0.42,235.0
2022-04-28 21:10:42.195677+00:00,None,1.0,27.58,0.0,power,27.58,0.0,0.0,None,247.0,None,0.0,8.0,1.0,measurement,23.0,None,{'state': None},0.42,235.0
2022-04-28 21:10:42.202819+00:00,None,1.0,27.58,0.0,power,27.58,0.0,0.0,None,247.0,None,0.0,8.0,1.0,measurement,23.0,None,{'state': None},0.0,235.0
2022-04-28 21:14:02.118608+00:00,None,1.0,27.58,0.0,power,27.58,0.0,0.0,None,231.0,None,0.0,8.0,1.0,measurement,23.0,None,{'state': None},0.0,235.0
2022-04-28 21:15:36.853942+00:00,None,1.0,27.58,0.0,power,27.58,0.0,0.0,None,231.0,None,0.37,8.0,1.0,measurement,23.0,None,{'state': None},0.0,235.0
2022-04-28 21:15:36.863707+00:00,None,1.0,27.58,0.0,power,27.58,0.0,0.0,None,231.0,None,0.37,8.0,1.0,measurement,23.0,None,{'state': None},0.37,235.0
2022-04-28 21:15:51.860825+00:00,None,1.0,27.58,0.0,power,27.58,0.0,0.0,None,239.0,None,0.0,8.0,1.0,measurement,23.0,None,{'state': None},0.37,235.0
2022-04-28 21:15:51.866069+00:00,None,1.0,27.58,0.0,power,27.58,0.0,0.0,None,239.0,None,0.0,8.0,1.0,measurement,23.0,None,{'state': None},0.0,235.0
2022-04-28 21:27:56.077764+00:00,None,1.0,27.58,0.0,power,27.58,0.0,0.0,None,255.0,None,0.39,8.0,1.0,measurement,23.0,None,{'state': None},0.0,235.0
2022-04-28 21:27:56.084735+00:00,None,1.0,27.58,0.0,power,27.58,0.0,0.0,None,255.0,None,0.39,8.0,1.0,measurement,23.0,None,{'state': None},0.39,235.0
2022-04-28 21:28:09.994761+00:00,None,1.0,27.58,0.0017,power,27.58,0.0,0.0,None,255.0,None,0.39,8.0,1.0,measurement,23.0,None,{'state': None},0.39,235.0
2022-04-28 21:28:23.789282+00:00,None,1.0,27.58,0.0017,power,27.58,0.0,0.0,None,255.0,None,0.0,8.0,1.0,measurement,23.0,None,{'state': None},0.39,235.0
2022-04-28 21:28:23.794535+00:00,None,1.0,27.58,0.0017,power,27.58,0.0,0.0,None,255.0,None,0.0,8.0,1.0,measurement,23.0,None,{'state': None},0.0,235.0
2022-04-28 21:33:12.829710+00:00,None,1.0,27.58,0.0,power,27.58,0.0,0.0,None,255.0,None,0.0,8.0,1.0,measurement,23.0,None,{'state': None},0.0,228.0
2022-04-28 21:34:37.176182+00:00,None,1.0,27.58,0.0,power,27.58,0.0,0.0,None,255.0,None,0.42,8.0,1.0,measurement,23.0,None,{'state': None},0.0,228.0
2022-04-28 21:34:37.181756+00:00,None,1.0,27.58,0.0,power,27.58,0.0,0.0,None,255.0,None,0.42,8.0,1.0,measurement,23.0,None,{'state': None},0.42,228.0
2022-04-28 21:35:32.534612+00:00,None,1.0,27.58,0.0,power,27.58,0.0,0.0,None,255.0,None,0.0,8.0,1.0,measurement,23.0,None,{'state': None},0.42,228.0
2022-04-28 21:35:32.539509+00:00,None,1.0,27.58,0.0,power,27.58,0.0,0.0,None,255.0,None,0.0,8.0,1.0,measurement,23.0,None,{'state': None},0.0,228.0
2022-04-28 21:41:08.131519+00:00,None,1.0,27.58,0.0,power,27.58,0.0,0.0,None,255.0,None,0.0,8.0,1.0,measurement,23.0,None,{'state': None},0.0,235.0
2022-04-28 21:44:10.766346+00:00,None,1.0,27.58,0.0,power,27.58,0.0,0.0,None,255.0,None,0.38,8.0,1.0,measurement,23.0,None,{'state': None},0.0,235.0
2022-04-28 21:44:10.772574+00:00,None,1.0,27.58,0.0,power,27.58,0.0,0.0,None,255.0,None,0.38,8.0,1.0,measurement,23.0,None,{'state': None},0.38,235.0
2022-04-28 21:44:25.796723+00:00,None,1.0,27.58,0.0,power,27.58,0.0,0.0,None,255.0,None,0.0,8.0,1.0,measurement,23.0,None,{'state': None},0.38,235.0
2022-04-28 21:44:25.803364+00:00,None,1.0,27.58,0.0,power,27.58,0.0,0.0,None,255.0,None,0.0,8.0,1.0,measurement,23.0,None,{'state': None},0.0,235.0
2022-04-28 21:47:30.967772+00:00,None,1.0,27.58,0.0,power,27.58,0.0,0.0,None,255.0,None,0.39,8.0,1.0,measurement,23.0,None,{'state': None},0.0,235.0
2022-04-28 21:47:30.972939+00:00,None,1.0,27.58,0.0,power,27.58,0.0,0.0,None,255.0,None,0.39,8.0,1.0,measurement,23.0,None,{'state': None},0.39,235.0
2022-04-28 21:47:57.480724+00:00,None,1.0,27.58,0.0,power,27.58,0.0,0.0,None,255.0,None,0.0,8.0,1.0,measurement,23.0,None,{'state': None},0.39,235.0
2022-04-28 21:47:57.485611+00:00,None,1.0,27.58,0.0,power,27.58,0.0,0.0,None,255.0,None,0.0,8.0,1.0,measurement,23.0,None,{'state': None},0.0,235.0
2022-04-28 21:59:35.948401+00:00,None,1.0,27.58,0.0,power,27.58,0.0,0.0,None,255.0,None,0.37,8.0,1.0,measurement,23.0,None,{'state': None},0.0,235.0
2022-04-28 21:59:35.951669+00:00,None,1.0,27.58,0.0,power,27.58,0.0,0.0,None,255.0,None,0.37,8.0,1.0,measurement,23.0,None,{'state': None},0.37,235.0
2022-04-28 22:01:15.468791+00:00,None,1.0,27.58,0.0016,power,27.58,0.0,0.0,None,255.0,None,0.37,8.0,1.0,measurement,23.0,None,{'state': None},0.37,235.0
2022-04-28 22:01:33.710515+00:00,None,1.0,27.58,0.0016,power,27.58,0.0,0.0,None,255.0,None,0.0,8.0,1.0,measurement,23.0,None,{'state': None},0.37,235.0
2022-04-28 22:01:33.715853+00:00,None,1.0,27.58,0.0016,power,27.58,0.0,0.0,None,255.0,None,0.0,8.0,1.0,measurement,23.0,None,{'state': None},0.0,235.0
2022-04-28 22:08:04.842516+00:00,None,1.0,27.58,0.0016,power,27.58,0.0,0.0,None,255.0,None,0.41,8.0,1.0,measurement,23.0,None,{'state': None},0.0,235.0
2022-04-28 22:08:04.849065+00:00,None,1.0,27.58,0.0016,power,27.58,0.0,0.0,None,255.0,None,0.41,8.0,1.0,measurement,23.0,None,{'state': None},0.41,235.0
2022-04-28 22:08:33.673959+00:00,None,1.0,27.58,0.0016,power,27.58,0.0,0.0,None,255.0,None,0.0,8.0,1.0,measurement,23.0,None,{'state': None},0.41,235.0
2022-04-28 22:08:33.680611+00:00,None,1.0,27.58,0.0016,power,27.58,0.0,0.0,None,255.0,None,0.0,8.0,1.0,measurement,23.0,None,{'state': None},0.0,235.0
2022-04-28 22:09:03.719453+00:00,None,1.0,27.58,0.0,power,27.58,0.0,0.0,None,255.0,None,0.0,8.0,1.0,measurement,23.0,None,{'state': None},0.0,235.0
2022-04-28 22:14:49.783763+00:00,None,1.0,27.58,0.0,power,27.58,0.0,0.0,None,255.0,None,0.38,8.0,1.0,measurement,23.0,None,{'state': None},0.0,235.0
2022-04-28 22:14:49.791131+00:00,None,1.0,27.58,0.0,power,27.58,0.0,0.0,None,255.0,None,0.38,8.0,1.0,measurement,23.0,None,{'state': None},0.38,235.0
2022-04-28 22:15:04.288183+00:00,None,1.0,27.58,0.0017,power,27.58,0.0,0.0,None,255.0,None,0.38,8.0,1.0,measurement,23.0,None,{'state': None},0.38,228.0
2022-04-28 22:15:04.790041+00:00,None,1.0,27.58,0.0017,power,27.58,0.0,0.0,None,255.0,None,0.0,8.0,1.0,measurement,23.0,None,{'state': None},0.38,228.0
2022-04-28 22:15:04.794983+00:00,None,1.0,27.58,0.0017,power,27.58,0.0,0.0,None,255.0,None,0.0,8.0,1.0,measurement,23.0,None,{'state': None},0.0,228.0
2022-04-28 22:18:34.469409+00:00,None,1.0,27.58,0.0017,power,27.58,0.0,0.0,None,255.0,None,0.38,8.0,1.0,measurement,23.0,None,{'state': None},0.0,228.0
2022-04-28 22:18:34.477131+00:00,None,1.0,27.58,0.0017,power,27.58,0.0,0.0,None,255.0,None,0.38,8.0,1.0,measurement,23.0,None,{'state': None},0.38,228.0
2022-04-28 22:19:30.937907+00:00,None,1.0,27.58,0.0017,power,27.58,0.0,0.0,None,255.0,None,0.0,8.0,1.0,measurement,23.0,None,{'state': None},0.38,228.0
2022-04-28 22:19:30.944459+00:00,None,1.0,27.58,0.0017,power,27.58,0.0,0.0,None,255.0,None,0.0,8.0,1.0,measurement,23.0,None,{'state': None},0.0,228.0
2022-04-28 22:22:33.206050+00:00,None,1.0,27.58,0.0,power,27.58,0.0,0.0,None,255.0,None,0.0,8.0,1.0,measurement,23.0,None,{'state': None},0.0,228.0
2022-04-28 22:25:43.499508+00:00,None,1.0,27.58,0.0,power,27.58,0.0,0.0,None,255.0,None,0.42,8.0,1.0,measurement,23.0,None,{'state': None},0.0,228.0
2022-04-28 22:25:43.504492+00:00,None,1.0,27.58,0.0,power,27.58,0.0,0.0,None,255.0,None,0.42,8.0,1.0,measurement,23.0,None,{'state': None},0.42,228.0
2022-04-28 22:26:23.129778+00:00,None,1.0,27.58,0.0,power,27.58,0.0,0.0,None,255.0,None,0.0,8.0,1.0,measurement,23.0,None,{'state': None},0.42,228.0
2022-04-28 22:26:23.135279+00:00,None,1.0,27.58,0.0,power,27.58,0.0,0.0,None,255.0,None,0.0,8.0,1.0,measurement,23.0,None,{'state': None},0.0,228.0
2022-04-28 22:29:22.377613+00:00,None,1.0,27.58,0.0,power,27.58,0.0,0.0,None,255.0,None,0.0,8.0,1.0,measurement,23.0,None,{'state': None},0.0,235.0
2022-04-28 22:33:51.103012+00:00,None,1.0,27.58,0.0,power,27.58,0.0,0.0,None,255.0,None,0.38,8.0,1.0,measurement,23.0,None,{'state': None},0.0,235.0
2022-04-28 22:33:51.107801+00:00,None,1.0,27.58,0.0,power,27.58,0.0,0.0,None,255.0,None,0.38,8.0,1.0,measurement,23.0,None,{'state': None},0.38,235.0
2022-04-28 22:34:06.135497+00:00,None,1.0,27.58,0.0,power,27.58,0.0,0.0,None,255.0,None,0.0,8.0,1.0,measurement,23.0,None,{'state': None},0.38,235.0
2022-04-28 22:34:06.141998+00:00,None,1.0,27.58,0.0,power,27.58,0.0,0.0,None,255.0,None,0.0,8.0,1.0,measurement,23.0,None,{'state': None},0.0,235.0
2022-04-28 22:43:19.038708+00:00,None,1.0,27.58,0.0,power,27.58,0.0,0.0,None,255.0,None,0.38,8.0,1.0,measurement,23.0,None,{'state': None},0.0,235.0
2022-04-28 22:43:19.042037+00:00,None,1.0,27.58,0.0,power,27.58,0.0,0.0,None,255.0,None,0.38,8.0,1.0,measurement,23.0,None,{'state': None},0.38,235.0
2022-04-28 22:43:46.970201+00:00,None,1.0,27.58,0.0,power,27.58,0.0,0.0,None,255.0,None,0.0,8.0,1.0,measurement,23.0,None,{'state': None},0.38,235.0
2022-04-28 22:43:46.974702+00:00,None,1.0,27.58,0.0,power,27.58,0.0,0.0,None,255.0,None,0.0,8.0,1.0,measurement,23.0,None,{'state': None},0.0,235.0
2022-04-28 22:50:39.682162+00:00,None,1.0,27.58,0.0,power,27.58,0.0,0.0,None,255.0,None,0.38,8.0,1.0,measurement,23.0,None,{'state': None},0.0,235.0
2022-04-28 22:50:39.687195+00:00,None,1.0,27.58,0.0,power,27.58,0.0,0.0,None,255.0,None,0.38,8.0,1.0,measurement,23.0,None,{'state': None},0.38,235.0
2022-04-28 22:51:16.891394+00:00,None,1.0,27.58,0.0,power,27.58,0.0,0.0,None,255.0,None,0.0,8.0,1.0,measurement,23.0,None,{'state': None},0.38,235.0
2022-04-28 22:51:16.896645+00:00,None,1.0,27.58,0.0,power,27.58,0.0,0.0,None,255.0,None,0.0,8.0,1.0,measurement,23.0,None,{'state': None},0.0,235.0
2022-04-28 22:58:40.631544+00:00,None,1.0,27.58,0.0,power,27.58,0.0,0.0,None,255.0,None,0.37,8.0,1.0,measurement,23.0,None,{'state': None},0.0,235.0
2022-04-28 22:58:40.638361+00:00,None,1.0,27.58,0.0,power,27.58,0.0,0.0,None,255.0,None,0.37,8.0,1.0,measurement,23.0,None,{'state': None},0.37,235.0
2022-04-28 22:59:20.538170+00:00,None,1.0,27.58,0.0,power,27.58,0.0,0.0,None,255.0,None,0.0,8.0,1.0,measurement,23.0,None,{'state': None},0.37,235.0
2022-04-28 22:59:20.546528+00:00,None,1.0,27.58,0.0,power,27.58,0.0,0.0,None,255.0,None,0.0,8.0,1.0,measurement,23.0,None,{'state': None},0.0,235.0
2022-04-28 23:03:59.984254+00:00,None,1.0,27.58,0.0,power,27.58,0.0,0.0,None,255.0,None,0.42,8.0,1.0,measurement,23.0,None,{'state': None},0.0,235.0
2022-04-28 23:03:59.990679+00:00,None,1.0,27.58,0.0,power,27.58,0.0,0.0,None,255.0,None,0.42,8.0,1.0,measurement,23.0,None,{'state': None},0.42,235.0
2022-04-28 23:04:51.586097+00:00,None,1.0,27.58,0.0,power,27.58,0.0,0.0,None,255.0,None,0.0,8.0,1.0,measurement,23.0,None,{'state': None},0.42,235.0
2022-04-28 23:04:51.591821+00:00,None,1.0,27.58,0.0,power,27.58,0.0,0.0,None,255.0,None,0.0,8.0,1.0,measurement,23.0,None,{'state': None},0.0,235.0
2022-04-28 23:09:20.546177+00:00,None,1.0,27.58,0.0,power,27.58,0.0,0.0,None,255.0,None,0.39,8.0,1.0,measurement,23.0,None,{'state': None},0.0,235.0
2022-04-28 23:09:20.550607+00:00,None,1.0,27.58,0.0,power,27.58,0.0,0.0,None,255.0,None,0.39,8.0,1.0,measurement,23.0,None,{'state': None},0.39,235.0
2022-04-28 23:09:35.555099+00:00,None,1.0,27.58,0.0,power,27.58,0.0,0.0,None,255.0,None,0.0,8.0,1.0,measurement,23.0,None,{'state': None},0.39,235.0
2022-04-28 23:09:35.561651+00:00,None,1.0,27.58,0.0,power,27.58,0.0,0.0,None,255.0,None,0.0,8.0,1.0,measurement,23.0,None,{'state': None},0.0,235.0
2022-04-28 23:19:19.940330+00:00,None,1.0,27.58,0.0,power,27.58,0.0,0.0,None,255.0,None,0.4,8.0,1.0,measurement,23.0,None,{'state': None},0.0,235.0
2022-04-28 23:19:19.947531+00:00,None,1.0,27.58,0.0,power,27.58,0.0,0.0,None,255.0,None,0.4,8.0,1.0,measurement,23.0,None,{'state': None},0.4,235.0
2022-04-28 23:19:59.847820+00:00,None,1.0,27.58,0.0,power,27.58,0.0,0.0,None,255.0,None,0.0,8.0,1.0,measurement,23.0,None,{'state': None},0.4,235.0
2022-04-28 23:19:59.853376+00:00,None,1.0,27.58,0.0,power,27.58,0.0,0.0,None,255.0,None,0.0,8.0,1.0,measurement,23.0,None,{'state': None},0.0,235.0
2022-04-28 23:25:06.618025+00:00,None,1.0,27.58,0.0,power,27.58,0.0,0.0,None,255.0,None,0.43,8.0,1.0,measurement,23.0,None,{'state': None},0.0,235.0
2022-04-28 23:25:06.627193+00:00,None,1.0,27.58,0.0,power,27.58,0.0,0.0,None,255.0,None,0.43,8.0,1.0,measurement,23.0,None,{'state': None},0.43,235.0
2022-04-28 23:25:51.162843+00:00,None,1.0,27.58,0.0,power,27.58,0.0,0.0,None,255.0,None,0.0,8.0,1.0,measurement,23.0,None,{'state': None},0.43,235.0
2022-04-28 23:25:51.169154+00:00,None,1.0,27.58,0.0,power,27.58,0.0,0.0,None,255.0,None,0.0,8.0,1.0,measurement,23.0,None,{'state': None},0.0,235.0
2022-04-28 23:32:01.118808+00:00,None,1.0,27.58,0.0,power,27.58,0.0,0.0,None,255.0,None,0.36,8.0,1.0,measurement,23.0,None,{'state': None},0.0,235.0
2022-04-28 23:32:01.123942+00:00,None,1.0,27.58,0.0,power,27.58,0.0,0.0,None,255.0,None,0.36,8.0,1.0,measurement,23.0,None,{'state': None},0.36,235.0
2022-04-28 23:32:28.242692+00:00,None,1.0,27.58,0.0,power,27.58,0.0,0.0,None,255.0,None,0.0,8.0,1.0,measurement,23.0,None,{'state': None},0.36,235.0
2022-04-28 23:32:28.249667+00:00,None,1.0,27.58,0.0,power,27.58,0.0,0.0,None,255.0,None,0.0,8.0,1.0,measurement,23.0,None,{'state': None},0.0,235.0
2022-04-28 23:36:30.359266+00:00,None,1.0,27.58,0.0,power,27.58,0.0,0.0,None,255.0,None,0.41,8.0,1.0,measurement,23.0,None,{'state': None},0.0,235.0
2022-04-28 23:36:30.364222+00:00,None,1.0,27.58,0.0,power,27.58,0.0,0.0,None,255.0,None,0.41,8.0,1.0,measurement,23.0,None,{'state': None},0.41,235.0
2022-04-28 23:36:45.381658+00:00,None,1.0,27.58,0.0,power,27.58,0.0,0.0,None,255.0,None,0.0,8.0,1.0,measurement,23.0,None,{'state': None},0.41,235.0
2022-04-28 23:36:45.386432+00:00,None,1.0,27.58,0.0,power,27.58,0.0,0.0,None,255.0,None,0.0,8.0,1.0,measurement,23.0,None,{'state': None},0.0,235.0
2022-04-28 23:39:47.859020+00:00,None,1.0,27.58,0.0,power,27.58,0.0,0.0,None,255.0,None,0.36,8.0,1.0,measurement,23.0,None,{'state': None},0.0,235.0
2022-04-28 23:39:47.867682+00:00,None,1.0,27.58,0.0,power,27.58,0.0,0.0,None,255.0,None,0.36,8.0,1.0,measurement,23.0,None,{'state': None},0.36,235.0
2022-04-28 23:41:30.579090+00:00,None,1.0,27.58,0.0,power,27.58,0.0,0.0,None,255.0,None,0.0,8.0,1.0,measurement,23.0,None,{'state': None},0.36,235.0
2022-04-28 23:41:30.589430+00:00,None,1.0,27.58,0.0,power,27.58,0.0,0.0,None,255.0,None,0.0,8.0,1.0,measurement,23.0,None,{'state': None},0.0,235.0
2022-04-28 23:43:36.589610+00:00,None,1.0,27.58,0.0,power,27.58,0.0,0.0,None,255.0,None,0.35,8.0,1.0,measurement,23.0,None,{'state': None},0.0,235.0
2022-04-28 23:43:36.594350+00:00,None,1.0,27.58,0.0,power,27.58,0.0,0.0,None,255.0,None,0.35,8.0,1.0,measurement,23.0,None,{'state': None},0.35,235.0
2022-04-28 23:44:19.239677+00:00,None,1.0,27.58,0.0015,power,27.58,0.0,0.0,None,255.0,None,0.35,8.0,1.0,measurement,23.0,None,{'state': None},0.35,235.0
2022-04-28 23:44:42.215024+00:00,None,1.0,27.58,0.0015,power,27.58,0.0,0.0,None,255.0,None,0.0,8.0,1.0,measurement,23.0,None,{'state': None},0.35,235.0
2022-04-28 23:44:42.221185+00:00,None,1.0,27.58,0.0015,power,27.58,0.0,0.0,None,255.0,None,0.0,8.0,1.0,measurement,23.0,None,{'state': None},0.0,235.0
2022-04-28 23:47:17.656107+00:00,None,1.0,27.58,0.0015,power,27.58,0.0,0.0,None,255.0,None,0.4,8.0,1.0,measurement,23.0,None,{'state': None},0.0,235.0
2022-04-28 23:47:17.662335+00:00,None,1.0,27.58,0.0015,power,27.58,0.0,0.0,None,255.0,None,0.4,8.0,1.0,measurement,23.0,None,{'state': None},0.4,235.0
2022-04-28 23:47:46.383195+00:00,None,1.0,27.58,0.0015,power,27.58,0.0,0.0,None,255.0,None,0.0,8.0,1.0,measurement,23.0,None,{'state': None},0.4,235.0
2022-04-28 23:47:46.388705+00:00,None,1.0,27.58,0.0015,power,27.58,0.0,0.0,None,255.0,None,0.0,8.0,1.0,measurement,23.0,None,{'state': None},0.0,235.0
2022-04-28 23:51:18.081112+00:00,None,1.0,27.58,0.0015,power,27.58,0.0,0.0,None,255.0,None,0.38,8.0,1.0,measurement,23.0,None,{'state': None},0.0,235.0
2022-04-28 23:51:18.087766+00:00,None,1.0,27.58,0.0015,power,27.58,0.0,0.0,None,255.0,None,0.38,8.0,1.0,measurement,23.0,None,{'state': None},0.38,235.0
2022-04-28 23:51:45.491317+00:00,None,1.0,27.58,0.0015,power,27.58,0.0,0.0,None,255.0,None,0.0,8.0,1.0,measurement,23.0,None,{'state': None},0.38,235.0
2022-04-28 23:51:45.499656+00:00,None,1.0,27.58,0.0015,power,27.58,0.0,0.0,None,255.0,None,0.0,8.0,1.0,measurement,23.0,None,{'state': None},0.0,235.0
2022-04-28 23:51:56.790335+00:00,None,1.0,27.58,0.0,power,27.58,0.0,0.0,None,255.0,None,0.0,8.0,1.0,measurement,23.0,None,{'state': None},0.0,235.0
2022-04-28 23:57:37.321984+00:00,None,1.0,27.58,0.0,power,27.58,0.0,0.0,None,255.0,None,0.41,8.0,1.0,measurement,23.0,None,{'state': None},0.0,235.0
2022-04-28 23:57:37.329202+00:00,None,1.0,27.58,0.0,power,27.58,0.0,0.0,None,255.0,None,0.41,8.0,1.0,measurement,23.0,None,{'state': None},0.41,235.0
2022-04-28 23:58:00.092922+00:00,None,1.0,27.58,0.0017,power,27.58,0.0,0.0,None,255.0,None,0.41,8.0,1.0,measurement,23.0,None,{'state': None},0.41,235.0
2022-04-28 23:58:33.759551+00:00,None,1.0,27.58,0.0017,power,27.58,0.0,0.0,None,255.0,None,0.0,8.0,1.0,measurement,23.0,None,{'state': None},0.41,235.0
2022-04-28 23:58:33.766600+00:00,None,1.0,27.58,0.0017,power,27.58,0.0,0.0,None,255.0,None,0.0,8.0,1.0,measurement,23.0,None,{'state': None},0.0,235.0
