time,action_str,angle_x_str,angle_y_str,angle_z_str,battery,icon_str,linkquality,sensitivity_str,state,strength,temperature,vibration,voltage
2022-06-19 00:26:22.484239+00:00,None,None,None,None,100.0,mdi:gesture-double-tap,255.0,high,None,2.0,30.0,0.0,3045.0
2022-06-19 05:14:46.870268+00:00,None,None,None,None,100.0,mdi:gesture-double-tap,255.0,high,None,2.0,30.0,0.0,3055.0
2022-06-19 06:13:17.759332+00:00,None,None,None,None,100.0,mdi:gesture-double-tap,255.0,high,None,2.0,30.0,0.0,3045.0
2022-06-19 06:13:21.113461+00:00,vibration,None,None,None,100.0,mdi:gesture-double-tap,255.0,high,None,2.0,30.0,1.0,3045.0
2022-06-19 06:13:21.116724+00:00,vibration,None,None,None,100.0,mdi:gesture-double-tap,255.0,high,vibration,2.0,30.0,1.0,3045.0
2022-06-19 06:13:21.127232+00:00,,None,None,None,100.0,mdi:gesture-double-tap,255.0,high,vibration,2.0,30.0,1.0,3045.0
2022-06-19 06:14:51.126259+00:00,None,None,None,None,100.0,mdi:gesture-double-tap,255.0,high,None,2.0,30.0,0.0,3045.0
2022-06-19 06:17:21.265733+00:00,None,None,None,None,100.0,mdi:gesture-double-tap,255.0,high,None,6.0,30.0,0.0,3045.0
2022-06-19 08:16:19.503561+00:00,None,None,None,None,100.0,mdi:gesture-double-tap,255.0,high,None,6.0,29.0,0.0,3045.0
2022-06-19 09:18:43.080506+00:00,None,None,None,None,100.0,mdi:gesture-double-tap,255.0,high,None,6.0,30.0,0.0,3045.0
2022-06-19 09:42:55.806996+00:00,vibration,None,None,None,100.0,mdi:gesture-double-tap,255.0,high,None,6.0,30.0,1.0,3045.0
2022-06-19 09:42:55.810358+00:00,vibration,None,None,None,100.0,mdi:gesture-double-tap,255.0,high,vibration,6.0,30.0,1.0,3045.0
2022-06-19 09:42:55.818928+00:00,,None,None,None,100.0,mdi:gesture-double-tap,255.0,high,vibration,6.0,30.0,1.0,3045.0
2022-06-19 09:44:25.190467+00:00,vibration,None,None,None,100.0,mdi:gesture-double-tap,255.0,high,vibration,6.0,30.0,1.0,3045.0
2022-06-19 09:44:25.211296+00:00,,None,None,None,100.0,mdi:gesture-double-tap,255.0,high,vibration,6.0,30.0,1.0,3045.0
2022-06-19 09:45:26.106483+00:00,vibration,None,None,None,100.0,mdi:gesture-double-tap,255.0,high,vibration,6.0,30.0,1.0,3045.0
2022-06-19 09:45:26.108833+00:00,,None,None,None,100.0,mdi:gesture-double-tap,255.0,high,vibration,6.0,30.0,1.0,3045.0
2022-06-19 09:46:47.905960+00:00,None,None,None,None,100.0,mdi:gesture-double-tap,255.0,high,None,60.0,30.0,1.0,3045.0
2022-06-19 09:46:56.112537+00:00,None,None,None,None,100.0,mdi:gesture-double-tap,255.0,high,None,60.0,30.0,0.0,3045.0
2022-06-19 09:47:09.826857+00:00,vibration,None,None,None,100.0,mdi:gesture-double-tap,255.0,high,None,60.0,30.0,1.0,3045.0
2022-06-19 09:47:09.829457+00:00,vibration,None,None,None,100.0,mdi:gesture-double-tap,255.0,high,vibration,60.0,30.0,1.0,3045.0
2022-06-19 09:47:09.836702+00:00,,None,None,None,100.0,mdi:gesture-double-tap,255.0,high,vibration,60.0,30.0,1.0,3045.0
2022-06-19 09:48:39.850046+00:00,None,None,None,None,100.0,mdi:gesture-double-tap,255.0,high,None,60.0,30.0,0.0,3045.0
2022-06-19 09:51:45.921067+00:00,None,None,None,None,100.0,mdi:gesture-double-tap,255.0,high,None,52.0,30.0,0.0,3045.0
2022-06-19 09:53:40.176746+00:00,vibration,None,None,None,100.0,mdi:gesture-double-tap,255.0,high,None,52.0,30.0,1.0,3045.0
2022-06-19 09:53:40.180336+00:00,vibration,None,None,None,100.0,mdi:gesture-double-tap,255.0,high,vibration,52.0,30.0,1.0,3045.0
2022-06-19 09:53:40.184132+00:00,,None,None,None,100.0,mdi:gesture-double-tap,255.0,high,vibration,52.0,30.0,1.0,3045.0
2022-06-19 09:55:10.183580+00:00,None,None,None,None,100.0,mdi:gesture-double-tap,255.0,high,None,52.0,30.0,0.0,3045.0
2022-06-19 09:55:56.677413+00:00,vibration,None,None,None,100.0,mdi:gesture-double-tap,255.0,high,None,52.0,30.0,1.0,3045.0
2022-06-19 09:55:56.682103+00:00,vibration,None,None,None,100.0,mdi:gesture-double-tap,255.0,high,vibration,52.0,30.0,1.0,3045.0
2022-06-19 09:55:56.686111+00:00,,None,None,None,100.0,mdi:gesture-double-tap,255.0,high,vibration,52.0,30.0,1.0,3045.0
2022-06-19 09:57:07.891183+00:00,vibration,None,None,None,100.0,mdi:gesture-double-tap,255.0,high,vibration,52.0,30.0,1.0,3045.0
2022-06-19 09:57:07.894015+00:00,,None,None,None,100.0,mdi:gesture-double-tap,255.0,high,vibration,52.0,30.0,1.0,3045.0
2022-06-19 09:57:36.897229+00:00,None,None,None,None,100.0,mdi:gesture-double-tap,255.0,high,None,42.0,30.0,1.0,3045.0
2022-06-19 09:58:37.898653+00:00,None,None,None,None,100.0,mdi:gesture-double-tap,255.0,high,None,42.0,30.0,0.0,3045.0
2022-06-19 09:58:39.387812+00:00,vibration,None,None,None,100.0,mdi:gesture-double-tap,255.0,high,None,42.0,30.0,1.0,3045.0
2022-06-19 09:58:39.390622+00:00,vibration,None,None,None,100.0,mdi:gesture-double-tap,255.0,high,vibration,42.0,30.0,1.0,3045.0
2022-06-19 09:58:39.393915+00:00,,None,None,None,100.0,mdi:gesture-double-tap,255.0,high,vibration,42.0,30.0,1.0,3045.0
2022-06-19 10:00:09.423446+00:00,None,None,None,None,100.0,mdi:gesture-double-tap,255.0,high,None,42.0,30.0,0.0,3045.0
2022-06-19 10:02:39.407039+00:00,None,None,None,None,100.0,mdi:gesture-double-tap,255.0,high,None,61.0,30.0,0.0,3045.0
2022-06-19 10:02:40.642180+00:00,None,None,None,None,100.0,mdi:gesture-double-tap,255.0,high,None,61.0,29.0,0.0,3045.0
2022-06-19 10:07:39.700770+00:00,None,None,None,None,100.0,mdi:gesture-double-tap,255.0,high,None,18.0,29.0,0.0,3045.0
2022-06-19 11:55:41.527809+00:00,vibration,None,None,None,100.0,mdi:gesture-double-tap,255.0,high,None,18.0,29.0,1.0,3045.0
2022-06-19 11:55:41.530809+00:00,vibration,None,None,None,100.0,mdi:gesture-double-tap,255.0,high,vibration,18.0,29.0,1.0,3045.0
2022-06-19 11:55:41.534653+00:00,,None,None,None,100.0,mdi:gesture-double-tap,255.0,high,vibration,18.0,29.0,1.0,3045.0
2022-06-19 11:57:11.550216+00:00,None,None,None,None,100.0,mdi:gesture-double-tap,255.0,high,None,18.0,29.0,0.0,3045.0
2022-06-19 11:59:41.568431+00:00,None,None,None,None,100.0,mdi:gesture-double-tap,255.0,high,None,13.0,29.0,0.0,3045.0
2022-06-19 12:51:07.880522+00:00,None,None,None,None,100.0,mdi:gesture-double-tap,255.0,high,None,13.0,30.0,0.0,3045.0
2022-06-19 16:50:48.514160+00:00,vibration,None,None,None,100.0,mdi:gesture-double-tap,255.0,high,None,13.0,30.0,1.0,3045.0
2022-06-19 16:50:48.517246+00:00,vibration,None,None,None,100.0,mdi:gesture-double-tap,255.0,high,vibration,13.0,30.0,1.0,3045.0
2022-06-19 16:50:48.520397+00:00,,None,None,None,100.0,mdi:gesture-double-tap,255.0,high,vibration,13.0,30.0,1.0,3045.0
2022-06-19 16:50:48.700166+00:00,None,None,None,None,100.0,mdi:gesture-double-tap,255.0,high,None,13.0,30.0,1.0,3045.0
2022-06-19 16:52:05.293465+00:00,vibration,None,None,None,100.0,mdi:gesture-double-tap,255.0,high,None,13.0,30.0,1.0,3045.0
2022-06-19 16:52:05.296288+00:00,vibration,None,None,None,100.0,mdi:gesture-double-tap,255.0,high,vibration,13.0,30.0,1.0,3045.0
2022-06-19 16:52:05.299988+00:00,,None,None,None,100.0,mdi:gesture-double-tap,255.0,high,vibration,13.0,30.0,1.0,3045.0
2022-06-19 16:53:35.309642+00:00,None,None,None,None,100.0,mdi:gesture-double-tap,255.0,high,None,13.0,30.0,0.0,3045.0
2022-06-19 16:54:47.228055+00:00,None,None,None,None,100.0,mdi:gesture-double-tap,255.0,high,None,24.0,30.0,0.0,3045.0
2022-06-19 19:27:48.137901+00:00,vibration,None,None,None,100.0,mdi:gesture-double-tap,255.0,high,None,24.0,30.0,1.0,3045.0
2022-06-19 19:27:48.141122+00:00,vibration,None,None,None,100.0,mdi:gesture-double-tap,255.0,high,vibration,24.0,30.0,1.0,3045.0
2022-06-19 19:27:48.144968+00:00,,None,None,None,100.0,mdi:gesture-double-tap,255.0,high,vibration,24.0,30.0,1.0,3045.0
2022-06-19 19:29:18.157657+00:00,None,None,None,None,100.0,mdi:gesture-double-tap,255.0,high,None,24.0,30.0,0.0,3045.0
2022-06-19 19:31:48.241696+00:00,None,None,None,None,100.0,mdi:gesture-double-tap,255.0,high,None,14.0,30.0,0.0,3045.0
2022-06-19 19:55:29.962221+00:00,None,None,None,None,100.0,mdi:gesture-double-tap,255.0,high,None,2.0,30.0,0.0,3045.0
2022-06-19 20:48:06.370026+00:00,None,None,None,None,100.0,mdi:gesture-double-tap,255.0,high,None,2.0,29.0,0.0,3045.0
2022-06-19 20:52:08.484812+00:00,None,None,None,None,100.0,mdi:gesture-double-tap,255.0,high,None,1.0,29.0,0.0,3045.0
2022-06-19 21:46:19.713493+00:00,vibration,None,None,None,100.0,mdi:gesture-double-tap,255.0,high,None,1.0,29.0,1.0,3045.0
2022-06-19 21:46:19.716578+00:00,vibration,None,None,None,100.0,mdi:gesture-double-tap,255.0,high,vibration,1.0,29.0,1.0,3045.0
2022-06-19 21:46:19.726608+00:00,,None,None,None,100.0,mdi:gesture-double-tap,255.0,high,vibration,1.0,29.0,1.0,3045.0
2022-06-19 21:46:19.923557+00:00,None,None,None,None,100.0,mdi:gesture-double-tap,255.0,high,None,1.0,28.0,1.0,3045.0
2022-06-19 21:47:49.715296+00:00,None,None,None,None,100.0,mdi:gesture-double-tap,255.0,high,None,1.0,28.0,0.0,3045.0
2022-06-19 21:48:11.875423+00:00,vibration,None,None,None,100.0,mdi:gesture-double-tap,255.0,high,None,1.0,28.0,1.0,3045.0
2022-06-19 21:48:11.878151+00:00,vibration,None,None,None,100.0,mdi:gesture-double-tap,255.0,high,vibration,1.0,28.0,1.0,3045.0
2022-06-19 21:48:11.880630+00:00,,None,None,None,100.0,mdi:gesture-double-tap,255.0,high,vibration,1.0,28.0,1.0,3045.0
2022-06-19 21:49:41.892977+00:00,None,None,None,None,100.0,mdi:gesture-double-tap,255.0,high,None,1.0,28.0,0.0,3045.0
2022-06-19 21:50:14.693922+00:00,None,None,None,None,100.0,mdi:gesture-double-tap,255.0,high,None,23.0,28.0,0.0,3045.0
