time,action_str,angle_x_str,angle_y_str,angle_z_str,battery,icon_str,linkquality,sensitivity_str,state,strength,temperature,vibration,voltage
2022-05-13 02:24:00.739155+00:00,None,None,None,None,100.0,mdi:gesture-double-tap,255.0,high,None,8.0,25.0,0.0,3025.0
2022-05-13 03:26:13.240737+00:00,None,None,None,None,100.0,mdi:gesture-double-tap,255.0,high,None,8.0,26.0,0.0,3025.0
2022-05-13 05:26:38.426452+00:00,None,None,None,None,100.0,mdi:gesture-double-tap,255.0,high,None,8.0,25.0,0.0,3035.0
2022-05-13 06:31:45.940032+00:00,None,None,None,None,100.0,mdi:gesture-double-tap,255.0,high,None,8.0,26.0,0.0,3035.0
2022-05-13 07:08:45.763365+00:00,vibration,None,None,None,100.0,mdi:gesture-double-tap,255.0,high,None,8.0,26.0,1.0,3035.0
2022-05-13 07:08:45.766231+00:00,vibration,None,None,None,100.0,mdi:gesture-double-tap,255.0,high,vibration,8.0,26.0,1.0,3035.0
2022-05-13 07:08:45.769466+00:00,,None,None,None,100.0,mdi:gesture-double-tap,255.0,high,vibration,8.0,26.0,1.0,3035.0
2022-05-13 07:10:14.949793+00:00,vibration,None,None,None,100.0,mdi:gesture-double-tap,255.0,high,vibration,8.0,26.0,1.0,3035.0
2022-05-13 07:10:14.953055+00:00,,None,None,None,100.0,mdi:gesture-double-tap,255.0,high,vibration,8.0,26.0,1.0,3035.0
2022-05-13 07:11:44.958554+00:00,None,None,None,None,100.0,mdi:gesture-double-tap,255.0,high,None,8.0,26.0,0.0,3035.0
2022-05-13 07:12:30.612219+00:00,vibration,None,None,None,100.0,mdi:gesture-double-tap,255.0,high,None,8.0,26.0,1.0,3035.0
2022-05-13 07:12:30.615013+00:00,vibration,None,None,None,100.0,mdi:gesture-double-tap,255.0,high,vibration,8.0,26.0,1.0,3035.0
2022-05-13 07:12:30.618292+00:00,,None,None,None,100.0,mdi:gesture-double-tap,255.0,high,vibration,8.0,26.0,1.0,3035.0
2022-05-13 07:12:42.018780+00:00,None,None,None,None,100.0,mdi:gesture-double-tap,255.0,high,None,59.0,26.0,1.0,3035.0
2022-05-13 07:13:34.833604+00:00,vibration,None,None,None,100.0,mdi:gesture-double-tap,255.0,high,None,59.0,26.0,1.0,3035.0
2022-05-13 07:13:34.836267+00:00,vibration,None,None,None,100.0,mdi:gesture-double-tap,255.0,high,vibration,59.0,26.0,1.0,3035.0
2022-05-13 07:13:34.840387+00:00,,None,None,None,100.0,mdi:gesture-double-tap,255.0,high,vibration,59.0,26.0,1.0,3035.0
2022-05-13 07:15:04.863030+00:00,None,None,None,None,100.0,mdi:gesture-double-tap,255.0,high,None,59.0,26.0,0.0,3035.0
2022-05-13 07:15:57.676675+00:00,vibration,None,None,None,100.0,mdi:gesture-double-tap,255.0,high,None,59.0,26.0,1.0,3035.0
2022-05-13 07:15:57.679521+00:00,vibration,None,None,None,100.0,mdi:gesture-double-tap,255.0,high,vibration,59.0,26.0,1.0,3035.0
2022-05-13 07:15:57.682493+00:00,,None,None,None,100.0,mdi:gesture-double-tap,255.0,high,vibration,59.0,26.0,1.0,3035.0
2022-05-13 07:17:27.699702+00:00,None,None,None,None,100.0,mdi:gesture-double-tap,255.0,high,None,59.0,26.0,0.0,3035.0
2022-05-13 07:17:37.722683+00:00,None,None,None,None,100.0,mdi:gesture-double-tap,255.0,high,None,67.0,26.0,0.0,3035.0
2022-05-13 07:18:29.144134+00:00,vibration,None,None,None,100.0,mdi:gesture-double-tap,255.0,high,None,67.0,26.0,1.0,3035.0
2022-05-13 07:18:29.146804+00:00,vibration,None,None,None,100.0,mdi:gesture-double-tap,255.0,high,vibration,67.0,26.0,1.0,3035.0
2022-05-13 07:18:29.149820+00:00,,None,None,None,100.0,mdi:gesture-double-tap,255.0,high,vibration,67.0,26.0,1.0,3035.0
2022-05-13 07:19:59.167749+00:00,None,None,None,None,100.0,mdi:gesture-double-tap,255.0,high,None,67.0,26.0,0.0,3035.0
2022-05-13 07:22:35.416527+00:00,None,None,None,None,100.0,mdi:gesture-double-tap,255.0,high,None,35.0,26.0,0.0,3035.0
2022-05-13 07:22:36.633183+00:00,None,None,None,None,100.0,mdi:gesture-double-tap,255.0,high,None,35.0,25.0,0.0,3025.0
2022-05-13 08:26:37.573428+00:00,None,None,None,None,100.0,mdi:gesture-double-tap,255.0,high,None,35.0,26.0,0.0,3035.0
2022-05-13 08:30:42.804514+00:00,None,None,None,None,100.0,mdi:gesture-double-tap,255.0,high,None,1.0,26.0,0.0,3035.0
2022-05-13 09:23:13.763090+00:00,None,None,None,None,100.0,mdi:gesture-double-tap,255.0,high,None,1.0,25.0,0.0,3035.0
2022-05-13 11:22:58.380256+00:00,None,None,None,None,100.0,mdi:gesture-double-tap,255.0,high,None,4.0,25.0,0.0,3035.0
2022-05-13 15:27:33.719893+00:00,None,None,None,None,100.0,mdi:gesture-double-tap,255.0,high,None,4.0,26.0,0.0,3035.0
2022-05-13 16:22:52.786223+00:00,None,None,None,None,100.0,mdi:gesture-double-tap,255.0,high,None,4.0,25.0,0.0,3035.0
2022-05-13 17:21:18.233186+00:00,None,None,None,None,100.0,mdi:gesture-double-tap,255.0,high,None,4.0,26.0,0.0,3035.0
2022-05-13 18:24:04.769317+00:00,None,None,None,None,100.0,mdi:gesture-double-tap,255.0,high,None,4.0,25.0,0.0,3035.0
2022-05-13 19:29:08.181838+00:00,None,None,None,None,100.0,mdi:gesture-double-tap,255.0,high,None,4.0,26.0,0.0,3035.0
2022-05-13 20:26:20.116736+00:00,None,None,None,None,100.0,mdi:gesture-double-tap,255.0,high,None,4.0,25.0,0.0,3035.0
2022-05-13 22:26:52.406612+00:00,vibration,None,None,None,100.0,mdi:gesture-double-tap,255.0,high,None,4.0,25.0,1.0,3035.0
2022-05-13 22:26:52.409305+00:00,vibration,None,None,None,100.0,mdi:gesture-double-tap,255.0,high,vibration,4.0,25.0,1.0,3035.0
2022-05-13 22:26:52.420258+00:00,,None,None,None,100.0,mdi:gesture-double-tap,255.0,high,vibration,4.0,25.0,1.0,3035.0
2022-05-13 22:28:22.428942+00:00,None,None,None,None,100.0,mdi:gesture-double-tap,255.0,high,None,4.0,25.0,0.0,3035.0
2022-05-13 22:30:52.618214+00:00,None,None,None,None,100.0,mdi:gesture-double-tap,255.0,high,None,6.0,25.0,0.0,3035.0
2022-05-13 23:21:45.202864+00:00,None,None,None,None,100.0,mdi:gesture-double-tap,255.0,high,None,6.0,26.0,0.0,3035.0
2022-05-13 23:25:47.077779+00:00,None,None,None,None,100.0,mdi:gesture-double-tap,255.0,high,None,2.0,26.0,0.0,3035.0
