time,action_str,angle_x_str,angle_y_str,angle_z_str,battery,icon_str,linkquality,sensitivity_str,state,strength,temperature,vibration,voltage
2022-05-18 00:02:02.414080+00:00,vibration,None,None,None,100.0,mdi:gesture-double-tap,255.0,high,None,2.0,26.0,1.0,3035.0
2022-05-18 00:02:02.416749+00:00,vibration,None,None,None,100.0,mdi:gesture-double-tap,255.0,high,vibration,2.0,26.0,1.0,3035.0
2022-05-18 00:02:02.419322+00:00,,None,None,None,100.0,mdi:gesture-double-tap,255.0,high,vibration,2.0,26.0,1.0,3035.0
2022-05-18 00:03:32.434628+00:00,None,None,None,None,100.0,mdi:gesture-double-tap,255.0,high,None,2.0,26.0,0.0,3035.0
2022-05-18 00:06:02.611228+00:00,None,None,None,None,100.0,mdi:gesture-double-tap,255.0,high,None,5.0,26.0,0.0,3035.0
2022-05-18 01:02:26.041853+00:00,None,None,None,None,100.0,mdi:gesture-double-tap,239.0,high,None,5.0,26.0,0.0,3035.0
2022-05-18 01:06:28.839186+00:00,None,None,None,None,100.0,mdi:gesture-double-tap,239.0,high,None,1.0,26.0,0.0,3035.0
2022-05-18 01:59:04.054900+00:00,None,None,None,None,100.0,mdi:gesture-double-tap,255.0,high,None,1.0,26.0,0.0,3035.0
2022-05-18 03:40:17.049402+00:00,vibration,None,None,None,100.0,mdi:gesture-double-tap,255.0,high,None,1.0,26.0,1.0,3035.0
2022-05-18 03:40:17.053226+00:00,vibration,None,None,None,100.0,mdi:gesture-double-tap,255.0,high,vibration,1.0,26.0,1.0,3035.0
2022-05-18 03:40:17.056873+00:00,,None,None,None,100.0,mdi:gesture-double-tap,255.0,high,vibration,1.0,26.0,1.0,3035.0
2022-05-18 03:41:47.070742+00:00,None,None,None,None,100.0,mdi:gesture-double-tap,255.0,high,None,1.0,26.0,0.0,3035.0
2022-05-18 03:44:17.213018+00:00,None,None,None,None,100.0,mdi:gesture-double-tap,255.0,high,None,6.0,26.0,0.0,3035.0
2022-05-18 03:56:05.390195+00:00,None,None,None,None,100.0,mdi:gesture-double-tap,191.0,high,None,6.0,26.0,0.0,3035.0
2022-05-18 04:06:59.494906+00:00,vibration,None,None,None,100.0,mdi:gesture-double-tap,191.0,high,None,6.0,26.0,1.0,3035.0
2022-05-18 04:06:59.498375+00:00,vibration,None,None,None,100.0,mdi:gesture-double-tap,191.0,high,vibration,6.0,26.0,1.0,3035.0
2022-05-18 04:06:59.511835+00:00,,None,None,None,100.0,mdi:gesture-double-tap,191.0,high,vibration,6.0,26.0,1.0,3035.0
2022-05-18 04:08:29.503830+00:00,None,None,None,None,100.0,mdi:gesture-double-tap,191.0,high,None,6.0,26.0,0.0,3035.0
2022-05-18 04:10:54.243525+00:00,None,None,None,None,100.0,mdi:gesture-double-tap,223.0,high,None,12.0,26.0,0.0,3035.0
2022-05-18 04:46:39.433472+00:00,None,None,None,None,100.0,mdi:gesture-double-tap,231.0,high,None,12.0,26.0,0.0,3035.0
2022-05-18 05:42:22.579534+00:00,None,None,None,None,100.0,mdi:gesture-double-tap,255.0,high,None,12.0,26.0,0.0,3035.0
2022-05-18 06:11:11.480602+00:00,vibration,None,None,None,100.0,mdi:gesture-double-tap,255.0,high,None,12.0,26.0,1.0,3035.0
2022-05-18 06:11:11.483472+00:00,vibration,None,None,None,100.0,mdi:gesture-double-tap,255.0,high,vibration,12.0,26.0,1.0,3035.0
2022-05-18 06:11:11.521315+00:00,,None,None,None,100.0,mdi:gesture-double-tap,255.0,high,vibration,12.0,26.0,1.0,3035.0
2022-05-18 06:12:41.497421+00:00,None,None,None,None,100.0,mdi:gesture-double-tap,255.0,high,None,12.0,26.0,0.0,3035.0
2022-05-18 06:15:11.580997+00:00,None,None,None,None,100.0,mdi:gesture-double-tap,231.0,high,None,21.0,26.0,0.0,3035.0
2022-05-18 06:38:47.286321+00:00,None,None,None,None,100.0,mdi:gesture-double-tap,183.0,high,None,21.0,26.0,0.0,3035.0
2022-05-18 06:42:48.592304+00:00,None,None,None,None,100.0,mdi:gesture-double-tap,183.0,high,None,4.0,26.0,0.0,3035.0
2022-05-18 07:30:06.968083+00:00,None,None,None,None,100.0,mdi:gesture-double-tap,159.0,high,None,4.0,26.0,0.0,3035.0
2022-05-18 10:28:23.623707+00:00,None,None,None,None,100.0,mdi:gesture-double-tap,191.0,high,None,4.0,26.0,0.0,3035.0
2022-05-18 11:30:15.871898+00:00,None,None,None,None,100.0,mdi:gesture-double-tap,50.0,high,None,4.0,26.0,0.0,3035.0
2022-05-18 11:30:16.344156+00:00,None,None,None,None,100.0,mdi:gesture-double-tap,0.0,high,None,4.0,26.0,0.0,3035.0
2022-05-18 11:30:16.767550+00:00,None,None,None,None,100.0,mdi:gesture-double-tap,175.0,high,None,4.0,26.0,0.0,3035.0
2022-05-18 12:26:24.390433+00:00,None,None,None,None,100.0,mdi:gesture-double-tap,191.0,high,None,4.0,26.0,0.0,3035.0
2022-05-18 13:03:54.810075+00:00,vibration,None,None,None,100.0,mdi:gesture-double-tap,247.0,high,None,4.0,26.0,1.0,3035.0
2022-05-18 13:03:54.813536+00:00,vibration,None,None,None,100.0,mdi:gesture-double-tap,247.0,high,vibration,4.0,26.0,1.0,3035.0
2022-05-18 13:03:54.821285+00:00,,None,None,None,100.0,mdi:gesture-double-tap,247.0,high,vibration,4.0,26.0,1.0,3035.0
2022-05-18 13:05:24.822870+00:00,None,None,None,None,100.0,mdi:gesture-double-tap,247.0,high,None,4.0,26.0,0.0,3035.0
2022-05-18 13:06:15.288433+00:00,vibration,None,None,None,100.0,mdi:gesture-double-tap,255.0,high,None,4.0,26.0,1.0,3035.0
2022-05-18 13:06:15.291280+00:00,vibration,None,None,None,100.0,mdi:gesture-double-tap,255.0,high,vibration,4.0,26.0,1.0,3035.0
2022-05-18 13:06:15.294594+00:00,,None,None,None,100.0,mdi:gesture-double-tap,255.0,high,vibration,4.0,26.0,1.0,3035.0
2022-05-18 13:07:45.305925+00:00,None,None,None,None,100.0,mdi:gesture-double-tap,255.0,high,None,4.0,26.0,0.0,3035.0
2022-05-18 13:07:53.486642+00:00,None,None,None,None,100.0,mdi:gesture-double-tap,95.0,high,None,31.0,26.0,0.0,3035.0
2022-05-18 13:21:25.908344+00:00,None,None,None,None,100.0,mdi:gesture-double-tap,239.0,high,None,31.0,26.0,0.0,3035.0
2022-05-18 13:25:27.263710+00:00,None,None,None,None,100.0,mdi:gesture-double-tap,167.0,high,None,5.0,26.0,0.0,3035.0
2022-05-18 14:17:35.546528+00:00,None,None,None,None,100.0,mdi:gesture-double-tap,199.0,high,None,5.0,26.0,0.0,3035.0
2022-05-18 15:19:38.793878+00:00,None,None,None,None,100.0,mdi:gesture-double-tap,215.0,high,None,5.0,26.0,0.0,3035.0
2022-05-18 15:45:21.703912+00:00,vibration,None,None,None,100.0,mdi:gesture-double-tap,215.0,high,None,5.0,26.0,1.0,3035.0
2022-05-18 15:45:21.706754+00:00,vibration,None,None,None,100.0,mdi:gesture-double-tap,215.0,high,vibration,5.0,26.0,1.0,3035.0
2022-05-18 15:45:21.709165+00:00,,None,None,None,100.0,mdi:gesture-double-tap,215.0,high,vibration,5.0,26.0,1.0,3035.0
2022-05-18 15:46:51.716352+00:00,None,None,None,None,100.0,mdi:gesture-double-tap,215.0,high,None,5.0,26.0,0.0,3035.0
2022-05-18 15:49:21.861579+00:00,None,None,None,None,100.0,mdi:gesture-double-tap,199.0,high,None,16.0,26.0,0.0,3035.0
2022-05-18 16:10:51.320686+00:00,None,None,None,None,100.0,mdi:gesture-double-tap,215.0,high,None,16.0,26.0,0.0,3035.0
2022-05-18 17:14:36.592951+00:00,None,None,None,None,100.0,mdi:gesture-double-tap,175.0,high,None,16.0,26.0,0.0,3035.0
2022-05-18 18:17:19.068951+00:00,None,None,None,None,100.0,mdi:gesture-double-tap,207.0,high,None,16.0,26.0,0.0,3035.0
2022-05-18 18:21:21.026904+00:00,None,None,None,None,100.0,mdi:gesture-double-tap,191.0,high,None,4.0,26.0,0.0,3035.0
2022-05-18 19:03:03.605706+00:00,vibration,None,None,None,100.0,mdi:gesture-double-tap,255.0,high,None,4.0,26.0,1.0,3035.0
2022-05-18 19:03:03.608402+00:00,vibration,None,None,None,100.0,mdi:gesture-double-tap,255.0,high,vibration,4.0,26.0,1.0,3035.0
2022-05-18 19:03:03.611503+00:00,,None,None,None,100.0,mdi:gesture-double-tap,255.0,high,vibration,4.0,26.0,1.0,3035.0
2022-05-18 19:04:33.622359+00:00,None,None,None,None,100.0,mdi:gesture-double-tap,255.0,high,None,4.0,26.0,0.0,3035.0
2022-05-18 19:07:03.731673+00:00,None,None,None,None,100.0,mdi:gesture-double-tap,247.0,high,None,22.0,26.0,0.0,3035.0
2022-05-18 19:07:04.958506+00:00,None,None,None,None,100.0,mdi:gesture-double-tap,191.0,high,None,22.0,26.0,0.0,3035.0
2022-05-18 19:12:04.010919+00:00,None,None,None,None,100.0,mdi:gesture-double-tap,255.0,high,None,18.0,26.0,0.0,3035.0
2022-05-18 21:09:31.293094+00:00,None,None,None,None,100.0,mdi:gesture-double-tap,247.0,high,None,4.0,26.0,0.0,3035.0
2022-05-18 21:14:53.310180+00:00,vibration,None,None,None,100.0,mdi:gesture-double-tap,159.0,high,None,4.0,26.0,1.0,3035.0
2022-05-18 21:14:53.312863+00:00,vibration,None,None,None,100.0,mdi:gesture-double-tap,159.0,high,vibration,4.0,26.0,1.0,3035.0
2022-05-18 21:14:53.316048+00:00,,None,None,None,100.0,mdi:gesture-double-tap,159.0,high,vibration,4.0,26.0,1.0,3035.0
2022-05-18 21:16:23.323135+00:00,None,None,None,None,100.0,mdi:gesture-double-tap,159.0,high,None,4.0,26.0,0.0,3035.0
2022-05-18 21:18:53.461232+00:00,None,None,None,None,100.0,mdi:gesture-double-tap,255.0,high,None,18.0,26.0,0.0,3035.0
2022-05-18 21:28:14.726809+00:00,vibration,None,None,None,100.0,mdi:gesture-double-tap,255.0,high,None,18.0,26.0,1.0,3035.0
2022-05-18 21:28:14.729679+00:00,vibration,None,None,None,100.0,mdi:gesture-double-tap,255.0,high,vibration,18.0,26.0,1.0,3035.0
2022-05-18 21:28:14.740064+00:00,,None,None,None,100.0,mdi:gesture-double-tap,255.0,high,vibration,18.0,26.0,1.0,3035.0
2022-05-18 21:29:44.743964+00:00,None,None,None,None,100.0,mdi:gesture-double-tap,255.0,high,None,18.0,26.0,0.0,3035.0
2022-05-18 21:32:14.095130+00:00,None,None,None,None,100.0,mdi:gesture-double-tap,63.0,high,None,16.0,26.0,0.0,3035.0
2022-05-18 21:48:40.675132+00:00,None,None,None,None,100.0,mdi:gesture-double-tap,231.0,high,None,16.0,26.0,0.0,3035.0
2022-05-18 22:44:19.830107+00:00,None,None,None,None,100.0,mdi:gesture-double-tap,191.0,high,None,16.0,27.0,0.0,3035.0
2022-05-18 23:41:02.331145+00:00,None,None,None,None,100.0,mdi:gesture-double-tap,255.0,high,None,16.0,27.0,0.0,3035.0
