time,action_str,angle_x_str,angle_y_str,angle_z_str,battery,icon_str,linkquality,sensitivity_str,state,strength,temperature,vibration,voltage
2022-05-02 04:54:31.529598+00:00,None,None,None,None,100.0,mdi:gesture-double-tap,255.0,high,None,5.0,24.0,0.0,3025.0
2022-05-02 05:59:31.691332+00:00,None,None,None,None,100.0,mdi:gesture-double-tap,255.0,high,None,5.0,23.0,0.0,3025.0
2022-05-02 06:03:44.611678+00:00,None,None,None,None,100.0,mdi:gesture-double-tap,255.0,high,None,2.0,23.0,0.0,3025.0
2022-05-02 07:03:21.938465+00:00,None,None,None,None,100.0,mdi:gesture-double-tap,255.0,high,None,1.0,23.0,0.0,3025.0
2022-05-02 07:58:29.388708+00:00,None,None,None,None,100.0,mdi:gesture-double-tap,255.0,high,None,2.0,23.0,0.0,3025.0
2022-05-02 08:52:32.571381+00:00,vibration,None,None,None,100.0,mdi:gesture-double-tap,255.0,high,None,2.0,23.0,1.0,3025.0
2022-05-02 08:52:32.574370+00:00,vibration,None,None,None,100.0,mdi:gesture-double-tap,255.0,high,vibration,2.0,23.0,1.0,3025.0
2022-05-02 08:52:32.577197+00:00,,None,None,None,100.0,mdi:gesture-double-tap,255.0,high,vibration,2.0,23.0,1.0,3025.0
2022-05-02 08:54:02.587202+00:00,None,None,None,None,100.0,mdi:gesture-double-tap,255.0,high,None,2.0,23.0,0.0,3025.0
2022-05-02 08:56:32.784637+00:00,None,None,None,None,100.0,mdi:gesture-double-tap,255.0,high,None,6.0,23.0,0.0,3025.0
2022-05-02 10:38:04.252059+00:00,vibration,None,None,None,100.0,mdi:gesture-double-tap,255.0,high,None,6.0,23.0,1.0,3025.0
2022-05-02 10:38:04.256902+00:00,vibration,None,None,None,100.0,mdi:gesture-double-tap,255.0,high,vibration,6.0,23.0,1.0,3025.0
2022-05-02 10:38:04.268113+00:00,,None,None,None,100.0,mdi:gesture-double-tap,255.0,high,vibration,6.0,23.0,1.0,3025.0
2022-05-02 10:39:34.272134+00:00,None,None,None,None,100.0,mdi:gesture-double-tap,255.0,high,None,6.0,23.0,0.0,3025.0
2022-05-02 10:42:01.060907+00:00,None,None,None,None,100.0,mdi:gesture-double-tap,255.0,high,None,14.0,23.0,0.0,3025.0
2022-05-02 10:55:39.217712+00:00,vibration,None,None,None,100.0,mdi:gesture-double-tap,255.0,high,None,14.0,23.0,1.0,3025.0
2022-05-02 10:55:39.220607+00:00,vibration,None,None,None,100.0,mdi:gesture-double-tap,255.0,high,vibration,14.0,23.0,1.0,3025.0
2022-05-02 10:55:39.232306+00:00,,None,None,None,100.0,mdi:gesture-double-tap,255.0,high,vibration,14.0,23.0,1.0,3025.0
2022-05-02 10:57:09.243689+00:00,None,None,None,None,100.0,mdi:gesture-double-tap,255.0,high,None,14.0,23.0,0.0,3025.0
2022-05-02 10:58:00.272392+00:00,None,None,None,None,100.0,mdi:gesture-double-tap,255.0,high,None,16.0,23.0,0.0,3025.0
2022-05-02 10:59:20.732949+00:00,vibration,None,None,None,100.0,mdi:gesture-double-tap,255.0,high,None,16.0,23.0,1.0,3025.0
2022-05-02 10:59:20.736132+00:00,vibration,None,None,None,100.0,mdi:gesture-double-tap,255.0,high,vibration,16.0,23.0,1.0,3025.0
2022-05-02 10:59:20.739166+00:00,,None,None,None,100.0,mdi:gesture-double-tap,255.0,high,vibration,16.0,23.0,1.0,3025.0
2022-05-02 11:00:50.750523+00:00,None,None,None,None,100.0,mdi:gesture-double-tap,255.0,high,None,16.0,23.0,0.0,3025.0
2022-05-02 11:02:12.210381+00:00,vibration,None,None,None,100.0,mdi:gesture-double-tap,255.0,high,None,16.0,23.0,1.0,3025.0
2022-05-02 11:02:12.213310+00:00,vibration,None,None,None,100.0,mdi:gesture-double-tap,255.0,high,vibration,16.0,23.0,1.0,3025.0
2022-05-02 11:02:12.225838+00:00,,None,None,None,100.0,mdi:gesture-double-tap,255.0,high,vibration,16.0,23.0,1.0,3025.0
2022-05-02 11:03:16.440051+00:00,None,None,None,None,100.0,mdi:gesture-double-tap,255.0,high,None,66.0,23.0,1.0,3025.0
2022-05-02 11:03:42.220888+00:00,None,None,None,None,100.0,mdi:gesture-double-tap,255.0,high,None,66.0,23.0,0.0,3025.0
2022-05-02 11:10:15.126897+00:00,vibration,None,None,None,100.0,mdi:gesture-double-tap,255.0,high,None,66.0,23.0,1.0,3025.0
2022-05-02 11:10:15.129925+00:00,vibration,None,None,None,100.0,mdi:gesture-double-tap,255.0,high,vibration,66.0,23.0,1.0,3025.0
2022-05-02 11:10:15.133574+00:00,,None,None,None,100.0,mdi:gesture-double-tap,255.0,high,vibration,66.0,23.0,1.0,3025.0
2022-05-02 11:11:31.269015+00:00,vibration,None,None,None,100.0,mdi:gesture-double-tap,255.0,high,vibration,66.0,23.0,1.0,3025.0
2022-05-02 11:11:31.272444+00:00,,None,None,None,100.0,mdi:gesture-double-tap,255.0,high,vibration,66.0,23.0,1.0,3025.0
2022-05-02 11:13:01.270558+00:00,None,None,None,None,100.0,mdi:gesture-double-tap,255.0,high,None,66.0,23.0,0.0,3025.0
2022-05-02 11:13:01.961016+00:00,vibration,None,None,None,100.0,mdi:gesture-double-tap,255.0,high,None,66.0,23.0,1.0,3025.0
2022-05-02 11:13:01.963647+00:00,vibration,None,None,None,100.0,mdi:gesture-double-tap,255.0,high,vibration,66.0,23.0,1.0,3025.0
2022-05-02 11:13:01.974969+00:00,,None,None,None,100.0,mdi:gesture-double-tap,255.0,high,vibration,66.0,23.0,1.0,3025.0
2022-05-02 11:14:09.434178+00:00,None,None,None,None,100.0,mdi:gesture-double-tap,255.0,high,None,50.0,23.0,1.0,3025.0
2022-05-02 11:14:31.974072+00:00,None,None,None,None,100.0,mdi:gesture-double-tap,255.0,high,None,50.0,23.0,0.0,3025.0
2022-05-02 11:23:45.245021+00:00,vibration,None,None,None,100.0,mdi:gesture-double-tap,255.0,high,None,50.0,23.0,1.0,3025.0
2022-05-02 11:23:45.247657+00:00,vibration,None,None,None,100.0,mdi:gesture-double-tap,255.0,high,vibration,50.0,23.0,1.0,3025.0
2022-05-02 11:23:45.250759+00:00,,None,None,None,100.0,mdi:gesture-double-tap,255.0,high,vibration,50.0,23.0,1.0,3025.0
2022-05-02 11:25:15.246697+00:00,None,None,None,None,100.0,mdi:gesture-double-tap,255.0,high,None,50.0,23.0,0.0,3025.0
2022-05-02 11:26:45.305668+00:00,vibration,None,None,None,100.0,mdi:gesture-double-tap,255.0,high,None,50.0,23.0,1.0,3025.0
2022-05-02 11:26:45.308928+00:00,vibration,None,None,None,100.0,mdi:gesture-double-tap,255.0,high,vibration,50.0,23.0,1.0,3025.0
2022-05-02 11:26:45.324977+00:00,,None,None,None,100.0,mdi:gesture-double-tap,255.0,high,vibration,50.0,23.0,1.0,3025.0
2022-05-02 11:27:45.200048+00:00,None,None,None,None,100.0,mdi:gesture-double-tap,255.0,high,None,58.0,23.0,1.0,3025.0
2022-05-02 11:28:15.321104+00:00,None,None,None,None,100.0,mdi:gesture-double-tap,255.0,high,None,58.0,23.0,0.0,3025.0
2022-05-02 11:42:18.358493+00:00,None,None,None,None,100.0,mdi:gesture-double-tap,255.0,high,None,5.0,23.0,0.0,3025.0
2022-05-02 12:35:44.676672+00:00,None,None,None,None,100.0,mdi:gesture-double-tap,255.0,high,None,2.0,23.0,0.0,3025.0
2022-05-02 13:25:00.186228+00:00,None,None,None,None,100.0,mdi:gesture-double-tap,247.0,high,None,2.0,23.0,0.0,3025.0
2022-05-02 13:29:01.531793+00:00,None,None,None,None,100.0,mdi:gesture-double-tap,255.0,high,None,5.0,23.0,0.0,3025.0
2022-05-02 14:17:50.992586+00:00,None,None,None,None,100.0,mdi:gesture-double-tap,231.0,high,None,5.0,23.0,0.0,3025.0
2022-05-02 14:21:02.259104+00:00,vibration,None,None,None,100.0,mdi:gesture-double-tap,231.0,high,None,5.0,23.0,1.0,3025.0
2022-05-02 14:21:02.263369+00:00,vibration,None,None,None,100.0,mdi:gesture-double-tap,231.0,high,vibration,5.0,23.0,1.0,3025.0
2022-05-02 14:21:02.272450+00:00,,None,None,None,100.0,mdi:gesture-double-tap,231.0,high,vibration,5.0,23.0,1.0,3025.0
2022-05-02 14:22:32.278027+00:00,None,None,None,None,100.0,mdi:gesture-double-tap,231.0,high,None,5.0,23.0,0.0,3025.0
2022-05-02 14:25:02.530276+00:00,None,None,None,None,100.0,mdi:gesture-double-tap,247.0,high,None,5.0,23.0,0.0,3025.0
2022-05-02 15:12:34.751348+00:00,vibration,None,None,None,100.0,mdi:gesture-double-tap,247.0,high,None,5.0,23.0,1.0,3025.0
2022-05-02 15:12:34.755224+00:00,vibration,None,None,None,100.0,mdi:gesture-double-tap,247.0,high,vibration,5.0,23.0,1.0,3025.0
2022-05-02 15:12:34.763389+00:00,,None,None,None,100.0,mdi:gesture-double-tap,247.0,high,vibration,5.0,23.0,1.0,3025.0
2022-05-02 15:14:04.766400+00:00,None,None,None,None,100.0,mdi:gesture-double-tap,247.0,high,None,5.0,23.0,0.0,3025.0
2022-05-02 15:16:34.962133+00:00,None,None,None,None,100.0,mdi:gesture-double-tap,231.0,high,None,6.0,23.0,0.0,3025.0
2022-05-02 16:09:48.238668+00:00,None,None,None,None,100.0,mdi:gesture-double-tap,247.0,high,None,6.0,23.0,0.0,3025.0
2022-05-02 17:06:11.981614+00:00,None,None,None,None,100.0,mdi:gesture-double-tap,255.0,high,None,6.0,23.0,0.0,3025.0
2022-05-02 17:13:14.071668+00:00,None,None,None,None,100.0,mdi:gesture-double-tap,255.0,high,None,2.0,23.0,0.0,3025.0
2022-05-02 17:57:30.815081+00:00,vibration,None,None,None,100.0,mdi:gesture-double-tap,255.0,high,None,2.0,23.0,1.0,3025.0
2022-05-02 17:57:30.817915+00:00,vibration,None,None,None,100.0,mdi:gesture-double-tap,255.0,high,vibration,2.0,23.0,1.0,3025.0
2022-05-02 17:57:30.821662+00:00,,None,None,None,100.0,mdi:gesture-double-tap,255.0,high,vibration,2.0,23.0,1.0,3025.0
2022-05-02 17:59:00.836787+00:00,None,None,None,None,100.0,mdi:gesture-double-tap,255.0,high,None,2.0,23.0,0.0,3025.0
2022-05-02 18:01:31.082243+00:00,None,None,None,None,100.0,mdi:gesture-double-tap,255.0,high,None,5.0,23.0,0.0,3025.0
2022-05-02 18:55:53.889049+00:00,None,None,None,None,100.0,mdi:gesture-double-tap,239.0,high,None,5.0,23.0,0.0,3025.0
2022-05-02 18:59:55.836899+00:00,None,None,None,None,100.0,mdi:gesture-double-tap,255.0,high,None,2.0,23.0,0.0,3025.0
2022-05-02 19:59:44.332298+00:00,None,None,None,None,100.0,mdi:gesture-double-tap,255.0,high,None,5.0,23.0,0.0,3025.0
2022-05-02 20:07:30.899281+00:00,None,None,None,None,100.0,mdi:gesture-double-tap,255.0,high,None,1.0,23.0,0.0,3025.0
2022-05-02 20:50:08.295420+00:00,vibration,None,None,None,100.0,mdi:gesture-double-tap,255.0,high,None,1.0,23.0,1.0,3025.0
2022-05-02 20:50:08.299232+00:00,vibration,None,None,None,100.0,mdi:gesture-double-tap,255.0,high,vibration,1.0,23.0,1.0,3025.0
2022-05-02 20:50:08.302031+00:00,,None,None,None,100.0,mdi:gesture-double-tap,255.0,high,vibration,1.0,23.0,1.0,3025.0
2022-05-02 20:51:14.391865+00:00,None,None,None,None,100.0,mdi:gesture-double-tap,255.0,high,None,27.0,23.0,1.0,3025.0
2022-05-02 20:51:38.312617+00:00,None,None,None,None,100.0,mdi:gesture-double-tap,255.0,high,None,27.0,23.0,0.0,3025.0
2022-05-02 23:49:07.342202+00:00,vibration,None,None,None,100.0,mdi:gesture-double-tap,255.0,high,None,27.0,23.0,1.0,3025.0
2022-05-02 23:49:07.346399+00:00,vibration,None,None,None,100.0,mdi:gesture-double-tap,255.0,high,vibration,27.0,23.0,1.0,3025.0
2022-05-02 23:49:07.356854+00:00,,None,None,None,100.0,mdi:gesture-double-tap,255.0,high,vibration,27.0,23.0,1.0,3025.0
2022-05-02 23:50:37.358011+00:00,None,None,None,None,100.0,mdi:gesture-double-tap,255.0,high,None,27.0,23.0,0.0,3025.0
2022-05-02 23:53:07.527619+00:00,None,None,None,None,100.0,mdi:gesture-double-tap,255.0,high,None,5.0,23.0,0.0,3025.0
