time,action_str,angle,angle_x,angle_x_absolute,angle_y,angle_y_absolute,angle_z,battery,icon_str,linkquality,sensitivity_str,state,strength,temperature,vibration,voltage
2022-06-21 02:31:30.864613+00:00,None,5.0,-1.0,91.0,79.0,11.0,11.0,100.0,mdi:gesture-double-tap,255.0,high,None,3.0,29.0,0.0,3035.0
2022-06-21 04:38:44.880641+00:00,None,5.0,-1.0,91.0,79.0,11.0,11.0,100.0,mdi:gesture-double-tap,231.0,high,None,3.0,29.0,0.0,3035.0
2022-06-21 05:43:51.773831+00:00,None,5.0,-1.0,91.0,79.0,11.0,11.0,100.0,mdi:gesture-double-tap,247.0,high,None,3.0,30.0,0.0,3035.0
2022-06-21 06:41:00.992952+00:00,None,5.0,-1.0,91.0,79.0,11.0,11.0,100.0,mdi:gesture-double-tap,247.0,high,None,3.0,29.0,0.0,3035.0
2022-06-21 07:40:18.310283+00:00,None,5.0,-1.0,91.0,79.0,11.0,11.0,100.0,mdi:gesture-double-tap,255.0,high,None,3.0,29.0,0.0,3035.0
2022-06-21 14:38:27.871621+00:00,None,5.0,-1.0,91.0,79.0,11.0,11.0,100.0,mdi:gesture-double-tap,255.0,high,None,3.0,30.0,0.0,3035.0
2022-06-21 20:35:35.192173+00:00,None,5.0,-1.0,91.0,79.0,11.0,11.0,100.0,mdi:gesture-double-tap,247.0,high,None,3.0,30.0,0.0,3035.0
2022-06-21 21:40:19.385392+00:00,None,5.0,-1.0,91.0,79.0,11.0,11.0,100.0,mdi:gesture-double-tap,255.0,high,None,3.0,30.0,0.0,3035.0
2022-06-21 22:39:42.662659+00:00,None,5.0,-1.0,91.0,79.0,11.0,11.0,100.0,mdi:gesture-double-tap,255.0,high,None,3.0,29.0,0.0,3035.0
