time,action_str,angle_x_str,angle_y_str,angle_z_str,battery,icon_str,linkquality,sensitivity_str,state,strength,temperature,vibration,voltage
2022-06-21 03:40:09.685128+00:00,vibration,None,None,None,100.0,mdi:gesture-double-tap,255.0,high,None,2.0,28.0,1.0,3045.0
2022-06-21 03:40:09.689245+00:00,vibration,None,None,None,100.0,mdi:gesture-double-tap,255.0,high,vibration,2.0,28.0,1.0,3045.0
2022-06-21 03:40:09.692990+00:00,,None,None,None,100.0,mdi:gesture-double-tap,255.0,high,vibration,2.0,28.0,1.0,3045.0
2022-06-21 03:41:39.700057+00:00,None,None,None,None,100.0,mdi:gesture-double-tap,255.0,high,None,2.0,28.0,0.0,3045.0
2022-06-21 03:44:09.903161+00:00,None,None,None,None,100.0,mdi:gesture-double-tap,255.0,high,None,10.0,28.0,0.0,3045.0
2022-06-21 04:05:38.814892+00:00,vibration,None,None,None,100.0,mdi:gesture-double-tap,255.0,high,None,10.0,28.0,1.0,3045.0
2022-06-21 04:05:38.818821+00:00,vibration,None,None,None,100.0,mdi:gesture-double-tap,255.0,high,vibration,10.0,28.0,1.0,3045.0
2022-06-21 04:05:38.831695+00:00,,None,None,None,100.0,mdi:gesture-double-tap,255.0,high,vibration,10.0,28.0,1.0,3045.0
2022-06-21 04:07:08.823753+00:00,None,None,None,None,100.0,mdi:gesture-double-tap,255.0,high,None,10.0,28.0,0.0,3045.0
2022-06-21 04:09:38.963866+00:00,None,None,None,None,100.0,mdi:gesture-double-tap,255.0,high,None,15.0,28.0,0.0,3045.0
2022-06-21 04:14:39.217770+00:00,None,None,None,None,100.0,mdi:gesture-double-tap,255.0,high,None,12.0,28.0,0.0,3045.0
2022-06-21 05:11:32.105330+00:00,None,None,None,None,100.0,mdi:gesture-double-tap,255.0,high,None,4.0,28.0,0.0,3045.0
2022-06-21 08:04:56.638065+00:00,None,None,None,None,100.0,mdi:gesture-double-tap,255.0,high,None,4.0,27.0,0.0,3045.0
2022-06-21 08:08:58.595704+00:00,None,None,None,None,100.0,mdi:gesture-double-tap,255.0,high,None,2.0,27.0,0.0,3045.0
2022-06-21 08:34:01.853212+00:00,None,None,None,None,100.0,mdi:gesture-double-tap,255.0,high,None,4.0,27.0,0.0,3045.0
2022-06-21 08:54:05.658032+00:00,None,None,None,None,100.0,mdi:gesture-double-tap,255.0,high,None,4.0,28.0,0.0,3045.0
2022-06-21 13:15:13.624670+00:00,vibration,None,None,None,100.0,mdi:gesture-double-tap,255.0,high,None,4.0,28.0,1.0,3045.0
2022-06-21 13:15:13.627830+00:00,vibration,None,None,None,100.0,mdi:gesture-double-tap,255.0,high,vibration,4.0,28.0,1.0,3045.0
2022-06-21 13:15:13.630694+00:00,,None,None,None,100.0,mdi:gesture-double-tap,255.0,high,vibration,4.0,28.0,1.0,3045.0
2022-06-21 13:16:43.640430+00:00,None,None,None,None,100.0,mdi:gesture-double-tap,255.0,high,None,4.0,28.0,0.0,3045.0
2022-06-21 13:19:13.794112+00:00,None,None,None,None,100.0,mdi:gesture-double-tap,255.0,high,None,19.0,28.0,0.0,3045.0
2022-06-21 13:43:11.721812+00:00,None,None,None,None,100.0,mdi:gesture-double-tap,255.0,high,None,4.0,28.0,0.0,3045.0
2022-06-21 14:35:01.343572+00:00,None,None,None,None,100.0,mdi:gesture-double-tap,255.0,high,None,2.0,28.0,0.0,3045.0
2022-06-21 16:30:04.548381+00:00,None,None,None,None,100.0,mdi:gesture-double-tap,255.0,high,None,1.0,28.0,0.0,3045.0
2022-06-21 16:47:49.314723+00:00,vibration,None,None,None,100.0,mdi:gesture-double-tap,255.0,high,None,1.0,28.0,1.0,3045.0
2022-06-21 16:47:49.318523+00:00,vibration,None,None,None,100.0,mdi:gesture-double-tap,255.0,high,vibration,1.0,28.0,1.0,3045.0
2022-06-21 16:47:49.321274+00:00,,None,None,None,100.0,mdi:gesture-double-tap,255.0,high,vibration,1.0,28.0,1.0,3045.0
2022-06-21 16:49:19.332004+00:00,None,None,None,None,100.0,mdi:gesture-double-tap,255.0,high,None,1.0,28.0,0.0,3045.0
2022-06-21 16:51:47.592821+00:00,None,None,None,None,100.0,mdi:gesture-double-tap,255.0,high,None,18.0,28.0,0.0,3045.0
2022-06-21 17:12:46.970327+00:00,vibration,None,None,None,100.0,mdi:gesture-double-tap,255.0,high,None,18.0,28.0,1.0,3045.0
2022-06-21 17:12:46.975337+00:00,vibration,None,None,None,100.0,mdi:gesture-double-tap,255.0,high,vibration,18.0,28.0,1.0,3045.0
2022-06-21 17:12:46.988201+00:00,,None,None,None,100.0,mdi:gesture-double-tap,255.0,high,vibration,18.0,28.0,1.0,3045.0
2022-06-21 17:13:44.552823+00:00,vibration,None,None,None,100.0,mdi:gesture-double-tap,255.0,high,vibration,18.0,28.0,1.0,3045.0
2022-06-21 17:13:44.555335+00:00,,None,None,None,100.0,mdi:gesture-double-tap,255.0,high,vibration,18.0,28.0,1.0,3045.0
2022-06-21 17:14:42.561463+00:00,vibration,None,None,None,100.0,mdi:gesture-double-tap,255.0,high,vibration,18.0,28.0,1.0,3045.0
2022-06-21 17:14:42.576437+00:00,,None,None,None,100.0,mdi:gesture-double-tap,255.0,high,vibration,18.0,28.0,1.0,3045.0
2022-06-21 17:16:12.578911+00:00,None,None,None,None,100.0,mdi:gesture-double-tap,255.0,high,None,18.0,28.0,0.0,3045.0
2022-06-21 17:16:42.383240+00:00,None,None,None,None,100.0,mdi:gesture-double-tap,255.0,high,None,30.0,28.0,0.0,3045.0
2022-06-21 17:16:43.612006+00:00,None,None,None,None,100.0,mdi:gesture-double-tap,255.0,high,None,30.0,29.0,0.0,3045.0
2022-06-21 18:02:14.427253+00:00,vibration,None,None,None,100.0,mdi:gesture-double-tap,255.0,high,None,30.0,29.0,1.0,3045.0
2022-06-21 18:02:14.430130+00:00,vibration,None,None,None,100.0,mdi:gesture-double-tap,255.0,high,vibration,30.0,29.0,1.0,3045.0
2022-06-21 18:02:14.446805+00:00,,None,None,None,100.0,mdi:gesture-double-tap,255.0,high,vibration,30.0,29.0,1.0,3045.0
2022-06-21 18:03:44.441926+00:00,None,None,None,None,100.0,mdi:gesture-double-tap,255.0,high,None,30.0,29.0,0.0,3045.0
2022-06-21 18:04:50.793213+00:00,vibration,None,None,None,100.0,mdi:gesture-double-tap,255.0,high,None,30.0,29.0,1.0,3045.0
2022-06-21 18:04:50.795949+00:00,vibration,None,None,None,100.0,mdi:gesture-double-tap,255.0,high,vibration,30.0,29.0,1.0,3045.0
2022-06-21 18:04:50.799574+00:00,,None,None,None,100.0,mdi:gesture-double-tap,255.0,high,vibration,30.0,29.0,1.0,3045.0
2022-06-21 18:06:12.552743+00:00,None,None,None,None,100.0,mdi:gesture-double-tap,255.0,high,None,32.0,29.0,1.0,3045.0
2022-06-21 18:06:20.815319+00:00,None,None,None,None,100.0,mdi:gesture-double-tap,255.0,high,None,32.0,29.0,0.0,3045.0
2022-06-21 19:06:47.577918+00:00,vibration,None,None,None,100.0,mdi:gesture-double-tap,255.0,high,None,32.0,29.0,1.0,3045.0
2022-06-21 19:06:47.582261+00:00,vibration,None,None,None,100.0,mdi:gesture-double-tap,255.0,high,vibration,32.0,29.0,1.0,3045.0
2022-06-21 19:06:47.593057+00:00,,None,None,None,100.0,mdi:gesture-double-tap,255.0,high,vibration,32.0,29.0,1.0,3045.0
2022-06-21 19:08:17.597915+00:00,None,None,None,None,100.0,mdi:gesture-double-tap,255.0,high,None,32.0,29.0,0.0,3045.0
2022-06-21 19:10:45.892003+00:00,None,None,None,None,100.0,mdi:gesture-double-tap,255.0,high,None,16.0,29.0,0.0,3045.0
2022-06-21 19:10:47.117935+00:00,None,None,None,None,100.0,mdi:gesture-double-tap,255.0,high,None,16.0,28.0,0.0,3045.0
2022-06-21 20:14:25.928060+00:00,None,None,None,None,100.0,mdi:gesture-double-tap,255.0,high,None,16.0,29.0,0.0,3045.0
2022-06-21 21:03:22.653470+00:00,vibration,None,None,None,100.0,mdi:gesture-double-tap,255.0,high,None,16.0,29.0,1.0,3045.0
2022-06-21 21:03:22.656176+00:00,vibration,None,None,None,100.0,mdi:gesture-double-tap,255.0,high,vibration,16.0,29.0,1.0,3045.0
2022-06-21 21:03:22.664457+00:00,,None,None,None,100.0,mdi:gesture-double-tap,255.0,high,vibration,16.0,29.0,1.0,3045.0
2022-06-21 21:04:52.677588+00:00,None,None,None,None,100.0,mdi:gesture-double-tap,255.0,high,None,16.0,29.0,0.0,3045.0
2022-06-21 21:07:21.942020+00:00,None,None,None,None,100.0,mdi:gesture-double-tap,255.0,high,None,19.0,29.0,0.0,3045.0
2022-06-21 21:19:11.920373+00:00,None,None,None,None,100.0,mdi:gesture-double-tap,255.0,high,None,2.0,29.0,0.0,3045.0
2022-06-21 22:00:09.239588+00:00,vibration,None,None,None,100.0,mdi:gesture-double-tap,255.0,high,None,2.0,29.0,1.0,3045.0
2022-06-21 22:00:09.243413+00:00,vibration,None,None,None,100.0,mdi:gesture-double-tap,255.0,high,vibration,2.0,29.0,1.0,3045.0
2022-06-21 22:00:09.246460+00:00,,None,None,None,100.0,mdi:gesture-double-tap,255.0,high,vibration,2.0,29.0,1.0,3045.0
2022-06-21 22:01:39.266387+00:00,None,None,None,None,100.0,mdi:gesture-double-tap,255.0,high,None,2.0,29.0,0.0,3045.0
2022-06-21 22:04:02.691175+00:00,None,None,None,None,100.0,mdi:gesture-double-tap,255.0,high,None,18.0,29.0,0.0,3045.0
2022-06-21 22:09:02.589305+00:00,None,None,None,None,100.0,mdi:gesture-double-tap,255.0,high,None,17.0,29.0,0.0,3045.0
2022-06-21 22:57:57.570188+00:00,None,None,None,None,100.0,mdi:gesture-double-tap,255.0,high,None,17.0,28.0,0.0,3045.0
