time,action_str,angle,angle_x,angle_x_absolute,angle_y,angle_y_absolute,angle_z,battery,icon_str,linkquality,sensitivity_str,state,strength,temperature,vibration,voltage
2022-06-22 13:01:12.775068+00:00,None,5.0,-1.0,91.0,79.0,11.0,11.0,100.0,mdi:gesture-double-tap,247.0,high,None,3.0,29.0,0.0,3035.0
2022-06-22 13:57:35.989230+00:00,None,5.0,-1.0,91.0,79.0,11.0,11.0,100.0,mdi:gesture-double-tap,207.0,high,None,3.0,30.0,0.0,3035.0
2022-06-22 14:57:35.943580+00:00,None,5.0,-1.0,91.0,79.0,11.0,11.0,100.0,mdi:gesture-double-tap,247.0,high,None,3.0,30.0,0.0,3035.0
2022-06-22 15:57:49.434823+00:00,None,5.0,-1.0,91.0,79.0,11.0,11.0,100.0,mdi:gesture-double-tap,255.0,high,None,3.0,29.0,0.0,3035.0
2022-06-22 16:59:48.469661+00:00,None,5.0,-1.0,91.0,79.0,11.0,11.0,100.0,mdi:gesture-double-tap,207.0,high,None,3.0,30.0,0.0,3035.0
2022-06-22 17:56:03.018154+00:00,None,5.0,-1.0,91.0,79.0,11.0,11.0,100.0,mdi:gesture-double-tap,159.0,high,None,3.0,29.0,0.0,3035.0
2022-06-22 18:54:09.689785+00:00,None,5.0,-1.0,91.0,79.0,11.0,11.0,100.0,mdi:gesture-double-tap,239.0,high,None,3.0,29.0,0.0,3035.0
2022-06-22 19:55:16.309987+00:00,None,5.0,-1.0,91.0,79.0,11.0,11.0,100.0,mdi:gesture-double-tap,255.0,high,None,3.0,29.0,0.0,3035.0
2022-06-22 20:58:21.683271+00:00,None,5.0,-1.0,91.0,79.0,11.0,11.0,100.0,mdi:gesture-double-tap,191.0,high,None,3.0,29.0,0.0,3035.0
2022-06-22 21:58:45.599409+00:00,None,5.0,-1.0,91.0,79.0,11.0,11.0,100.0,mdi:gesture-double-tap,255.0,high,None,3.0,29.0,0.0,3035.0
