time,auto_off_str,consumer_connected,consumption,current,device_class_str,energy,illuminance,illuminance_lux,led_disabled_night_str,linkquality,overload_protection_str,power,power_outage_count,power_outage_memory_str,state_class_str,temperature,update_available_str,update_str,value,voltage
2022-06-08 00:03:25.762167+00:00,None,1.0,46.13,0.003,power,46.13,0.0,0.0,None,255.0,None,0.68,7.0,None,measurement,26.0,None,{'state': None},0.67,226.0
2022-06-08 00:03:25.769610+00:00,None,1.0,46.13,0.003,power,46.13,0.0,0.0,None,255.0,None,0.68,7.0,None,measurement,26.0,None,{'state': None},0.68,226.0
2022-06-08 00:09:05.323896+00:00,None,1.0,46.13,0.004,power,46.13,0.0,0.0,None,255.0,None,0.91,7.0,None,measurement,26.0,None,{'state': None},0.68,226.0
2022-06-08 00:09:05.329957+00:00,None,1.0,46.13,0.004,power,46.13,0.0,0.0,None,255.0,None,0.91,7.0,None,measurement,26.0,None,{'state': None},0.91,226.0
2022-06-08 00:16:56.928907+00:00,None,1.0,46.13,0.0036,power,46.13,0.0,0.0,None,255.0,None,0.81,7.0,None,measurement,26.0,None,{'state': None},0.91,226.0
2022-06-08 00:16:56.935513+00:00,None,1.0,46.13,0.0036,power,46.13,0.0,0.0,None,255.0,None,0.81,7.0,None,measurement,26.0,None,{'state': None},0.81,226.0
2022-06-08 00:24:03.859300+00:00,None,1.0,46.13,0.0029,power,46.13,0.0,0.0,None,255.0,None,0.66,7.0,None,measurement,26.0,None,{'state': None},0.81,226.0
2022-06-08 00:24:03.865213+00:00,None,1.0,46.13,0.0029,power,46.13,0.0,0.0,None,255.0,None,0.66,7.0,None,measurement,26.0,None,{'state': None},0.66,226.0
2022-06-08 00:29:11.641134+00:00,None,1.0,46.13,0.0034,power,46.13,0.0,0.0,None,255.0,None,0.78,7.0,None,measurement,26.0,None,{'state': None},0.66,226.0
2022-06-08 00:29:11.646665+00:00,None,1.0,46.13,0.0034,power,46.13,0.0,0.0,None,255.0,None,0.78,7.0,None,measurement,26.0,None,{'state': None},0.78,226.0
2022-06-08 00:37:10.717185+00:00,None,1.0,46.13,0.0026,power,46.13,0.0,0.0,None,255.0,None,0.59,7.0,None,measurement,26.0,None,{'state': None},0.78,226.0
2022-06-08 00:37:10.723072+00:00,None,1.0,46.13,0.0026,power,46.13,0.0,0.0,None,255.0,None,0.59,7.0,None,measurement,26.0,None,{'state': None},0.59,226.0
2022-06-08 00:44:20.575743+00:00,None,1.0,46.13,0.0031,power,46.13,0.0,0.0,None,255.0,None,0.71,7.0,None,measurement,26.0,None,{'state': None},0.59,226.0
2022-06-08 00:44:20.580607+00:00,None,1.0,46.13,0.0031,power,46.13,0.0,0.0,None,255.0,None,0.71,7.0,None,measurement,26.0,None,{'state': None},0.71,226.0
2022-06-08 00:52:18.516670+00:00,None,1.0,46.13,0.0038,power,46.13,0.0,0.0,None,255.0,None,0.85,7.0,None,measurement,26.0,None,{'state': None},0.71,226.0
2022-06-08 00:52:18.524039+00:00,None,1.0,46.13,0.0038,power,46.13,0.0,0.0,None,255.0,None,0.85,7.0,None,measurement,26.0,None,{'state': None},0.85,226.0
2022-06-08 01:00:01.878280+00:00,None,1.0,46.13,0.0034,power,46.13,0.0,0.0,None,255.0,None,0.77,7.0,None,measurement,26.0,None,{'state': None},0.85,226.0
2022-06-08 01:00:01.882273+00:00,None,1.0,46.13,0.0034,power,46.13,0.0,0.0,None,255.0,None,0.77,7.0,None,measurement,26.0,None,{'state': None},0.77,226.0
2022-06-08 01:06:33.818055+00:00,None,1.0,46.13,0.0069,power,46.13,0.0,0.0,None,255.0,None,1.57,7.0,None,measurement,26.0,None,{'state': None},0.77,226.0
2022-06-08 01:06:33.824253+00:00,None,1.0,46.13,0.0069,power,46.13,0.0,0.0,None,255.0,None,1.57,7.0,None,measurement,26.0,None,{'state': None},1.57,226.0
2022-06-08 01:12:24.969968+00:00,None,1.0,46.13,0.0069,power,46.13,0.0,0.0,None,255.0,None,1.56,7.0,None,measurement,26.0,None,{'state': None},1.57,226.0
2022-06-08 01:12:24.973856+00:00,None,1.0,46.13,0.0069,power,46.13,0.0,0.0,None,255.0,None,1.56,7.0,None,measurement,26.0,None,{'state': None},1.56,226.0
2022-06-08 01:20:11.214990+00:00,None,1.0,46.13,0.0078,power,46.13,0.0,0.0,None,255.0,None,1.75,7.0,None,measurement,26.0,None,{'state': None},1.56,226.0
2022-06-08 01:20:11.220386+00:00,None,1.0,46.13,0.0078,power,46.13,0.0,0.0,None,255.0,None,1.75,7.0,None,measurement,26.0,None,{'state': None},1.75,226.0
2022-06-08 01:27:37.747719+00:00,None,1.0,46.13,0.007,power,46.13,0.0,0.0,None,255.0,None,1.58,7.0,None,measurement,26.0,None,{'state': None},1.75,226.0
2022-06-08 01:27:37.753915+00:00,None,1.0,46.13,0.007,power,46.13,0.0,0.0,None,255.0,None,1.58,7.0,None,measurement,26.0,None,{'state': None},1.58,226.0
2022-06-08 01:35:33.585981+00:00,None,1.0,46.14,0.0068,power,46.14,0.0,0.0,None,255.0,None,1.53,7.0,None,measurement,26.0,None,{'state': None},1.58,226.0
2022-06-08 01:35:33.592872+00:00,None,1.0,46.14,0.0068,power,46.14,0.0,0.0,None,255.0,None,1.53,7.0,None,measurement,26.0,None,{'state': None},1.53,226.0
2022-06-08 01:41:35.379585+00:00,None,1.0,46.14,0.0103,power,46.14,0.0,0.0,None,255.0,None,2.32,7.0,None,measurement,26.0,None,{'state': None},1.53,226.0
2022-06-08 01:41:35.384420+00:00,None,1.0,46.14,0.0103,power,46.14,0.0,0.0,None,255.0,None,2.32,7.0,None,measurement,26.0,None,{'state': None},2.32,226.0
2022-06-08 01:48:34.874450+00:00,None,1.0,46.14,0.0075,power,46.14,0.0,0.0,None,255.0,None,1.69,7.0,None,measurement,26.0,None,{'state': None},2.32,226.0
2022-06-08 01:48:34.881402+00:00,None,1.0,46.14,0.0075,power,46.14,0.0,0.0,None,255.0,None,1.69,7.0,None,measurement,26.0,None,{'state': None},1.69,226.0
2022-06-08 01:55:03.010105+00:00,None,1.0,46.14,0.0077,power,46.14,0.0,0.0,None,255.0,None,1.73,7.0,None,measurement,26.0,None,{'state': None},1.69,226.0
2022-06-08 01:55:03.014916+00:00,None,1.0,46.14,0.0077,power,46.14,0.0,0.0,None,255.0,None,1.73,7.0,None,measurement,26.0,None,{'state': None},1.73,226.0
2022-06-08 02:02:14.973781+00:00,None,1.0,46.14,0.0078,power,46.14,0.0,0.0,None,255.0,None,1.77,7.0,None,measurement,26.0,None,{'state': None},1.73,226.0
2022-06-08 02:02:14.979277+00:00,None,1.0,46.14,0.0078,power,46.14,0.0,0.0,None,255.0,None,1.77,7.0,None,measurement,26.0,None,{'state': None},1.77,226.0
2022-06-08 02:09:55.078120+00:00,None,1.0,46.14,0.0072,power,46.14,0.0,0.0,None,255.0,None,1.63,7.0,None,measurement,26.0,None,{'state': None},1.77,226.0
2022-06-08 02:09:55.083257+00:00,None,1.0,46.14,0.0072,power,46.14,0.0,0.0,None,255.0,None,1.63,7.0,None,measurement,26.0,None,{'state': None},1.63,226.0
2022-06-08 02:17:29.476033+00:00,None,1.0,46.14,0.0074,power,46.14,0.0,0.0,None,255.0,None,1.68,7.0,None,measurement,26.0,None,{'state': None},1.63,226.0
2022-06-08 02:17:29.482642+00:00,None,1.0,46.14,0.0074,power,46.14,0.0,0.0,None,255.0,None,1.68,7.0,None,measurement,26.0,None,{'state': None},1.68,226.0
2022-06-08 02:24:41.854954+00:00,None,1.0,46.14,0.007,power,46.14,0.0,0.0,None,255.0,None,1.59,7.0,None,measurement,26.0,None,{'state': None},1.68,226.0
2022-06-08 02:24:41.864424+00:00,None,1.0,46.14,0.007,power,46.14,0.0,0.0,None,255.0,None,1.59,7.0,None,measurement,26.0,None,{'state': None},1.59,226.0
2022-06-08 02:30:03.642958+00:00,None,1.0,46.14,0.0075,power,46.14,0.0,0.0,None,255.0,None,1.7,7.0,None,measurement,26.0,None,{'state': None},1.59,226.0
2022-06-08 02:30:03.648812+00:00,None,1.0,46.14,0.0075,power,46.14,0.0,0.0,None,255.0,None,1.7,7.0,None,measurement,26.0,None,{'state': None},1.7,226.0
2022-06-08 02:35:10.310408+00:00,None,1.0,46.14,0.007,power,46.14,0.0,0.0,None,255.0,None,1.58,7.0,None,measurement,26.0,None,{'state': None},1.7,226.0
2022-06-08 02:35:10.313969+00:00,None,1.0,46.14,0.007,power,46.14,0.0,0.0,None,255.0,None,1.58,7.0,None,measurement,26.0,None,{'state': None},1.58,226.0
2022-06-08 02:42:54.975180+00:00,None,1.0,46.14,0.0075,power,46.14,0.0,0.0,None,255.0,None,1.69,7.0,None,measurement,26.0,None,{'state': None},1.58,226.0
2022-06-08 02:42:54.984369+00:00,None,1.0,46.14,0.0075,power,46.14,0.0,0.0,None,255.0,None,1.69,7.0,None,measurement,26.0,None,{'state': None},1.69,226.0
2022-06-08 02:49:53.230289+00:00,None,1.0,46.14,0.0068,power,46.14,0.0,0.0,None,255.0,None,1.53,7.0,None,measurement,26.0,None,{'state': None},1.69,226.0
2022-06-08 02:49:53.235051+00:00,None,1.0,46.14,0.0068,power,46.14,0.0,0.0,None,255.0,None,1.53,7.0,None,measurement,26.0,None,{'state': None},1.53,226.0
2022-06-08 02:57:16.615167+00:00,None,1.0,46.14,0.0077,power,46.14,0.0,0.0,None,255.0,None,1.73,7.0,None,measurement,26.0,None,{'state': None},1.53,226.0
2022-06-08 02:57:16.619967+00:00,None,1.0,46.14,0.0077,power,46.14,0.0,0.0,None,255.0,None,1.73,7.0,None,measurement,26.0,None,{'state': None},1.73,226.0
2022-06-08 03:03:15.410578+00:00,None,1.0,46.14,0.0068,power,46.14,0.0,0.0,None,255.0,None,1.54,7.0,None,measurement,26.0,None,{'state': None},1.73,226.0
2022-06-08 03:03:15.415994+00:00,None,1.0,46.14,0.0068,power,46.14,0.0,0.0,None,255.0,None,1.54,7.0,None,measurement,26.0,None,{'state': None},1.54,226.0
2022-06-08 03:08:40.125379+00:00,None,1.0,46.14,0.0072,power,46.14,0.0,0.0,None,255.0,None,1.63,7.0,None,measurement,26.0,None,{'state': None},1.54,226.0
2022-06-08 03:08:40.130115+00:00,None,1.0,46.14,0.0072,power,46.14,0.0,0.0,None,255.0,None,1.63,7.0,None,measurement,26.0,None,{'state': None},1.63,226.0
2022-06-08 03:14:29.451628+00:00,None,1.0,46.14,0.0072,power,46.14,0.0,0.0,None,255.0,None,1.62,7.0,None,measurement,26.0,None,{'state': None},1.63,226.0
2022-06-08 03:14:29.456420+00:00,None,1.0,46.14,0.0072,power,46.14,0.0,0.0,None,255.0,None,1.62,7.0,None,measurement,26.0,None,{'state': None},1.62,226.0
2022-06-08 03:19:40.649418+00:00,None,1.0,46.14,0.0069,power,46.14,0.0,0.0,None,255.0,None,1.56,7.0,None,measurement,26.0,None,{'state': None},1.62,226.0
2022-06-08 03:19:40.656480+00:00,None,1.0,46.14,0.0069,power,46.14,0.0,0.0,None,255.0,None,1.56,7.0,None,measurement,26.0,None,{'state': None},1.56,226.0
2022-06-08 03:24:47.306946+00:00,None,1.0,46.14,0.0066,power,46.14,0.0,0.0,None,255.0,None,1.48,7.0,None,measurement,26.0,None,{'state': None},1.56,226.0
2022-06-08 03:24:47.311603+00:00,None,1.0,46.14,0.0066,power,46.14,0.0,0.0,None,255.0,None,1.48,7.0,None,measurement,26.0,None,{'state': None},1.48,226.0
2022-06-08 03:30:54.276966+00:00,None,1.0,46.14,0.0075,power,46.14,0.0,0.0,None,255.0,None,1.69,7.0,None,measurement,26.0,None,{'state': None},1.48,226.0
2022-06-08 03:30:54.282287+00:00,None,1.0,46.14,0.0075,power,46.14,0.0,0.0,None,255.0,None,1.69,7.0,None,measurement,26.0,None,{'state': None},1.69,226.0
2022-06-08 03:37:08.794936+00:00,None,1.0,46.14,0.007,power,46.14,0.0,0.0,None,255.0,None,1.57,7.0,None,measurement,26.0,None,{'state': None},1.69,226.0
2022-06-08 03:37:08.801018+00:00,None,1.0,46.14,0.007,power,46.14,0.0,0.0,None,255.0,None,1.57,7.0,None,measurement,26.0,None,{'state': None},1.57,226.0
2022-06-08 03:43:37.442752+00:00,None,1.0,46.14,0.0069,power,46.14,0.0,0.0,None,255.0,None,1.56,7.0,None,measurement,26.0,None,{'state': None},1.57,226.0
2022-06-08 03:43:37.448369+00:00,None,1.0,46.14,0.0069,power,46.14,0.0,0.0,None,255.0,None,1.56,7.0,None,measurement,26.0,None,{'state': None},1.56,226.0
2022-06-08 03:49:08.512400+00:00,None,1.0,46.14,0.0074,power,46.14,0.0,0.0,None,255.0,None,1.67,7.0,None,measurement,26.0,None,{'state': None},1.56,226.0
2022-06-08 03:49:08.518170+00:00,None,1.0,46.14,0.0074,power,46.14,0.0,0.0,None,255.0,None,1.67,7.0,None,measurement,26.0,None,{'state': None},1.67,226.0
2022-06-08 03:55:48.473370+00:00,None,1.0,46.14,0.0069,power,46.14,0.0,0.0,None,255.0,None,1.56,7.0,None,measurement,26.0,None,{'state': None},1.67,226.0
2022-06-08 03:55:48.478584+00:00,None,1.0,46.14,0.0069,power,46.14,0.0,0.0,None,255.0,None,1.56,7.0,None,measurement,26.0,None,{'state': None},1.56,226.0
2022-06-08 04:01:40.473019+00:00,None,1.0,46.14,0.0072,power,46.14,0.0,0.0,None,255.0,None,1.64,7.0,None,measurement,26.0,None,{'state': None},1.56,226.0
2022-06-08 04:01:40.478667+00:00,None,1.0,46.14,0.0072,power,46.14,0.0,0.0,None,255.0,None,1.64,7.0,None,measurement,26.0,None,{'state': None},1.64,226.0
2022-06-08 04:08:47.121958+00:00,None,1.0,46.14,0.0073,power,46.14,0.0,0.0,None,255.0,None,1.66,7.0,None,measurement,26.0,None,{'state': None},1.64,226.0
2022-06-08 04:08:47.128245+00:00,None,1.0,46.14,0.0073,power,46.14,0.0,0.0,None,255.0,None,1.66,7.0,None,measurement,26.0,None,{'state': None},1.66,226.0
2022-06-08 04:16:45.853906+00:00,None,1.0,46.14,0.0075,power,46.14,0.0,0.0,None,255.0,None,1.69,7.0,None,measurement,26.0,None,{'state': None},1.66,226.0
2022-06-08 04:16:45.857792+00:00,None,1.0,46.14,0.0075,power,46.14,0.0,0.0,None,255.0,None,1.69,7.0,None,measurement,26.0,None,{'state': None},1.69,226.0
2022-06-08 04:23:49.791416+00:00,None,1.0,46.14,0.0074,power,46.14,0.0,0.0,None,255.0,None,1.67,7.0,None,measurement,26.0,None,{'state': None},1.69,226.0
2022-06-08 04:23:49.796322+00:00,None,1.0,46.14,0.0074,power,46.14,0.0,0.0,None,255.0,None,1.67,7.0,None,measurement,26.0,None,{'state': None},1.67,226.0
2022-06-08 04:30:27.291743+00:00,None,1.0,46.14,0.0075,power,46.14,0.0,0.0,None,255.0,None,1.71,7.0,None,measurement,26.0,None,{'state': None},1.67,226.0
2022-06-08 04:30:27.296761+00:00,None,1.0,46.14,0.0075,power,46.14,0.0,0.0,None,255.0,None,1.71,7.0,None,measurement,26.0,None,{'state': None},1.71,226.0
2022-06-08 04:35:59.971340+00:00,None,1.0,46.14,0.0073,power,46.14,0.0,0.0,None,255.0,None,1.66,7.0,None,measurement,26.0,None,{'state': None},1.71,226.0
2022-06-08 04:35:59.978033+00:00,None,1.0,46.14,0.0073,power,46.14,0.0,0.0,None,255.0,None,1.66,7.0,None,measurement,26.0,None,{'state': None},1.66,226.0
2022-06-08 04:41:48.984191+00:00,None,1.0,46.14,0.0075,power,46.14,0.0,0.0,None,255.0,None,1.69,7.0,None,measurement,26.0,None,{'state': None},1.66,226.0
2022-06-08 04:41:48.989770+00:00,None,1.0,46.14,0.0075,power,46.14,0.0,0.0,None,255.0,None,1.69,7.0,None,measurement,26.0,None,{'state': None},1.69,226.0
2022-06-08 04:49:02.586179+00:00,None,1.0,46.14,0.0071,power,46.14,0.0,0.0,None,255.0,None,1.6,7.0,None,measurement,26.0,None,{'state': None},1.69,226.0
2022-06-08 04:49:02.594644+00:00,None,1.0,46.14,0.0071,power,46.14,0.0,0.0,None,255.0,None,1.6,7.0,None,measurement,26.0,None,{'state': None},1.6,226.0
2022-06-08 04:54:51.415103+00:00,None,1.0,46.14,0.0069,power,46.14,0.0,0.0,None,255.0,None,1.57,7.0,None,measurement,26.0,None,{'state': None},1.6,226.0
2022-06-08 04:54:51.421677+00:00,None,1.0,46.14,0.0069,power,46.14,0.0,0.0,None,255.0,None,1.57,7.0,None,measurement,26.0,None,{'state': None},1.57,226.0
2022-06-08 05:00:12.085337+00:00,None,1.0,46.14,0.0072,power,46.14,0.0,0.0,None,255.0,None,1.62,7.0,None,measurement,26.0,None,{'state': None},1.57,226.0
2022-06-08 05:00:12.090478+00:00,None,1.0,46.14,0.0072,power,46.14,0.0,0.0,None,255.0,None,1.62,7.0,None,measurement,26.0,None,{'state': None},1.62,226.0
2022-06-08 05:07:18.525643+00:00,None,1.0,46.14,0.007,power,46.14,0.0,0.0,None,255.0,None,1.59,7.0,None,measurement,26.0,None,{'state': None},1.62,226.0
2022-06-08 05:07:18.531502+00:00,None,1.0,46.14,0.007,power,46.14,0.0,0.0,None,255.0,None,1.59,7.0,None,measurement,26.0,None,{'state': None},1.59,226.0
2022-06-08 05:14:05.620859+00:00,None,1.0,46.14,0.0074,power,46.14,0.0,0.0,None,255.0,None,1.68,7.0,None,measurement,26.0,None,{'state': None},1.59,226.0
2022-06-08 05:14:05.626314+00:00,None,1.0,46.14,0.0074,power,46.14,0.0,0.0,None,255.0,None,1.68,7.0,None,measurement,26.0,None,{'state': None},1.68,226.0
2022-06-08 05:19:56.844047+00:00,None,1.0,46.14,0.0071,power,46.14,0.0,0.0,None,255.0,None,1.6,7.0,None,measurement,26.0,None,{'state': None},1.68,226.0
2022-06-08 05:19:56.849834+00:00,None,1.0,46.14,0.0071,power,46.14,0.0,0.0,None,255.0,None,1.6,7.0,None,measurement,26.0,None,{'state': None},1.6,226.0
2022-06-08 05:26:04.215900+00:00,None,1.0,46.14,0.0089,power,46.14,0.0,0.0,None,255.0,None,2.01,7.0,None,measurement,26.0,None,{'state': None},1.6,226.0
2022-06-08 05:26:04.221814+00:00,None,1.0,46.14,0.0089,power,46.14,0.0,0.0,None,255.0,None,2.01,7.0,None,measurement,26.0,None,{'state': None},2.01,226.0
2022-06-08 05:31:58.277414+00:00,None,1.0,46.14,0.0072,power,46.14,0.0,0.0,None,255.0,None,1.63,7.0,None,measurement,26.0,None,{'state': None},2.01,226.0
2022-06-08 05:31:58.282883+00:00,None,1.0,46.14,0.0072,power,46.14,0.0,0.0,None,255.0,None,1.63,7.0,None,measurement,26.0,None,{'state': None},1.63,226.0
2022-06-08 05:39:16.597098+00:00,None,1.0,46.14,0.0073,power,46.14,0.0,0.0,None,255.0,None,1.64,7.0,None,measurement,26.0,None,{'state': None},1.63,226.0
2022-06-08 05:39:16.602607+00:00,None,1.0,46.14,0.0073,power,46.14,0.0,0.0,None,255.0,None,1.64,7.0,None,measurement,26.0,None,{'state': None},1.64,226.0
2022-06-08 05:46:43.021548+00:00,None,1.0,46.14,0.0075,power,46.14,0.0,0.0,None,255.0,None,1.71,7.0,None,measurement,26.0,None,{'state': None},1.64,226.0
2022-06-08 05:46:43.025742+00:00,None,1.0,46.14,0.0075,power,46.14,0.0,0.0,None,255.0,None,1.71,7.0,None,measurement,26.0,None,{'state': None},1.71,226.0
2022-06-08 05:52:30.222116+00:00,None,1.0,46.14,0.0071,power,46.14,0.0,0.0,None,255.0,None,1.6,7.0,None,measurement,26.0,None,{'state': None},1.71,226.0
2022-06-08 05:52:30.230712+00:00,None,1.0,46.14,0.0071,power,46.14,0.0,0.0,None,255.0,None,1.6,7.0,None,measurement,26.0,None,{'state': None},1.6,226.0
2022-06-08 05:58:04.304145+00:00,None,1.0,46.14,0.007,power,46.14,0.0,0.0,None,255.0,None,1.58,7.0,None,measurement,26.0,None,{'state': None},1.6,226.0
2022-06-08 05:58:04.310580+00:00,None,1.0,46.14,0.007,power,46.14,0.0,0.0,None,255.0,None,1.58,7.0,None,measurement,26.0,None,{'state': None},1.58,226.0
2022-06-08 06:06:05.486069+00:00,None,1.0,46.14,0.0068,power,46.14,0.0,0.0,None,255.0,None,1.54,7.0,None,measurement,26.0,None,{'state': None},1.58,226.0
2022-06-08 06:06:05.490902+00:00,None,1.0,46.14,0.0068,power,46.14,0.0,0.0,None,255.0,None,1.54,7.0,None,measurement,26.0,None,{'state': None},1.54,226.0
2022-06-08 06:13:44.775652+00:00,None,1.0,46.14,0.0072,power,46.14,0.0,0.0,None,255.0,None,1.63,7.0,None,measurement,26.0,None,{'state': None},1.54,226.0
2022-06-08 06:13:44.782278+00:00,None,1.0,46.14,0.0072,power,46.14,0.0,0.0,None,255.0,None,1.63,7.0,None,measurement,26.0,None,{'state': None},1.63,226.0
2022-06-08 06:19:12.219629+00:00,None,1.0,46.14,0.0099,power,46.14,0.0,0.0,None,255.0,None,2.23,7.0,None,measurement,26.0,None,{'state': None},1.63,226.0
2022-06-08 06:19:12.224857+00:00,None,1.0,46.14,0.0099,power,46.14,0.0,0.0,None,255.0,None,2.23,7.0,None,measurement,26.0,None,{'state': None},2.23,226.0
2022-06-08 06:26:00.610606+00:00,None,1.0,46.14,0.0077,power,46.14,0.0,0.0,None,255.0,None,1.75,7.0,None,measurement,26.0,None,{'state': None},2.23,226.0
2022-06-08 06:26:00.615892+00:00,None,1.0,46.14,0.0077,power,46.14,0.0,0.0,None,255.0,None,1.75,7.0,None,measurement,26.0,None,{'state': None},1.75,226.0
2022-06-08 06:33:46.551591+00:00,None,1.0,46.14,0.0071,power,46.14,0.0,0.0,None,255.0,None,1.61,7.0,None,measurement,26.0,None,{'state': None},1.75,226.0
2022-06-08 06:33:46.557435+00:00,None,1.0,46.14,0.0071,power,46.14,0.0,0.0,None,255.0,None,1.61,7.0,None,measurement,26.0,None,{'state': None},1.61,226.0
2022-06-08 06:39:06.115476+00:00,None,1.0,46.14,0.0095,power,46.14,0.0,0.0,None,255.0,None,2.15,7.0,None,measurement,26.0,None,{'state': None},1.61,226.0
2022-06-08 06:39:06.119170+00:00,None,1.0,46.14,0.0095,power,46.14,0.0,0.0,None,255.0,None,2.15,7.0,None,measurement,26.0,None,{'state': None},2.15,226.0
2022-06-08 06:45:59.459583+00:00,None,1.0,46.14,0.007,power,46.14,0.0,0.0,None,255.0,None,1.57,7.0,None,measurement,26.0,None,{'state': None},2.15,226.0
2022-06-08 06:45:59.464449+00:00,None,1.0,46.14,0.007,power,46.14,0.0,0.0,None,255.0,None,1.57,7.0,None,measurement,26.0,None,{'state': None},1.57,226.0
2022-06-08 06:53:00.763444+00:00,None,1.0,46.14,0.0093,power,46.14,0.0,0.0,None,255.0,None,2.1,7.0,None,measurement,26.0,None,{'state': None},1.57,226.0
2022-06-08 06:53:00.769999+00:00,None,1.0,46.14,0.0093,power,46.14,0.0,0.0,None,255.0,None,2.1,7.0,None,measurement,26.0,None,{'state': None},2.1,226.0
2022-06-08 06:58:32.728577+00:00,None,1.0,46.14,0.0074,power,46.14,0.0,0.0,None,255.0,None,1.66,7.0,None,measurement,26.0,None,{'state': None},2.1,226.0
2022-06-08 06:58:32.733392+00:00,None,1.0,46.14,0.0074,power,46.14,0.0,0.0,None,255.0,None,1.66,7.0,None,measurement,26.0,None,{'state': None},1.66,226.0
2022-06-08 07:06:13.973006+00:00,None,1.0,46.14,0.0077,power,46.14,0.0,0.0,None,255.0,None,1.75,7.0,None,measurement,26.0,None,{'state': None},1.66,226.0
2022-06-08 07:06:13.984111+00:00,None,1.0,46.14,0.0077,power,46.14,0.0,0.0,None,255.0,None,1.75,7.0,None,measurement,26.0,None,{'state': None},1.75,226.0
2022-06-08 07:11:28.700206+00:00,None,1.0,46.14,0.0068,power,46.14,0.0,0.0,None,255.0,None,1.53,7.0,None,measurement,26.0,None,{'state': None},1.75,226.0
2022-06-08 07:11:28.706827+00:00,None,1.0,46.14,0.0068,power,46.14,0.0,0.0,None,255.0,None,1.53,7.0,None,measurement,26.0,None,{'state': None},1.53,226.0
2022-06-08 07:17:37.975192+00:00,None,1.0,46.14,0.0074,power,46.14,0.0,0.0,None,255.0,None,1.66,7.0,None,measurement,26.0,None,{'state': None},1.53,226.0
2022-06-08 07:17:37.983472+00:00,None,1.0,46.14,0.0074,power,46.14,0.0,0.0,None,255.0,None,1.66,7.0,None,measurement,26.0,None,{'state': None},1.66,226.0
2022-06-08 07:25:39.752073+00:00,None,1.0,46.15,0.0073,power,46.15,0.0,0.0,None,255.0,None,1.64,7.0,None,measurement,26.0,None,{'state': None},1.66,226.0
2022-06-08 07:25:39.758288+00:00,None,1.0,46.15,0.0073,power,46.15,0.0,0.0,None,255.0,None,1.64,7.0,None,measurement,26.0,None,{'state': None},1.64,226.0
2022-06-08 07:32:04.664993+00:00,None,1.0,46.15,0.0069,power,46.15,0.0,0.0,None,255.0,None,1.57,7.0,None,measurement,26.0,None,{'state': None},1.64,226.0
2022-06-08 07:32:04.668888+00:00,None,1.0,46.15,0.0069,power,46.15,0.0,0.0,None,255.0,None,1.57,7.0,None,measurement,26.0,None,{'state': None},1.57,226.0
2022-06-08 07:37:52.479605+00:00,None,1.0,46.15,0.0075,power,46.15,0.0,0.0,None,183.0,None,1.71,7.0,None,measurement,26.0,None,{'state': None},1.57,226.0
2022-06-08 07:37:52.486777+00:00,None,1.0,46.15,0.0075,power,46.15,0.0,0.0,None,183.0,None,1.71,7.0,None,measurement,26.0,None,{'state': None},1.71,226.0
2022-06-08 07:45:21.892581+00:00,None,1.0,46.15,0.0073,power,46.15,0.0,0.0,None,255.0,None,1.65,7.0,None,measurement,26.0,None,{'state': None},1.71,226.0
2022-06-08 07:45:21.898912+00:00,None,1.0,46.15,0.0073,power,46.15,0.0,0.0,None,255.0,None,1.65,7.0,None,measurement,26.0,None,{'state': None},1.65,226.0
2022-06-08 07:51:53.941228+00:00,None,1.0,46.15,0.0069,power,46.15,0.0,0.0,None,255.0,None,1.57,7.0,None,measurement,26.0,None,{'state': None},1.65,226.0
2022-06-08 07:51:53.946400+00:00,None,1.0,46.15,0.0069,power,46.15,0.0,0.0,None,255.0,None,1.57,7.0,None,measurement,26.0,None,{'state': None},1.57,226.0
2022-06-08 07:59:41.534192+00:00,None,1.0,46.15,0.0072,power,46.15,0.0,0.0,None,255.0,None,1.63,7.0,None,measurement,26.0,None,{'state': None},1.57,226.0
2022-06-08 07:59:41.539177+00:00,None,1.0,46.15,0.0072,power,46.15,0.0,0.0,None,255.0,None,1.63,7.0,None,measurement,26.0,None,{'state': None},1.63,226.0
2022-06-08 08:07:02.165470+00:00,None,1.0,46.15,0.0072,power,46.15,0.0,0.0,None,255.0,None,1.62,7.0,None,measurement,26.0,None,{'state': None},1.63,226.0
2022-06-08 08:07:02.172180+00:00,None,1.0,46.15,0.0072,power,46.15,0.0,0.0,None,255.0,None,1.62,7.0,None,measurement,26.0,None,{'state': None},1.62,226.0
2022-06-08 08:13:49.759491+00:00,None,1.0,46.15,0.0071,power,46.15,0.0,0.0,None,255.0,None,1.61,7.0,None,measurement,26.0,None,{'state': None},1.62,226.0
2022-06-08 08:13:49.764418+00:00,None,1.0,46.15,0.0071,power,46.15,0.0,0.0,None,255.0,None,1.61,7.0,None,measurement,26.0,None,{'state': None},1.61,226.0
2022-06-08 08:19:17.005215+00:00,None,1.0,46.15,0.0072,power,46.15,0.0,0.0,None,255.0,None,1.64,7.0,None,measurement,26.0,None,{'state': None},1.61,226.0
2022-06-08 08:19:17.014425+00:00,None,1.0,46.15,0.0072,power,46.15,0.0,0.0,None,255.0,None,1.64,7.0,None,measurement,26.0,None,{'state': None},1.64,226.0
2022-06-08 08:24:21.379744+00:00,None,1.0,46.15,0.0072,power,46.15,0.0,0.0,None,255.0,None,1.62,7.0,None,measurement,26.0,None,{'state': None},1.64,226.0
2022-06-08 08:24:21.385880+00:00,None,1.0,46.15,0.0072,power,46.15,0.0,0.0,None,255.0,None,1.62,7.0,None,measurement,26.0,None,{'state': None},1.62,226.0
2022-06-08 08:31:25.672905+00:00,None,1.0,46.15,0.0072,power,46.15,0.0,0.0,None,255.0,None,1.63,7.0,None,measurement,26.0,None,{'state': None},1.62,226.0
2022-06-08 08:31:25.678422+00:00,None,1.0,46.15,0.0072,power,46.15,0.0,0.0,None,255.0,None,1.63,7.0,None,measurement,26.0,None,{'state': None},1.63,226.0
2022-06-08 08:39:07.292085+00:00,None,1.0,46.15,0.0075,power,46.15,0.0,0.0,None,255.0,None,1.64,7.0,None,measurement,26.0,None,{'state': None},1.63,219.0
2022-06-08 08:39:07.298562+00:00,None,1.0,46.15,0.0075,power,46.15,0.0,0.0,None,255.0,None,1.64,7.0,None,measurement,26.0,None,{'state': None},1.64,219.0
2022-06-08 08:46:28.064433+00:00,None,1.0,46.15,0.0071,power,46.15,0.0,0.0,None,255.0,None,1.6,7.0,None,measurement,26.0,None,{'state': None},1.64,226.0
2022-06-08 08:46:28.069849+00:00,None,1.0,46.15,0.0071,power,46.15,0.0,0.0,None,255.0,None,1.6,7.0,None,measurement,26.0,None,{'state': None},1.6,226.0
2022-06-08 08:52:19.581328+00:00,None,1.0,46.15,0.0076,power,46.15,0.0,0.0,None,255.0,None,1.67,7.0,None,measurement,26.0,None,{'state': None},1.6,219.0
2022-06-08 08:52:19.586723+00:00,None,1.0,46.15,0.0076,power,46.15,0.0,0.0,None,255.0,None,1.67,7.0,None,measurement,26.0,None,{'state': None},1.67,219.0
2022-06-08 08:58:35.926161+00:00,None,1.0,46.15,0.0074,power,46.15,0.0,0.0,None,255.0,None,1.68,7.0,None,measurement,26.0,None,{'state': None},1.67,226.0
2022-06-08 08:58:35.932059+00:00,None,1.0,46.15,0.0074,power,46.15,0.0,0.0,None,255.0,None,1.68,7.0,None,measurement,26.0,None,{'state': None},1.68,226.0
2022-06-08 09:05:39.715573+00:00,None,1.0,46.15,0.0074,power,46.15,0.0,0.0,None,255.0,None,1.62,7.0,None,measurement,26.0,None,{'state': None},1.68,219.0
2022-06-08 09:05:39.721162+00:00,None,1.0,46.15,0.0074,power,46.15,0.0,0.0,None,255.0,None,1.62,7.0,None,measurement,26.0,None,{'state': None},1.62,219.0
2022-06-08 09:13:06.665819+00:00,None,1.0,46.15,0.0078,power,46.15,0.0,0.0,None,255.0,None,1.72,7.0,None,measurement,26.0,None,{'state': None},1.62,219.0
2022-06-08 09:13:06.676373+00:00,None,1.0,46.15,0.0078,power,46.15,0.0,0.0,None,255.0,None,1.72,7.0,None,measurement,26.0,None,{'state': None},1.72,219.0
2022-06-08 09:20:22.570713+00:00,None,1.0,46.15,0.0072,power,46.15,0.0,0.0,None,255.0,None,1.64,7.0,None,measurement,26.0,None,{'state': None},1.72,226.0
2022-06-08 09:20:22.580155+00:00,None,1.0,46.15,0.0072,power,46.15,0.0,0.0,None,255.0,None,1.64,7.0,None,measurement,26.0,None,{'state': None},1.64,226.0
2022-06-08 09:27:48.159856+00:00,None,1.0,46.15,0.0074,power,46.15,0.0,0.0,None,255.0,None,1.61,7.0,None,measurement,26.0,None,{'state': None},1.64,219.0
2022-06-08 09:27:48.166532+00:00,None,1.0,46.15,0.0074,power,46.15,0.0,0.0,None,255.0,None,1.61,7.0,None,measurement,26.0,None,{'state': None},1.61,219.0
2022-06-08 09:35:11.338151+00:00,None,1.0,46.15,0.0072,power,46.15,0.0,0.0,None,255.0,None,1.63,7.0,None,measurement,26.0,None,{'state': None},1.61,226.0
2022-06-08 09:35:11.346339+00:00,None,1.0,46.15,0.0072,power,46.15,0.0,0.0,None,255.0,None,1.63,7.0,None,measurement,26.0,None,{'state': None},1.63,226.0
2022-06-08 09:40:57.713408+00:00,None,1.0,46.15,0.0074,power,46.15,0.0,0.0,None,255.0,None,1.68,7.0,None,measurement,26.0,None,{'state': None},1.63,226.0
2022-06-08 09:40:57.721923+00:00,None,1.0,46.15,0.0074,power,46.15,0.0,0.0,None,255.0,None,1.68,7.0,None,measurement,26.0,None,{'state': None},1.68,226.0
2022-06-08 09:47:37.955257+00:00,None,1.0,46.15,0.0072,power,46.15,0.0,0.0,None,255.0,None,1.64,7.0,None,measurement,26.0,None,{'state': None},1.68,226.0
2022-06-08 09:47:37.961925+00:00,None,1.0,46.15,0.0072,power,46.15,0.0,0.0,None,255.0,None,1.64,7.0,None,measurement,26.0,None,{'state': None},1.64,226.0
2022-06-08 09:54:42.987125+00:00,None,1.0,46.15,0.0069,power,46.15,0.0,0.0,None,255.0,None,1.56,7.0,None,measurement,26.0,None,{'state': None},1.64,226.0
2022-06-08 09:54:42.991221+00:00,None,1.0,46.15,0.0069,power,46.15,0.0,0.0,None,255.0,None,1.56,7.0,None,measurement,26.0,None,{'state': None},1.56,226.0
2022-06-08 10:01:27.849165+00:00,None,1.0,46.15,0.0072,power,46.15,0.0,0.0,None,247.0,None,1.58,7.0,None,measurement,26.0,None,{'state': None},1.56,219.0
2022-06-08 10:01:27.855200+00:00,None,1.0,46.15,0.0072,power,46.15,0.0,0.0,None,247.0,None,1.58,7.0,None,measurement,26.0,None,{'state': None},1.58,219.0
2022-06-08 10:07:05.090939+00:00,None,1.0,46.15,0.0072,power,46.15,0.0,0.0,None,255.0,None,1.57,7.0,None,measurement,26.0,None,{'state': None},1.58,219.0
2022-06-08 10:07:05.097827+00:00,None,1.0,46.15,0.0072,power,46.15,0.0,0.0,None,255.0,None,1.57,7.0,None,measurement,26.0,None,{'state': None},1.57,219.0
2022-06-08 10:12:34.101905+00:00,None,1.0,46.15,0.007,power,46.15,0.0,0.0,None,255.0,None,1.59,7.0,None,measurement,26.0,None,{'state': None},1.57,226.0
2022-06-08 10:12:34.105471+00:00,None,1.0,46.15,0.007,power,46.15,0.0,0.0,None,255.0,None,1.59,7.0,None,measurement,26.0,None,{'state': None},1.59,226.0
2022-06-08 10:20:02.725776+00:00,None,1.0,46.15,0.0077,power,46.15,0.0,0.0,None,255.0,None,1.73,7.0,None,measurement,26.0,None,{'state': None},1.59,226.0
2022-06-08 10:20:02.731314+00:00,None,1.0,46.15,0.0077,power,46.15,0.0,0.0,None,255.0,None,1.73,7.0,None,measurement,26.0,None,{'state': None},1.73,226.0
2022-06-08 10:27:02.447505+00:00,None,1.0,46.15,0.0072,power,46.15,0.0,0.0,None,255.0,None,1.63,7.0,None,measurement,26.0,None,{'state': None},1.73,226.0
2022-06-08 10:27:02.454032+00:00,None,1.0,46.15,0.0072,power,46.15,0.0,0.0,None,255.0,None,1.63,7.0,None,measurement,26.0,None,{'state': None},1.63,226.0
2022-06-08 10:34:17.645971+00:00,None,1.0,46.15,0.008,power,46.15,0.0,0.0,None,255.0,None,1.81,7.0,None,measurement,27.0,None,{'state': None},1.63,226.0
2022-06-08 10:34:17.654519+00:00,None,1.0,46.15,0.008,power,46.15,0.0,0.0,None,255.0,None,1.81,7.0,None,measurement,27.0,None,{'state': None},1.81,226.0
2022-06-08 10:40:21.786675+00:00,None,1.0,46.15,0.0069,power,46.15,0.0,0.0,None,255.0,None,1.56,7.0,None,measurement,26.0,None,{'state': None},1.81,226.0
2022-06-08 10:40:21.794301+00:00,None,1.0,46.15,0.0069,power,46.15,0.0,0.0,None,255.0,None,1.56,7.0,None,measurement,26.0,None,{'state': None},1.56,226.0
2022-06-08 10:48:05.498134+00:00,None,1.0,46.15,0.0075,power,46.15,0.0,0.0,None,255.0,None,1.69,7.0,None,measurement,27.0,None,{'state': None},1.56,226.0
2022-06-08 10:48:05.503410+00:00,None,1.0,46.15,0.0075,power,46.15,0.0,0.0,None,255.0,None,1.69,7.0,None,measurement,27.0,None,{'state': None},1.69,226.0
2022-06-08 10:56:07.712715+00:00,None,1.0,46.15,0.0073,power,46.15,0.0,0.0,None,215.0,None,1.65,7.0,None,measurement,27.0,None,{'state': None},1.69,226.0
2022-06-08 10:56:07.718139+00:00,None,1.0,46.15,0.0073,power,46.15,0.0,0.0,None,215.0,None,1.65,7.0,None,measurement,27.0,None,{'state': None},1.65,226.0
2022-06-08 11:01:26.079624+00:00,None,1.0,46.15,0.0079,power,46.15,0.0,0.0,None,255.0,None,1.72,7.0,None,measurement,27.0,None,{'state': None},1.65,219.0
2022-06-08 11:01:26.086878+00:00,None,1.0,46.15,0.0079,power,46.15,0.0,0.0,None,255.0,None,1.72,7.0,None,measurement,27.0,None,{'state': None},1.72,219.0
2022-06-08 11:07:14.762805+00:00,None,1.0,46.15,0.0072,power,46.15,0.0,0.0,None,255.0,None,1.62,7.0,None,measurement,26.0,None,{'state': None},1.72,226.0
2022-06-08 11:07:14.768338+00:00,None,1.0,46.15,0.0072,power,46.15,0.0,0.0,None,255.0,None,1.62,7.0,None,measurement,26.0,None,{'state': None},1.62,226.0
2022-06-08 11:14:22.332281+00:00,None,1.0,46.15,0.0076,power,46.15,0.0,0.0,None,255.0,None,1.73,7.0,None,measurement,27.0,None,{'state': None},1.62,226.0
2022-06-08 11:14:22.339692+00:00,None,1.0,46.15,0.0076,power,46.15,0.0,0.0,None,255.0,None,1.73,7.0,None,measurement,27.0,None,{'state': None},1.73,226.0
2022-06-08 11:21:00.943374+00:00,None,1.0,46.15,0.0073,power,46.15,0.0,0.0,None,255.0,None,1.65,7.0,None,measurement,27.0,None,{'state': None},1.73,226.0
2022-06-08 11:21:00.949459+00:00,None,1.0,46.15,0.0073,power,46.15,0.0,0.0,None,255.0,None,1.65,7.0,None,measurement,27.0,None,{'state': None},1.65,226.0
2022-06-08 11:26:28.488350+00:00,None,1.0,46.15,0.0071,power,46.15,0.0,0.0,None,255.0,None,1.61,7.0,None,measurement,27.0,None,{'state': None},1.65,226.0
2022-06-08 11:26:28.493930+00:00,None,1.0,46.15,0.0071,power,46.15,0.0,0.0,None,255.0,None,1.61,7.0,None,measurement,27.0,None,{'state': None},1.61,226.0
2022-06-08 11:31:43.319938+00:00,None,1.0,46.15,0.0069,power,46.15,0.0,0.0,None,255.0,None,1.57,7.0,None,measurement,27.0,None,{'state': None},1.61,226.0
2022-06-08 11:31:43.324733+00:00,None,1.0,46.15,0.0069,power,46.15,0.0,0.0,None,255.0,None,1.57,7.0,None,measurement,27.0,None,{'state': None},1.57,226.0
2022-06-08 11:39:05.976253+00:00,None,1.0,46.15,0.0076,power,46.15,0.0,0.0,None,255.0,None,1.72,7.0,None,measurement,27.0,None,{'state': None},1.57,226.0
2022-06-08 11:39:05.983318+00:00,None,1.0,46.15,0.0076,power,46.15,0.0,0.0,None,255.0,None,1.72,7.0,None,measurement,27.0,None,{'state': None},1.72,226.0
2022-06-08 11:46:47.180395+00:00,None,1.0,46.15,0.0071,power,46.15,0.0,0.0,None,255.0,None,1.6,7.0,None,measurement,27.0,None,{'state': None},1.72,226.0
2022-06-08 11:46:47.184940+00:00,None,1.0,46.15,0.0071,power,46.15,0.0,0.0,None,255.0,None,1.6,7.0,None,measurement,27.0,None,{'state': None},1.6,226.0
2022-06-08 11:52:57.385196+00:00,None,1.0,46.15,0.0075,power,46.15,0.0,0.0,None,255.0,None,1.7,7.0,None,measurement,27.0,None,{'state': None},1.6,226.0
2022-06-08 11:52:57.390671+00:00,None,1.0,46.15,0.0075,power,46.15,0.0,0.0,None,255.0,None,1.7,7.0,None,measurement,27.0,None,{'state': None},1.7,226.0
2022-06-08 12:00:39.107324+00:00,None,1.0,46.15,0.0075,power,46.15,0.0,0.0,None,255.0,None,1.69,7.0,None,measurement,27.0,None,{'state': None},1.7,226.0
2022-06-08 12:00:39.113730+00:00,None,1.0,46.15,0.0075,power,46.15,0.0,0.0,None,255.0,None,1.69,7.0,None,measurement,27.0,None,{'state': None},1.69,226.0
2022-06-08 12:06:28.622140+00:00,None,1.0,46.15,0.0068,power,46.15,0.0,0.0,None,255.0,None,1.53,7.0,None,measurement,27.0,None,{'state': None},1.69,226.0
2022-06-08 12:06:28.627535+00:00,None,1.0,46.15,0.0068,power,46.15,0.0,0.0,None,255.0,None,1.53,7.0,None,measurement,27.0,None,{'state': None},1.53,226.0
2022-06-08 12:11:43.257229+00:00,None,1.0,46.15,0.007,power,46.15,0.0,0.0,None,255.0,None,1.59,7.0,None,measurement,27.0,None,{'state': None},1.53,226.0
2022-06-08 12:11:43.261448+00:00,None,1.0,46.15,0.007,power,46.15,0.0,0.0,None,255.0,None,1.59,7.0,None,measurement,27.0,None,{'state': None},1.59,226.0
2022-06-08 12:19:07.347377+00:00,None,1.0,46.15,0.0072,power,46.15,0.0,0.0,None,255.0,None,1.63,7.0,None,measurement,27.0,None,{'state': None},1.59,226.0
2022-06-08 12:19:07.353629+00:00,None,1.0,46.15,0.0072,power,46.15,0.0,0.0,None,255.0,None,1.63,7.0,None,measurement,27.0,None,{'state': None},1.63,226.0
2022-06-08 12:24:57.071503+00:00,None,1.0,46.15,0.0071,power,46.15,0.0,0.0,None,255.0,None,1.61,7.0,None,measurement,27.0,None,{'state': None},1.63,226.0
2022-06-08 12:24:57.078287+00:00,None,1.0,46.15,0.0071,power,46.15,0.0,0.0,None,255.0,None,1.61,7.0,None,measurement,27.0,None,{'state': None},1.61,226.0
2022-06-08 12:30:57.053092+00:00,None,1.0,46.15,0.0069,power,46.15,0.0,0.0,None,255.0,None,1.55,7.0,None,measurement,27.0,None,{'state': None},1.61,226.0
2022-06-08 12:30:57.058055+00:00,None,1.0,46.15,0.0069,power,46.15,0.0,0.0,None,255.0,None,1.55,7.0,None,measurement,27.0,None,{'state': None},1.55,226.0
2022-06-08 12:36:51.007623+00:00,None,1.0,46.15,0.0071,power,46.15,0.0,0.0,None,255.0,None,1.61,7.0,None,measurement,27.0,None,{'state': None},1.55,226.0
2022-06-08 12:36:51.017302+00:00,None,1.0,46.15,0.0071,power,46.15,0.0,0.0,None,255.0,None,1.61,7.0,None,measurement,27.0,None,{'state': None},1.61,226.0
2022-06-08 12:42:21.090475+00:00,None,1.0,46.15,0.0072,power,46.15,0.0,0.0,None,255.0,None,1.62,7.0,None,measurement,27.0,None,{'state': None},1.61,226.0
2022-06-08 12:42:21.096513+00:00,None,1.0,46.15,0.0072,power,46.15,0.0,0.0,None,255.0,None,1.62,7.0,None,measurement,27.0,None,{'state': None},1.62,226.0
2022-06-08 12:48:26.015820+00:00,None,1.0,46.15,0.0069,power,46.15,0.0,0.0,None,255.0,None,1.55,7.0,None,measurement,27.0,None,{'state': None},1.62,226.0
2022-06-08 12:48:26.020985+00:00,None,1.0,46.15,0.0069,power,46.15,0.0,0.0,None,255.0,None,1.55,7.0,None,measurement,27.0,None,{'state': None},1.55,226.0
2022-06-08 12:53:41.359757+00:00,None,1.0,46.15,0.0076,power,46.15,0.0,0.0,None,255.0,None,1.71,7.0,None,measurement,27.0,None,{'state': None},1.55,226.0
2022-06-08 12:53:41.368083+00:00,None,1.0,46.15,0.0076,power,46.15,0.0,0.0,None,255.0,None,1.71,7.0,None,measurement,27.0,None,{'state': None},1.71,226.0
2022-06-08 13:00:50.925251+00:00,None,1.0,46.15,0.0073,power,46.15,0.0,0.0,None,255.0,None,1.64,7.0,None,measurement,27.0,None,{'state': None},1.71,226.0
2022-06-08 13:00:50.930546+00:00,None,1.0,46.15,0.0073,power,46.15,0.0,0.0,None,255.0,None,1.64,7.0,None,measurement,27.0,None,{'state': None},1.64,226.0
2022-06-08 13:07:51.627472+00:00,None,1.0,46.15,0.0074,power,46.15,0.0,0.0,None,255.0,None,1.68,7.0,None,measurement,27.0,None,{'state': None},1.64,226.0
2022-06-08 13:07:51.633037+00:00,None,1.0,46.15,0.0074,power,46.15,0.0,0.0,None,255.0,None,1.68,7.0,None,measurement,27.0,None,{'state': None},1.68,226.0
2022-06-08 13:13:11.595197+00:00,None,1.0,46.16,0.0074,power,46.16,0.0,0.0,None,255.0,None,1.67,7.0,None,measurement,27.0,None,{'state': None},1.68,226.0
2022-06-08 13:13:11.602463+00:00,None,1.0,46.16,0.0074,power,46.16,0.0,0.0,None,255.0,None,1.67,7.0,None,measurement,27.0,None,{'state': None},1.67,226.0
2022-06-08 13:18:57.595295+00:00,None,1.0,46.16,0.0072,power,46.16,0.0,0.0,None,255.0,None,1.62,7.0,None,measurement,27.0,None,{'state': None},1.67,226.0
2022-06-08 13:18:57.601171+00:00,None,1.0,46.16,0.0072,power,46.16,0.0,0.0,None,255.0,None,1.62,7.0,None,measurement,27.0,None,{'state': None},1.62,226.0
2022-06-08 13:31:45.892781+00:00,None,1.0,46.16,0.0072,power,46.16,0.0,0.0,None,255.0,None,1.64,7.0,None,measurement,27.0,None,{'state': None},1.62,226.0
2022-06-08 13:31:45.898869+00:00,None,1.0,46.16,0.0072,power,46.16,0.0,0.0,None,255.0,None,1.64,7.0,None,measurement,27.0,None,{'state': None},1.64,226.0
2022-06-08 13:38:52.731002+00:00,None,1.0,46.16,0.0071,power,46.16,0.0,0.0,None,255.0,None,1.6,7.0,None,measurement,27.0,None,{'state': None},1.64,226.0
2022-06-08 13:38:52.739305+00:00,None,1.0,46.16,0.0071,power,46.16,0.0,0.0,None,255.0,None,1.6,7.0,None,measurement,27.0,None,{'state': None},1.6,226.0
2022-06-08 13:40:43.388846+00:00,None,1.0,46.16,0.0071,power,46.16,0.0,0.0,None,255.0,None,55.33,7.0,None,measurement,27.0,None,{'state': None},1.6,226.0
2022-06-08 13:40:43.395344+00:00,None,1.0,46.16,0.0071,power,46.16,0.0,0.0,None,255.0,None,55.33,7.0,None,measurement,27.0,None,{'state': None},55.33,226.0
2022-06-08 13:41:03.556449+00:00,None,1.0,46.16,0.0071,power,46.16,0.0,0.0,None,255.0,None,49.8,7.0,None,measurement,27.0,None,{'state': None},55.33,226.0
2022-06-08 13:41:03.563884+00:00,None,1.0,46.16,0.0071,power,46.16,0.0,0.0,None,255.0,None,49.8,7.0,None,measurement,27.0,None,{'state': None},49.8,226.0
2022-06-08 13:41:13.623226+00:00,None,1.0,46.16,0.0071,power,46.16,0.0,0.0,None,255.0,None,61.87,7.0,None,measurement,27.0,None,{'state': None},49.8,226.0
2022-06-08 13:41:13.628395+00:00,None,1.0,46.16,0.0071,power,46.16,0.0,0.0,None,255.0,None,61.87,7.0,None,measurement,27.0,None,{'state': None},61.87,226.0
2022-06-08 13:45:42.601331+00:00,None,1.0,46.16,0.2738,power,46.16,0.0,0.0,None,255.0,None,61.87,7.0,None,measurement,27.0,None,{'state': None},61.87,226.0
2022-06-08 13:52:38.862610+00:00,None,1.0,46.17,0.2671,power,46.17,0.0,0.0,None,255.0,None,60.36,7.0,None,measurement,27.0,None,{'state': None},61.87,226.0
2022-06-08 13:52:38.868082+00:00,None,1.0,46.17,0.2671,power,46.17,0.0,0.0,None,255.0,None,60.36,7.0,None,measurement,27.0,None,{'state': None},60.36,226.0
2022-06-08 13:59:29.079850+00:00,None,1.0,46.17,0.2738,power,46.17,0.0,0.0,None,255.0,None,61.87,7.0,None,measurement,27.0,None,{'state': None},60.36,226.0
2022-06-08 13:59:29.085094+00:00,None,1.0,46.17,0.2738,power,46.17,0.0,0.0,None,255.0,None,61.87,7.0,None,measurement,27.0,None,{'state': None},61.87,226.0
2022-06-08 14:02:44.031116+00:00,None,1.0,46.17,0.2738,power,46.17,0.0,0.0,None,255.0,None,57.85,7.0,None,measurement,27.0,None,{'state': None},61.87,226.0
2022-06-08 14:02:44.038100+00:00,None,1.0,46.17,0.2738,power,46.17,0.0,0.0,None,255.0,None,57.85,7.0,None,measurement,27.0,None,{'state': None},57.85,226.0
2022-06-08 14:03:24.348896+00:00,None,1.0,46.17,0.2738,power,46.17,0.0,0.0,None,255.0,None,61.37,7.0,None,measurement,27.0,None,{'state': None},57.85,226.0
2022-06-08 14:03:24.355602+00:00,None,1.0,46.17,0.2738,power,46.17,0.0,0.0,None,255.0,None,61.37,7.0,None,measurement,27.0,None,{'state': None},61.37,226.0
2022-06-08 14:03:54.594899+00:00,None,1.0,46.17,0.2738,power,46.17,0.0,0.0,None,255.0,None,57.34,7.0,None,measurement,27.0,None,{'state': None},61.37,226.0
2022-06-08 14:03:54.601209+00:00,None,1.0,46.17,0.2738,power,46.17,0.0,0.0,None,255.0,None,57.34,7.0,None,measurement,27.0,None,{'state': None},57.34,226.0
2022-06-08 14:04:14.776702+00:00,None,1.0,46.17,0.2738,power,46.17,0.0,0.0,None,255.0,None,60.86,7.0,None,measurement,27.0,None,{'state': None},57.34,226.0
2022-06-08 14:04:14.782621+00:00,None,1.0,46.17,0.2738,power,46.17,0.0,0.0,None,255.0,None,60.86,7.0,None,measurement,27.0,None,{'state': None},60.86,226.0
2022-06-08 14:05:08.603438+00:00,None,1.0,46.18,0.2738,power,46.18,0.0,0.0,None,255.0,None,61.87,7.0,None,measurement,27.0,None,{'state': None},60.86,226.0
2022-06-08 14:05:08.609160+00:00,None,1.0,46.18,0.2738,power,46.18,0.0,0.0,None,255.0,None,61.87,7.0,None,measurement,27.0,None,{'state': None},61.87,226.0
2022-06-08 14:11:17.276623+00:00,None,1.0,46.19,0.2671,power,46.19,0.0,0.0,None,255.0,None,60.36,7.0,None,measurement,27.0,None,{'state': None},61.87,226.0
2022-06-08 14:11:17.282283+00:00,None,1.0,46.19,0.2671,power,46.19,0.0,0.0,None,255.0,None,60.36,7.0,None,measurement,27.0,None,{'state': None},60.36,226.0
2022-06-08 14:18:56.679357+00:00,None,1.0,46.19,0.2715,power,46.19,0.0,0.0,None,255.0,None,61.37,7.0,None,measurement,27.0,None,{'state': None},60.36,226.0
2022-06-08 14:18:56.684336+00:00,None,1.0,46.19,0.2715,power,46.19,0.0,0.0,None,255.0,None,61.37,7.0,None,measurement,27.0,None,{'state': None},61.37,226.0
2022-06-08 14:26:29.104287+00:00,None,1.0,46.2,0.2715,power,46.2,0.0,0.0,None,255.0,None,61.37,7.0,None,measurement,27.0,None,{'state': None},61.37,226.0
2022-06-08 14:31:49.888093+00:00,None,1.0,46.21,0.2649,power,46.21,0.0,0.0,None,255.0,None,59.86,7.0,None,measurement,28.0,None,{'state': None},61.37,226.0
2022-06-08 14:31:49.892885+00:00,None,1.0,46.21,0.2649,power,46.21,0.0,0.0,None,255.0,None,59.86,7.0,None,measurement,28.0,None,{'state': None},59.86,226.0
2022-06-08 14:37:16.824392+00:00,None,1.0,46.21,0.2671,power,46.21,0.0,0.0,None,255.0,None,60.36,7.0,None,measurement,28.0,None,{'state': None},59.86,226.0
2022-06-08 14:37:16.831108+00:00,None,1.0,46.21,0.2671,power,46.21,0.0,0.0,None,255.0,None,60.36,7.0,None,measurement,28.0,None,{'state': None},60.36,226.0
2022-06-08 14:42:23.179899+00:00,None,1.0,46.21,0.2671,power,46.21,0.0,0.0,None,255.0,None,54.32,7.0,None,measurement,28.0,None,{'state': None},60.36,226.0
2022-06-08 14:42:23.187124+00:00,None,1.0,46.21,0.2671,power,46.21,0.0,0.0,None,255.0,None,54.32,7.0,None,measurement,28.0,None,{'state': None},54.32,226.0
2022-06-08 14:42:33.240131+00:00,None,1.0,46.21,0.2671,power,46.21,0.0,0.0,None,255.0,None,61.87,7.0,None,measurement,28.0,None,{'state': None},54.32,226.0
2022-06-08 14:42:33.246405+00:00,None,1.0,46.21,0.2671,power,46.21,0.0,0.0,None,255.0,None,61.87,7.0,None,measurement,28.0,None,{'state': None},61.87,226.0
2022-06-08 14:43:10.267429+00:00,None,1.0,46.22,0.2738,power,46.22,0.0,0.0,None,255.0,None,61.87,7.0,None,measurement,28.0,None,{'state': None},61.87,226.0
2022-06-08 14:43:33.721131+00:00,None,1.0,46.22,0.2738,power,46.22,0.0,0.0,None,255.0,None,57.34,7.0,None,measurement,28.0,None,{'state': None},61.87,226.0
2022-06-08 14:43:33.728528+00:00,None,1.0,46.22,0.2738,power,46.22,0.0,0.0,None,255.0,None,57.34,7.0,None,measurement,28.0,None,{'state': None},57.34,226.0
2022-06-08 14:43:53.885225+00:00,None,1.0,46.22,0.2738,power,46.22,0.0,0.0,None,255.0,None,60.86,7.0,None,measurement,28.0,None,{'state': None},57.34,226.0
2022-06-08 14:43:53.888952+00:00,None,1.0,46.22,0.2738,power,46.22,0.0,0.0,None,255.0,None,60.86,7.0,None,measurement,28.0,None,{'state': None},60.86,226.0
2022-06-08 14:50:02.398028+00:00,None,1.0,46.23,0.2671,power,46.23,0.0,0.0,None,255.0,None,60.36,7.0,None,measurement,28.0,None,{'state': None},60.86,226.0
2022-06-08 14:50:02.401715+00:00,None,1.0,46.23,0.2671,power,46.23,0.0,0.0,None,255.0,None,60.36,7.0,None,measurement,28.0,None,{'state': None},60.36,226.0
2022-06-08 14:58:01.371893+00:00,None,1.0,46.23,0.2715,power,46.23,0.0,0.0,None,255.0,None,61.37,7.0,None,measurement,28.0,None,{'state': None},60.36,226.0
2022-06-08 14:58:01.378277+00:00,None,1.0,46.23,0.2715,power,46.23,0.0,0.0,None,255.0,None,61.37,7.0,None,measurement,28.0,None,{'state': None},61.37,226.0
2022-06-08 15:03:45.540642+00:00,None,1.0,46.24,0.2715,power,46.24,0.0,0.0,None,255.0,None,61.37,7.0,None,measurement,28.0,None,{'state': None},61.37,226.0
2022-06-08 15:04:54.077456+00:00,None,1.0,46.24,0.2715,power,46.24,0.0,0.0,None,255.0,None,52.81,7.0,None,measurement,28.0,None,{'state': None},61.37,226.0
2022-06-08 15:04:54.082148+00:00,None,1.0,46.24,0.2715,power,46.24,0.0,0.0,None,255.0,None,52.81,7.0,None,measurement,28.0,None,{'state': None},52.81,226.0
2022-06-08 15:05:07.775139+00:00,None,1.0,46.24,0.2715,power,46.24,0.0,0.0,None,255.0,None,10.7,7.0,None,measurement,28.0,None,{'state': None},52.81,226.0
2022-06-08 15:05:07.781334+00:00,None,1.0,46.24,0.2715,power,46.24,0.0,0.0,None,255.0,None,10.7,7.0,None,measurement,28.0,None,{'state': None},10.7,226.0
2022-06-08 15:05:53.754458+00:00,None,1.0,46.24,0.2715,power,46.24,0.0,0.0,None,255.0,None,0.93,7.0,None,measurement,28.0,None,{'state': None},10.7,226.0
2022-06-08 15:05:53.759914+00:00,None,1.0,46.24,0.2715,power,46.24,0.0,0.0,None,255.0,None,0.93,7.0,None,measurement,28.0,None,{'state': None},0.93,226.0
2022-06-08 15:09:42.095905+00:00,None,1.0,46.24,0.0037,power,46.24,0.0,0.0,None,255.0,None,0.84,7.0,None,measurement,28.0,None,{'state': None},0.93,226.0
2022-06-08 15:09:42.102550+00:00,None,1.0,46.24,0.0037,power,46.24,0.0,0.0,None,255.0,None,0.84,7.0,None,measurement,28.0,None,{'state': None},0.84,226.0
2022-06-08 15:16:27.463102+00:00,None,1.0,46.24,0.0042,power,46.24,0.0,0.0,None,255.0,None,0.95,7.0,None,measurement,28.0,None,{'state': None},0.84,226.0
2022-06-08 15:16:27.467878+00:00,None,1.0,46.24,0.0042,power,46.24,0.0,0.0,None,255.0,None,0.95,7.0,None,measurement,28.0,None,{'state': None},0.95,226.0
2022-06-08 15:22:24.041958+00:00,None,1.0,46.24,0.0039,power,46.24,0.0,0.0,None,255.0,None,0.88,7.0,None,measurement,27.0,None,{'state': None},0.95,226.0
2022-06-08 15:22:24.046810+00:00,None,1.0,46.24,0.0039,power,46.24,0.0,0.0,None,255.0,None,0.88,7.0,None,measurement,27.0,None,{'state': None},0.88,226.0
2022-06-08 15:27:39.276724+00:00,None,1.0,46.24,0.0028,power,46.24,0.0,0.0,None,239.0,None,0.64,7.0,None,measurement,27.0,None,{'state': None},0.88,226.0
2022-06-08 15:27:39.282432+00:00,None,1.0,46.24,0.0028,power,46.24,0.0,0.0,None,239.0,None,0.64,7.0,None,measurement,27.0,None,{'state': None},0.64,226.0
2022-06-08 15:34:59.131080+00:00,None,1.0,46.24,0.0041,power,46.24,0.0,0.0,None,255.0,None,0.92,7.0,None,measurement,27.0,None,{'state': None},0.64,226.0
2022-06-08 15:34:59.135585+00:00,None,1.0,46.24,0.0041,power,46.24,0.0,0.0,None,255.0,None,0.92,7.0,None,measurement,27.0,None,{'state': None},0.92,226.0
2022-06-08 15:40:51.863652+00:00,None,1.0,46.24,0.0039,power,46.24,0.0,0.0,None,255.0,None,0.87,7.0,None,measurement,27.0,None,{'state': None},0.92,226.0
2022-06-08 15:40:51.870156+00:00,None,1.0,46.24,0.0039,power,46.24,0.0,0.0,None,255.0,None,0.87,7.0,None,measurement,27.0,None,{'state': None},0.87,226.0
2022-06-08 15:48:06.666932+00:00,None,1.0,46.24,0.0027,power,46.24,0.0,0.0,None,255.0,None,0.61,7.0,None,measurement,27.0,None,{'state': None},0.87,226.0
2022-06-08 15:48:06.671362+00:00,None,1.0,46.24,0.0027,power,46.24,0.0,0.0,None,255.0,None,0.61,7.0,None,measurement,27.0,None,{'state': None},0.61,226.0
2022-06-08 15:54:53.965974+00:00,None,1.0,46.24,0.0032,power,46.24,0.0,0.0,None,255.0,None,0.72,7.0,None,measurement,27.0,None,{'state': None},0.61,226.0
2022-06-08 15:54:53.971678+00:00,None,1.0,46.24,0.0032,power,46.24,0.0,0.0,None,255.0,None,0.72,7.0,None,measurement,27.0,None,{'state': None},0.72,226.0
2022-06-08 16:01:27.131882+00:00,None,1.0,46.24,0.0028,power,46.24,0.0,0.0,None,255.0,None,0.63,7.0,None,measurement,27.0,None,{'state': None},0.72,226.0
2022-06-08 16:01:27.136171+00:00,None,1.0,46.24,0.0028,power,46.24,0.0,0.0,None,255.0,None,0.63,7.0,None,measurement,27.0,None,{'state': None},0.63,226.0
2022-06-08 16:09:07.361356+00:00,None,1.0,46.24,0.0029,power,46.24,0.0,0.0,None,255.0,None,0.65,7.0,None,measurement,27.0,None,{'state': None},0.63,226.0
2022-06-08 16:09:07.365006+00:00,None,1.0,46.24,0.0029,power,46.24,0.0,0.0,None,255.0,None,0.65,7.0,None,measurement,27.0,None,{'state': None},0.65,226.0
2022-06-08 16:15:21.568650+00:00,None,1.0,46.24,0.004,power,46.24,0.0,0.0,None,255.0,None,0.91,7.0,None,measurement,27.0,None,{'state': None},0.65,226.0
2022-06-08 16:15:21.575468+00:00,None,1.0,46.24,0.004,power,46.24,0.0,0.0,None,255.0,None,0.91,7.0,None,measurement,27.0,None,{'state': None},0.91,226.0
2022-06-08 16:22:00.983634+00:00,None,1.0,46.24,0.0037,power,46.24,0.0,0.0,None,255.0,None,0.84,7.0,None,measurement,27.0,None,{'state': None},0.91,226.0
2022-06-08 16:22:00.988389+00:00,None,1.0,46.24,0.0037,power,46.24,0.0,0.0,None,255.0,None,0.84,7.0,None,measurement,27.0,None,{'state': None},0.84,226.0
2022-06-08 16:27:44.544010+00:00,None,1.0,46.24,0.0027,power,46.24,0.0,0.0,None,255.0,None,0.6,7.0,None,measurement,27.0,None,{'state': None},0.84,226.0
2022-06-08 16:27:44.549705+00:00,None,1.0,46.24,0.0027,power,46.24,0.0,0.0,None,255.0,None,0.6,7.0,None,measurement,27.0,None,{'state': None},0.6,226.0
2022-06-08 16:33:05.521748+00:00,None,1.0,46.24,0.0025,power,46.24,0.0,0.0,None,255.0,None,0.58,7.0,None,measurement,27.0,None,{'state': None},0.6,226.0
2022-06-08 16:33:05.525820+00:00,None,1.0,46.24,0.0025,power,46.24,0.0,0.0,None,255.0,None,0.58,7.0,None,measurement,27.0,None,{'state': None},0.58,226.0
2022-06-08 16:40:15.927445+00:00,None,1.0,46.24,0.0029,power,46.24,0.0,0.0,None,255.0,None,0.66,7.0,None,measurement,27.0,None,{'state': None},0.58,226.0
2022-06-08 16:40:15.931606+00:00,None,1.0,46.24,0.0029,power,46.24,0.0,0.0,None,255.0,None,0.66,7.0,None,measurement,27.0,None,{'state': None},0.66,226.0
2022-06-08 16:46:03.236516+00:00,None,1.0,46.24,0.0026,power,46.24,0.0,0.0,None,255.0,None,0.59,7.0,None,measurement,27.0,None,{'state': None},0.66,226.0
2022-06-08 16:46:03.242160+00:00,None,1.0,46.24,0.0026,power,46.24,0.0,0.0,None,255.0,None,0.59,7.0,None,measurement,27.0,None,{'state': None},0.59,226.0
2022-06-08 16:51:27.636980+00:00,None,1.0,46.24,0.0023,power,46.24,0.0,0.0,None,255.0,None,0.52,7.0,None,measurement,27.0,None,{'state': None},0.59,226.0
2022-06-08 16:51:27.642969+00:00,None,1.0,46.24,0.0023,power,46.24,0.0,0.0,None,255.0,None,0.52,7.0,None,measurement,27.0,None,{'state': None},0.52,226.0
2022-06-08 16:57:20.791416+00:00,None,1.0,46.24,0.0036,power,46.24,0.0,0.0,None,255.0,None,0.81,7.0,None,measurement,27.0,None,{'state': None},0.52,226.0
2022-06-08 16:57:20.797424+00:00,None,1.0,46.24,0.0036,power,46.24,0.0,0.0,None,255.0,None,0.81,7.0,None,measurement,27.0,None,{'state': None},0.81,226.0
2022-06-08 17:04:35.212886+00:00,None,1.0,46.24,0.0026,power,46.24,0.0,0.0,None,255.0,None,0.58,7.0,None,measurement,27.0,None,{'state': None},0.81,226.0
2022-06-08 17:04:35.220700+00:00,None,1.0,46.24,0.0026,power,46.24,0.0,0.0,None,255.0,None,0.58,7.0,None,measurement,27.0,None,{'state': None},0.58,226.0
2022-06-08 17:12:34.750918+00:00,None,1.0,46.24,0.0025,power,46.24,0.0,0.0,None,255.0,None,0.56,7.0,None,measurement,27.0,None,{'state': None},0.58,226.0
2022-06-08 17:12:34.757623+00:00,None,1.0,46.24,0.0025,power,46.24,0.0,0.0,None,255.0,None,0.56,7.0,None,measurement,27.0,None,{'state': None},0.56,226.0
2022-06-08 17:20:06.016743+00:00,None,1.0,46.24,0.0026,power,46.24,0.0,0.0,None,255.0,None,0.58,7.0,None,measurement,27.0,None,{'state': None},0.56,226.0
2022-06-08 17:20:06.023102+00:00,None,1.0,46.24,0.0026,power,46.24,0.0,0.0,None,255.0,None,0.58,7.0,None,measurement,27.0,None,{'state': None},0.58,226.0
2022-06-08 17:26:37.475629+00:00,None,1.0,46.24,0.0027,power,46.24,0.0,0.0,None,255.0,None,0.61,7.0,None,measurement,27.0,None,{'state': None},0.58,226.0
2022-06-08 17:26:37.482777+00:00,None,1.0,46.24,0.0027,power,46.24,0.0,0.0,None,255.0,None,0.61,7.0,None,measurement,27.0,None,{'state': None},0.61,226.0
2022-06-08 17:34:14.163930+00:00,None,1.0,46.24,0.0039,power,46.24,0.0,0.0,None,255.0,None,0.89,7.0,None,measurement,27.0,None,{'state': None},0.61,226.0
2022-06-08 17:34:14.171649+00:00,None,1.0,46.24,0.0039,power,46.24,0.0,0.0,None,255.0,None,0.89,7.0,None,measurement,27.0,None,{'state': None},0.89,226.0
2022-06-08 17:39:40.913824+00:00,None,1.0,46.24,0.003,power,46.24,0.0,0.0,None,255.0,None,0.67,7.0,None,measurement,27.0,None,{'state': None},0.89,226.0
2022-06-08 17:39:40.920732+00:00,None,1.0,46.24,0.003,power,46.24,0.0,0.0,None,255.0,None,0.67,7.0,None,measurement,27.0,None,{'state': None},0.67,226.0
2022-06-08 17:45:44.127563+00:00,None,1.0,46.24,0.0027,power,46.24,0.0,0.0,None,255.0,None,0.61,7.0,None,measurement,27.0,None,{'state': None},0.67,226.0
2022-06-08 17:45:44.136598+00:00,None,1.0,46.24,0.0027,power,46.24,0.0,0.0,None,255.0,None,0.61,7.0,None,measurement,27.0,None,{'state': None},0.61,226.0
2022-06-08 17:52:07.105355+00:00,None,1.0,46.24,0.0025,power,46.24,0.0,0.0,None,255.0,None,0.56,7.0,None,measurement,27.0,None,{'state': None},0.61,226.0
2022-06-08 17:52:07.110336+00:00,None,1.0,46.24,0.0025,power,46.24,0.0,0.0,None,255.0,None,0.56,7.0,None,measurement,27.0,None,{'state': None},0.56,226.0
2022-06-08 17:59:24.843788+00:00,None,1.0,46.24,0.0027,power,46.24,0.0,0.0,None,255.0,None,0.61,7.0,None,measurement,27.0,None,{'state': None},0.56,226.0
2022-06-08 17:59:24.850834+00:00,None,1.0,46.24,0.0027,power,46.24,0.0,0.0,None,255.0,None,0.61,7.0,None,measurement,27.0,None,{'state': None},0.61,226.0
2022-06-08 18:05:34.812768+00:00,None,1.0,46.24,0.0031,power,46.24,0.0,0.0,None,255.0,None,0.7,7.0,None,measurement,27.0,None,{'state': None},0.61,226.0
2022-06-08 18:05:34.819527+00:00,None,1.0,46.24,0.0031,power,46.24,0.0,0.0,None,255.0,None,0.7,7.0,None,measurement,27.0,None,{'state': None},0.7,226.0
2022-06-08 18:11:03.265188+00:00,None,1.0,46.24,0.0034,power,46.24,0.0,0.0,None,255.0,None,0.77,7.0,None,measurement,27.0,None,{'state': None},0.7,226.0
2022-06-08 18:11:03.270673+00:00,None,1.0,46.24,0.0034,power,46.24,0.0,0.0,None,255.0,None,0.77,7.0,None,measurement,27.0,None,{'state': None},0.77,226.0
2022-06-08 18:18:43.462081+00:00,None,1.0,46.24,0.0029,power,46.24,0.0,0.0,None,255.0,None,0.65,7.0,None,measurement,27.0,None,{'state': None},0.77,226.0
2022-06-08 18:18:43.465896+00:00,None,1.0,46.24,0.0029,power,46.24,0.0,0.0,None,255.0,None,0.65,7.0,None,measurement,27.0,None,{'state': None},0.65,226.0
2022-06-08 18:31:39.920323+00:00,None,1.0,46.24,0.0026,power,46.24,0.0,0.0,None,255.0,None,0.59,7.0,None,measurement,27.0,None,{'state': None},0.65,226.0
2022-06-08 18:31:39.925761+00:00,None,1.0,46.24,0.0026,power,46.24,0.0,0.0,None,255.0,None,0.59,7.0,None,measurement,27.0,None,{'state': None},0.59,226.0
2022-06-08 18:39:12.673778+00:00,None,1.0,46.24,0.0041,power,46.24,0.0,0.0,None,255.0,None,0.93,7.0,None,measurement,27.0,None,{'state': None},0.59,226.0
2022-06-08 18:39:12.681934+00:00,None,1.0,46.24,0.0041,power,46.24,0.0,0.0,None,255.0,None,0.93,7.0,None,measurement,27.0,None,{'state': None},0.93,226.0
2022-06-08 18:44:49.897038+00:00,None,1.0,46.24,0.0029,power,46.24,0.0,0.0,None,255.0,None,0.66,7.0,None,measurement,27.0,None,{'state': None},0.93,226.0
2022-06-08 18:44:49.904418+00:00,None,1.0,46.24,0.0029,power,46.24,0.0,0.0,None,255.0,None,0.66,7.0,None,measurement,27.0,None,{'state': None},0.66,226.0
2022-06-08 18:51:00.981885+00:00,None,1.0,46.24,0.0039,power,46.24,0.0,0.0,None,255.0,None,0.88,7.0,None,measurement,27.0,None,{'state': None},0.66,226.0
2022-06-08 18:51:00.988235+00:00,None,1.0,46.24,0.0039,power,46.24,0.0,0.0,None,255.0,None,0.88,7.0,None,measurement,27.0,None,{'state': None},0.88,226.0
2022-06-08 18:58:55.730931+00:00,None,1.0,46.24,0.0027,power,46.24,0.0,0.0,None,255.0,None,0.62,7.0,None,measurement,27.0,None,{'state': None},0.88,226.0
2022-06-08 18:58:55.735985+00:00,None,1.0,46.24,0.0027,power,46.24,0.0,0.0,None,255.0,None,0.62,7.0,None,measurement,27.0,None,{'state': None},0.62,226.0
2022-06-08 19:06:37.540737+00:00,None,1.0,46.24,0.0028,power,46.24,0.0,0.0,None,255.0,None,0.63,7.0,None,measurement,27.0,None,{'state': None},0.62,226.0
2022-06-08 19:06:37.547329+00:00,None,1.0,46.24,0.0028,power,46.24,0.0,0.0,None,255.0,None,0.63,7.0,None,measurement,27.0,None,{'state': None},0.63,226.0
2022-06-08 19:13:11.419556+00:00,None,1.0,46.24,0.0027,power,46.24,0.0,0.0,None,255.0,None,0.61,7.0,None,measurement,27.0,None,{'state': None},0.63,226.0
2022-06-08 19:13:11.424094+00:00,None,1.0,46.24,0.0027,power,46.24,0.0,0.0,None,255.0,None,0.61,7.0,None,measurement,27.0,None,{'state': None},0.61,226.0
2022-06-08 19:18:32.202819+00:00,None,1.0,46.24,0.0039,power,46.24,0.0,0.0,None,255.0,None,0.87,7.0,None,measurement,27.0,None,{'state': None},0.61,226.0
2022-06-08 19:18:32.209806+00:00,None,1.0,46.24,0.0039,power,46.24,0.0,0.0,None,255.0,None,0.87,7.0,None,measurement,27.0,None,{'state': None},0.87,226.0
2022-06-08 19:25:45.612596+00:00,None,1.0,46.24,0.0028,power,46.24,0.0,0.0,None,255.0,None,0.6,7.0,None,measurement,27.0,None,{'state': None},0.87,219.0
2022-06-08 19:25:45.616551+00:00,None,1.0,46.24,0.0028,power,46.24,0.0,0.0,None,255.0,None,0.6,7.0,None,measurement,27.0,None,{'state': None},0.6,219.0
2022-06-08 19:32:12.314996+00:00,None,1.0,46.24,0.0032,power,46.24,0.0,0.0,None,255.0,None,0.69,7.0,None,measurement,27.0,None,{'state': None},0.6,219.0
2022-06-08 19:32:12.321310+00:00,None,1.0,46.24,0.0032,power,46.24,0.0,0.0,None,255.0,None,0.69,7.0,None,measurement,27.0,None,{'state': None},0.69,219.0
2022-06-08 19:37:53.683570+00:00,None,1.0,46.24,0.0027,power,46.24,0.0,0.0,None,255.0,None,0.62,7.0,None,measurement,27.0,None,{'state': None},0.69,226.0
2022-06-08 19:37:53.688489+00:00,None,1.0,46.24,0.0027,power,46.24,0.0,0.0,None,255.0,None,0.62,7.0,None,measurement,27.0,None,{'state': None},0.62,226.0
2022-06-08 19:44:09.918322+00:00,None,1.0,46.24,0.0027,power,46.24,0.0,0.0,None,255.0,None,0.6,7.0,None,measurement,27.0,None,{'state': None},0.62,226.0
2022-06-08 19:44:09.924685+00:00,None,1.0,46.24,0.0027,power,46.24,0.0,0.0,None,255.0,None,0.6,7.0,None,measurement,27.0,None,{'state': None},0.6,226.0
2022-06-08 19:49:37.748445+00:00,None,1.0,46.24,0.0028,power,46.24,0.0,0.0,None,255.0,None,0.64,7.0,None,measurement,27.0,None,{'state': None},0.6,226.0
2022-06-08 19:49:37.755968+00:00,None,1.0,46.24,0.0028,power,46.24,0.0,0.0,None,255.0,None,0.64,7.0,None,measurement,27.0,None,{'state': None},0.64,226.0
2022-06-08 19:56:52.246408+00:00,None,1.0,46.24,0.0027,power,46.24,0.0,0.0,None,255.0,None,0.62,7.0,None,measurement,27.0,None,{'state': None},0.64,226.0
2022-06-08 19:56:52.251721+00:00,None,1.0,46.24,0.0027,power,46.24,0.0,0.0,None,255.0,None,0.62,7.0,None,measurement,27.0,None,{'state': None},0.62,226.0
2022-06-08 20:04:08.552698+00:00,None,1.0,46.24,0.0024,power,46.24,0.0,0.0,None,255.0,None,0.54,7.0,None,measurement,27.0,None,{'state': None},0.62,226.0
2022-06-08 20:04:08.557925+00:00,None,1.0,46.24,0.0024,power,46.24,0.0,0.0,None,255.0,None,0.54,7.0,None,measurement,27.0,None,{'state': None},0.54,226.0
2022-06-08 20:10:56.756696+00:00,None,1.0,46.24,0.0035,power,46.24,0.0,0.0,None,255.0,None,0.8,7.0,None,measurement,27.0,None,{'state': None},0.54,226.0
2022-06-08 20:10:56.761839+00:00,None,1.0,46.24,0.0035,power,46.24,0.0,0.0,None,255.0,None,0.8,7.0,None,measurement,27.0,None,{'state': None},0.8,226.0
2022-06-08 20:17:17.031544+00:00,None,1.0,46.24,0.0034,power,46.24,0.0,0.0,None,255.0,None,0.77,7.0,None,measurement,27.0,None,{'state': None},0.8,226.0
2022-06-08 20:17:17.039242+00:00,None,1.0,46.24,0.0034,power,46.24,0.0,0.0,None,255.0,None,0.77,7.0,None,measurement,27.0,None,{'state': None},0.77,226.0
2022-06-08 20:23:08.455434+00:00,None,1.0,46.24,0.0026,power,46.24,0.0,0.0,None,255.0,None,0.59,7.0,None,measurement,27.0,None,{'state': None},0.77,226.0
2022-06-08 20:23:08.461101+00:00,None,1.0,46.24,0.0026,power,46.24,0.0,0.0,None,255.0,None,0.59,7.0,None,measurement,27.0,None,{'state': None},0.59,226.0
2022-06-08 20:29:05.348261+00:00,None,1.0,46.24,0.0028,power,46.24,0.0,0.0,None,255.0,None,0.63,7.0,None,measurement,27.0,None,{'state': None},0.59,226.0
2022-06-08 20:29:05.353795+00:00,None,1.0,46.24,0.0028,power,46.24,0.0,0.0,None,255.0,None,0.63,7.0,None,measurement,27.0,None,{'state': None},0.63,226.0
2022-06-08 20:36:22.472562+00:00,None,1.0,46.24,0.0025,power,46.24,0.0,0.0,None,255.0,None,0.56,7.0,None,measurement,27.0,None,{'state': None},0.63,226.0
2022-06-08 20:36:22.478709+00:00,None,1.0,46.24,0.0025,power,46.24,0.0,0.0,None,255.0,None,0.56,7.0,None,measurement,27.0,None,{'state': None},0.56,226.0
2022-06-08 20:43:37.990514+00:00,None,1.0,46.24,0.0027,power,46.24,0.0,0.0,None,255.0,None,0.61,7.0,None,measurement,27.0,None,{'state': None},0.56,226.0
2022-06-08 20:43:37.996634+00:00,None,1.0,46.24,0.0027,power,46.24,0.0,0.0,None,255.0,None,0.61,7.0,None,measurement,27.0,None,{'state': None},0.61,226.0
2022-06-08 20:51:12.530964+00:00,None,1.0,46.24,0.0036,power,46.24,0.0,0.0,None,255.0,None,0.82,7.0,None,measurement,27.0,None,{'state': None},0.61,226.0
2022-06-08 20:51:12.536435+00:00,None,1.0,46.24,0.0036,power,46.24,0.0,0.0,None,255.0,None,0.82,7.0,None,measurement,27.0,None,{'state': None},0.82,226.0
2022-06-08 20:56:36.549775+00:00,None,1.0,46.24,0.0032,power,46.24,0.0,0.0,None,255.0,None,0.72,7.0,None,measurement,27.0,None,{'state': None},0.82,226.0
2022-06-08 20:56:36.554260+00:00,None,1.0,46.24,0.0032,power,46.24,0.0,0.0,None,255.0,None,0.72,7.0,None,measurement,27.0,None,{'state': None},0.72,226.0
2022-06-08 20:57:09.590191+00:00,None,1.0,46.24,0.0032,power,46.24,0.0,0.0,None,255.0,None,60.36,7.0,None,measurement,27.0,None,{'state': None},0.72,226.0
2022-06-08 20:57:09.595515+00:00,None,1.0,46.24,0.0032,power,46.24,0.0,0.0,None,255.0,None,60.36,7.0,None,measurement,27.0,None,{'state': None},60.36,226.0
2022-06-08 20:57:31.779017+00:00,None,1.0,46.24,0.0032,power,46.24,0.0,0.0,None,255.0,None,55.33,7.0,None,measurement,27.0,None,{'state': None},60.36,226.0
2022-06-08 20:57:31.783797+00:00,None,1.0,46.24,0.0032,power,46.24,0.0,0.0,None,255.0,None,55.33,7.0,None,measurement,27.0,None,{'state': None},55.33,226.0
2022-06-08 21:02:14.056061+00:00,None,1.0,46.24,0.0032,power,46.24,0.0,0.0,None,255.0,None,59.35,7.0,None,measurement,27.0,None,{'state': None},55.33,226.0
2022-06-08 21:02:14.064894+00:00,None,1.0,46.24,0.0032,power,46.24,0.0,0.0,None,255.0,None,59.35,7.0,None,measurement,27.0,None,{'state': None},59.35,226.0
2022-06-08 21:04:25.432678+00:00,None,1.0,46.25,0.2626,power,46.25,0.0,0.0,None,255.0,None,59.35,7.0,None,measurement,27.0,None,{'state': None},59.35,226.0
2022-06-08 21:11:55.047724+00:00,None,1.0,46.26,0.2604,power,46.26,0.0,0.0,None,255.0,None,58.85,7.0,None,measurement,27.0,None,{'state': None},59.35,226.0
2022-06-08 21:11:55.053348+00:00,None,1.0,46.26,0.2604,power,46.26,0.0,0.0,None,255.0,None,58.85,7.0,None,measurement,27.0,None,{'state': None},58.85,226.0
2022-06-08 21:16:10.794072+00:00,None,1.0,46.26,0.2604,power,46.26,0.0,0.0,None,255.0,None,48.29,7.0,None,measurement,27.0,None,{'state': None},58.85,226.0
2022-06-08 21:16:10.800942+00:00,None,1.0,46.26,0.2604,power,46.26,0.0,0.0,None,255.0,None,48.29,7.0,None,measurement,27.0,None,{'state': None},48.29,226.0
2022-06-08 21:16:20.869130+00:00,None,1.0,46.26,0.2604,power,46.26,0.0,0.0,None,255.0,None,57.85,7.0,None,measurement,27.0,None,{'state': None},48.29,226.0
2022-06-08 21:16:20.877858+00:00,None,1.0,46.26,0.2604,power,46.26,0.0,0.0,None,255.0,None,57.85,7.0,None,measurement,27.0,None,{'state': None},57.85,226.0
2022-06-08 21:16:41.032162+00:00,None,1.0,46.26,0.2604,power,46.26,0.0,0.0,None,255.0,None,52.81,7.0,None,measurement,27.0,None,{'state': None},57.85,226.0
2022-06-08 21:16:41.038719+00:00,None,1.0,46.26,0.2604,power,46.26,0.0,0.0,None,255.0,None,52.81,7.0,None,measurement,27.0,None,{'state': None},52.81,226.0
2022-06-08 21:16:51.125303+00:00,None,1.0,46.26,0.2604,power,46.26,0.0,0.0,None,255.0,None,60.36,7.0,None,measurement,27.0,None,{'state': None},52.81,226.0
2022-06-08 21:16:51.133144+00:00,None,1.0,46.26,0.2604,power,46.26,0.0,0.0,None,255.0,None,60.36,7.0,None,measurement,27.0,None,{'state': None},60.36,226.0
2022-06-08 21:18:18.435840+00:00,None,1.0,46.26,0.2582,power,46.26,0.0,0.0,None,255.0,None,58.35,7.0,None,measurement,27.0,None,{'state': None},60.36,226.0
2022-06-08 21:18:18.443321+00:00,None,1.0,46.26,0.2582,power,46.26,0.0,0.0,None,255.0,None,58.35,7.0,None,measurement,27.0,None,{'state': None},58.35,226.0
2022-06-08 21:18:52.080257+00:00,None,1.0,46.26,0.2582,power,46.26,0.0,0.0,None,255.0,None,55.83,7.0,None,measurement,27.0,None,{'state': None},58.35,226.0
2022-06-08 21:18:52.085741+00:00,None,1.0,46.26,0.2582,power,46.26,0.0,0.0,None,255.0,None,55.83,7.0,None,measurement,27.0,None,{'state': None},55.83,226.0
2022-06-08 21:20:02.661964+00:00,None,1.0,46.26,0.2582,power,46.26,0.0,0.0,None,255.0,None,59.35,7.0,None,measurement,27.0,None,{'state': None},55.83,226.0
2022-06-08 21:20:02.667101+00:00,None,1.0,46.26,0.2582,power,46.26,0.0,0.0,None,255.0,None,59.35,7.0,None,measurement,27.0,None,{'state': None},59.35,226.0
2022-06-08 21:20:32.903503+00:00,None,1.0,46.26,0.2582,power,46.26,0.0,0.0,None,255.0,None,55.33,7.0,None,measurement,27.0,None,{'state': None},59.35,226.0
2022-06-08 21:20:32.910113+00:00,None,1.0,46.26,0.2582,power,46.26,0.0,0.0,None,255.0,None,55.33,7.0,None,measurement,27.0,None,{'state': None},55.33,226.0
2022-06-08 21:20:53.059844+00:00,None,1.0,46.26,0.2582,power,46.26,0.0,0.0,None,255.0,None,60.36,7.0,None,measurement,27.0,None,{'state': None},55.33,226.0
2022-06-08 21:20:53.066474+00:00,None,1.0,46.26,0.2582,power,46.26,0.0,0.0,None,255.0,None,60.36,7.0,None,measurement,27.0,None,{'state': None},60.36,226.0
2022-06-08 21:22:03.638619+00:00,None,1.0,46.26,0.2582,power,46.26,0.0,0.0,None,255.0,None,53.32,7.0,None,measurement,27.0,None,{'state': None},60.36,226.0
2022-06-08 21:22:03.644891+00:00,None,1.0,46.26,0.2582,power,46.26,0.0,0.0,None,255.0,None,53.32,7.0,None,measurement,27.0,None,{'state': None},53.32,226.0
2022-06-08 21:22:13.708848+00:00,None,1.0,46.26,0.2582,power,46.26,0.0,0.0,None,255.0,None,57.85,7.0,None,measurement,27.0,None,{'state': None},53.32,226.0
2022-06-08 21:22:13.714980+00:00,None,1.0,46.26,0.2582,power,46.26,0.0,0.0,None,255.0,None,57.85,7.0,None,measurement,27.0,None,{'state': None},57.85,226.0
2022-06-08 21:23:27.820880+00:00,None,1.0,46.27,0.2604,power,46.27,0.0,0.0,None,255.0,None,58.85,7.0,None,measurement,27.0,None,{'state': None},57.85,226.0
2022-06-08 21:23:27.830129+00:00,None,1.0,46.27,0.2604,power,46.27,0.0,0.0,None,255.0,None,58.85,7.0,None,measurement,27.0,None,{'state': None},58.85,226.0
2022-06-08 21:36:30.937039+00:00,None,1.0,46.28,0.2626,power,46.28,0.0,0.0,None,255.0,None,59.35,7.0,None,measurement,27.0,None,{'state': None},58.85,226.0
2022-06-08 21:36:30.943119+00:00,None,1.0,46.28,0.2626,power,46.28,0.0,0.0,None,255.0,None,59.35,7.0,None,measurement,27.0,None,{'state': None},59.35,226.0
2022-06-08 21:36:40.697668+00:00,None,1.0,46.28,0.2626,power,46.28,0.0,0.0,None,255.0,None,53.82,7.0,None,measurement,27.0,None,{'state': None},59.35,226.0
2022-06-08 21:36:40.705003+00:00,None,1.0,46.28,0.2626,power,46.28,0.0,0.0,None,255.0,None,53.82,7.0,None,measurement,27.0,None,{'state': None},53.82,226.0
2022-06-08 21:36:50.775622+00:00,None,1.0,46.28,0.2626,power,46.28,0.0,0.0,None,255.0,None,58.85,7.0,None,measurement,27.0,None,{'state': None},53.82,226.0
2022-06-08 21:36:50.782772+00:00,None,1.0,46.28,0.2626,power,46.28,0.0,0.0,None,255.0,None,58.85,7.0,None,measurement,27.0,None,{'state': None},58.85,226.0
2022-06-08 21:37:10.945181+00:00,None,1.0,46.28,0.2626,power,46.28,0.0,0.0,None,255.0,None,51.31,7.0,None,measurement,27.0,None,{'state': None},58.85,226.0
2022-06-08 21:37:10.953011+00:00,None,1.0,46.28,0.2626,power,46.28,0.0,0.0,None,255.0,None,51.31,7.0,None,measurement,27.0,None,{'state': None},51.31,226.0
2022-06-08 21:37:21.028843+00:00,None,1.0,46.28,0.2626,power,46.28,0.0,0.0,None,255.0,None,58.85,7.0,None,measurement,27.0,None,{'state': None},51.31,226.0
2022-06-08 21:37:21.035352+00:00,None,1.0,46.28,0.2626,power,46.28,0.0,0.0,None,255.0,None,58.85,7.0,None,measurement,27.0,None,{'state': None},58.85,226.0
2022-06-08 21:42:45.328598+00:00,None,1.0,46.28,0.2626,power,46.28,0.0,0.0,None,255.0,None,38.69,7.0,None,measurement,27.0,None,{'state': None},58.85,226.0
2022-06-08 21:42:45.333041+00:00,None,1.0,46.28,0.2626,power,46.28,0.0,0.0,None,255.0,None,38.69,7.0,None,measurement,27.0,None,{'state': None},38.69,226.0
2022-06-08 21:42:51.076825+00:00,None,1.0,46.28,0.2626,power,46.28,0.0,0.0,None,255.0,None,10.48,7.0,None,measurement,27.0,None,{'state': None},38.69,226.0
2022-06-08 21:42:51.082204+00:00,None,1.0,46.28,0.2626,power,46.28,0.0,0.0,None,255.0,None,10.48,7.0,None,measurement,27.0,None,{'state': None},10.48,226.0
2022-06-08 21:43:07.818348+00:00,None,1.0,46.29,0.0464,power,46.29,0.0,0.0,None,255.0,None,10.48,7.0,None,measurement,27.0,None,{'state': None},10.48,226.0
2022-06-08 21:43:27.264232+00:00,None,1.0,46.29,0.0464,power,46.29,0.0,0.0,None,255.0,None,1.02,7.0,None,measurement,27.0,None,{'state': None},10.48,226.0
2022-06-08 21:43:27.270087+00:00,None,1.0,46.29,0.0464,power,46.29,0.0,0.0,None,255.0,None,1.02,7.0,None,measurement,27.0,None,{'state': None},1.02,226.0
2022-06-08 21:50:11.025257+00:00,None,1.0,46.29,0.0028,power,46.29,0.0,0.0,None,255.0,None,0.64,7.0,None,measurement,27.0,None,{'state': None},1.02,226.0
2022-06-08 21:50:11.028783+00:00,None,1.0,46.29,0.0028,power,46.29,0.0,0.0,None,255.0,None,0.64,7.0,None,measurement,27.0,None,{'state': None},0.64,226.0
2022-06-08 21:57:56.380601+00:00,None,1.0,46.29,0.0028,power,46.29,0.0,0.0,None,255.0,None,0.63,7.0,None,measurement,27.0,None,{'state': None},0.64,226.0
2022-06-08 21:57:56.386546+00:00,None,1.0,46.29,0.0028,power,46.29,0.0,0.0,None,255.0,None,0.63,7.0,None,measurement,27.0,None,{'state': None},0.63,226.0
2022-06-08 22:03:46.027735+00:00,None,1.0,46.29,0.0025,power,46.29,0.0,0.0,None,255.0,None,0.57,7.0,None,measurement,27.0,None,{'state': None},0.63,226.0
2022-06-08 22:03:46.031537+00:00,None,1.0,46.29,0.0025,power,46.29,0.0,0.0,None,255.0,None,0.57,7.0,None,measurement,27.0,None,{'state': None},0.57,226.0
2022-06-08 22:09:11.227586+00:00,None,1.0,46.29,0.0035,power,46.29,0.0,0.0,None,255.0,None,0.78,7.0,None,measurement,27.0,None,{'state': None},0.57,226.0
2022-06-08 22:09:11.232726+00:00,None,1.0,46.29,0.0035,power,46.29,0.0,0.0,None,255.0,None,0.78,7.0,None,measurement,27.0,None,{'state': None},0.78,226.0
2022-06-08 22:16:56.395799+00:00,None,1.0,46.29,0.0027,power,46.29,0.0,0.0,None,255.0,None,0.62,7.0,None,measurement,27.0,None,{'state': None},0.78,226.0
2022-06-08 22:16:56.402013+00:00,None,1.0,46.29,0.0027,power,46.29,0.0,0.0,None,255.0,None,0.62,7.0,None,measurement,27.0,None,{'state': None},0.62,226.0
2022-06-08 22:24:07.056451+00:00,None,1.0,46.29,0.0026,power,46.29,0.0,0.0,None,255.0,None,0.59,7.0,None,measurement,27.0,None,{'state': None},0.62,226.0
2022-06-08 22:24:07.061729+00:00,None,1.0,46.29,0.0026,power,46.29,0.0,0.0,None,255.0,None,0.59,7.0,None,measurement,27.0,None,{'state': None},0.59,226.0
2022-06-08 22:30:34.974616+00:00,None,1.0,46.29,0.0025,power,46.29,0.0,0.0,None,255.0,None,0.57,7.0,None,measurement,27.0,None,{'state': None},0.59,226.0
2022-06-08 22:30:34.979303+00:00,None,1.0,46.29,0.0025,power,46.29,0.0,0.0,None,255.0,None,0.57,7.0,None,measurement,27.0,None,{'state': None},0.57,226.0
2022-06-08 22:37:24.180728+00:00,None,1.0,46.29,0.0034,power,46.29,0.0,0.0,None,255.0,None,0.77,7.0,None,measurement,27.0,None,{'state': None},0.57,226.0
2022-06-08 22:37:24.184746+00:00,None,1.0,46.29,0.0034,power,46.29,0.0,0.0,None,255.0,None,0.77,7.0,None,measurement,27.0,None,{'state': None},0.77,226.0
2022-06-08 22:43:52.212240+00:00,None,1.0,46.29,0.0027,power,46.29,0.0,0.0,None,255.0,None,0.61,7.0,None,measurement,27.0,None,{'state': None},0.77,226.0
2022-06-08 22:43:52.217929+00:00,None,1.0,46.29,0.0027,power,46.29,0.0,0.0,None,255.0,None,0.61,7.0,None,measurement,27.0,None,{'state': None},0.61,226.0
2022-06-08 22:49:36.492525+00:00,None,1.0,46.29,0.0026,power,46.29,0.0,0.0,None,255.0,None,0.6,7.0,None,measurement,27.0,None,{'state': None},0.61,226.0
2022-06-08 22:49:36.500364+00:00,None,1.0,46.29,0.0026,power,46.29,0.0,0.0,None,255.0,None,0.6,7.0,None,measurement,27.0,None,{'state': None},0.6,226.0
2022-06-08 22:55:34.688176+00:00,None,1.0,46.29,0.0036,power,46.29,0.0,0.0,None,255.0,None,0.81,7.0,None,measurement,27.0,None,{'state': None},0.6,226.0
2022-06-08 22:55:34.692933+00:00,None,1.0,46.29,0.0036,power,46.29,0.0,0.0,None,255.0,None,0.81,7.0,None,measurement,27.0,None,{'state': None},0.81,226.0
2022-06-08 23:01:31.668908+00:00,None,1.0,46.29,0.0039,power,46.29,0.0,0.0,None,255.0,None,0.87,7.0,None,measurement,27.0,None,{'state': None},0.81,226.0
2022-06-08 23:01:31.673441+00:00,None,1.0,46.29,0.0039,power,46.29,0.0,0.0,None,255.0,None,0.87,7.0,None,measurement,27.0,None,{'state': None},0.87,226.0
2022-06-08 23:08:10.985346+00:00,None,1.0,46.29,0.0036,power,46.29,0.0,0.0,None,255.0,None,0.81,7.0,None,measurement,27.0,None,{'state': None},0.87,226.0
2022-06-08 23:08:10.994249+00:00,None,1.0,46.29,0.0036,power,46.29,0.0,0.0,None,255.0,None,0.81,7.0,None,measurement,27.0,None,{'state': None},0.81,226.0
2022-06-08 23:15:32.023463+00:00,None,1.0,46.29,0.0037,power,46.29,0.0,0.0,None,255.0,None,0.84,7.0,None,measurement,27.0,None,{'state': None},0.81,226.0
2022-06-08 23:15:32.027160+00:00,None,1.0,46.29,0.0037,power,46.29,0.0,0.0,None,255.0,None,0.84,7.0,None,measurement,27.0,None,{'state': None},0.84,226.0
2022-06-08 23:22:52.183723+00:00,None,1.0,46.29,0.0028,power,46.29,0.0,0.0,None,255.0,None,0.63,7.0,None,measurement,27.0,None,{'state': None},0.84,226.0
2022-06-08 23:22:52.187342+00:00,None,1.0,46.29,0.0028,power,46.29,0.0,0.0,None,255.0,None,0.63,7.0,None,measurement,27.0,None,{'state': None},0.63,226.0
2022-06-08 23:28:48.259617+00:00,None,1.0,46.29,0.0025,power,46.29,0.0,0.0,None,255.0,None,0.56,7.0,None,measurement,27.0,None,{'state': None},0.63,226.0
2022-06-08 23:28:48.266271+00:00,None,1.0,46.29,0.0025,power,46.29,0.0,0.0,None,255.0,None,0.56,7.0,None,measurement,27.0,None,{'state': None},0.56,226.0
2022-06-08 23:34:48.159352+00:00,None,1.0,46.29,0.0025,power,46.29,0.0,0.0,None,255.0,None,0.57,7.0,None,measurement,27.0,None,{'state': None},0.56,226.0
2022-06-08 23:34:48.165178+00:00,None,1.0,46.29,0.0025,power,46.29,0.0,0.0,None,255.0,None,0.57,7.0,None,measurement,27.0,None,{'state': None},0.57,226.0
2022-06-08 23:41:36.069710+00:00,None,1.0,46.29,0.0027,power,46.29,0.0,0.0,None,255.0,None,0.61,7.0,None,measurement,27.0,None,{'state': None},0.57,226.0
2022-06-08 23:41:36.074745+00:00,None,1.0,46.29,0.0027,power,46.29,0.0,0.0,None,255.0,None,0.61,7.0,None,measurement,27.0,None,{'state': None},0.61,226.0
2022-06-08 23:49:34.014083+00:00,None,1.0,46.29,0.0024,power,46.29,0.0,0.0,None,255.0,None,0.55,7.0,None,measurement,27.0,None,{'state': None},0.61,226.0
2022-06-08 23:49:34.020933+00:00,None,1.0,46.29,0.0024,power,46.29,0.0,0.0,None,255.0,None,0.55,7.0,None,measurement,27.0,None,{'state': None},0.55,226.0
2022-06-08 23:55:01.236104+00:00,None,1.0,46.29,0.0026,power,46.29,0.0,0.0,None,255.0,None,0.6,7.0,None,measurement,26.0,None,{'state': None},0.55,226.0
2022-06-08 23:55:01.240305+00:00,None,1.0,46.29,0.0026,power,46.29,0.0,0.0,None,255.0,None,0.6,7.0,None,measurement,26.0,None,{'state': None},0.6,226.0
